DELETE FROM `areatrigger_template` WHERE `Id` IN (11353, 10991, 9805, 11721, 10205, 11781, 11420, 9228, 10470, 6870, 6094, 10529, 12120, 12676, 11513, 10202, 15101, 6211, 8089, 11203, 13122, 8352, 8382, 6197, 9448, 3319, 12724, 12929, 12678, 10466, 10133, 10916, 10947, 9645, 16201, 16259, 16260, 11368, 16725, 11556, 11496);
INSERT INTO `areatrigger_template` (`Id`, `Type`, `Flags`, `Data0`, `Data1`, `Data2`, `Data3`, `Data4`, `Data5`, `VerifiedBuild`) VALUES
(11353, 4, 0, 8, 8, 4, 4, 0.3, 0.3, 26365),
(10991, 4, 0, 3, 3, 6, 6, 0.3, 0.3, 26365),
(9805, 4, 0, 6, 6, 10, 10, 5, 5, 26365),
(11721, 0, 0, 1, 1, 0, 0, 0, 0, 26365),
(10205, 4, 0, 3, 3, 8, 8, 0.3, 0.3, 26365),
(11781, 0, 16, 3, 3, 0, 0, 0, 0, 26365),
(11420, 0, 4, 8, 8, 0, 0, 0, 0, 26365),
(9228, 0, 0, 8, 8, 0, 0, 0, 0, 26365),
(10470, 4, 0, 6, 6, 4, 4, 0.3, 0.3, 26365),
(6870, 4, 0, 2, 2, 6, 6, 0.3, 0.3, 26365),
(6094, 4, 0, 3, 3, 4, 4, 1, 1, 26365),
(10529, 0, 0, 3, 3, 0, 0, 0, 0, 26365),
(12120, 0, 0, 8, 8, 0, 0, 0, 0, 26365),
(12676, 0, 4, 10, 10, 0, 0, 0, 0, 26365),
(11513, 0, 0, 1, 1, 0, 0, 0, 0, 26365),
(10202, 0, 0, 30, 30, 0, 0, 0, 0, 26365),
(15101, 0, 0, 1, 1, 0, 0, 0, 0, 26365),
(6211, 0, 0, 8, 8, 0, 0, 0, 0, 26365),
(8089, 4, 0, 8, 8, 4, 4, 0.3, 0.3, 26365),
(11203, 0, 0, 8, 8, 0, 0, 0, 0, 26365),
(13122, 0, 0, 4, 4, 0, 0, 0, 0, 26365),
(8352, 0, 0, 8, 8, 0, 0, 0, 0, 26365),
(8382, 4, 0, 8, 8, 4, 4, 1, 1, 26365),
(6197, 0, 0, 4, 4, 0, 0, 0, 0, 26365),
(9448, 1, 0, 4, 4, 7.5, 4, 4, 7.5, 26365),
(3319, 0, 0, 3, 3, 0, 0, 0, 0, 26365),
(12724, 0, 0, 4.5, 4.5, 0, 0, 0, 0, 26365),
(12929, 0, 0, 8, 8, 0, 0, 0, 0, 26365),
(12678, 0, 0, 3, 3, 0, 0, 0, 0, 26365),
(10466, 0, 8, 3, 3, 0, 0, 0, 0, 26365),
(10133, 0, 0, 8, 8, 0, 0, 0, 0, 26365),
(10916, 0, 2, 0.2, 0.2, 0, 0, 0, 0, 26365),
(10947, 4, 4, 5, 5, 4, 4, 0.3, 0.3, 26365),
(9645, 4, 0, 6, 6, 2, 2, 0.3, 0.3, 26365),
(16201, 0, 0, 2.5, 2.5, 0, 0, 0, 0, 26365),
(16259, 0, 0, 2.5, 2.5, 0, 0, 0, 0, 26365),
(16260, 0, 0, 2.5, 2.5, 0, 0, 0, 0, 26365),
(11368, 4, 0, 8, 8, 4, 4, 1, 1, 26365),
(16725, 4, 0, 6, 6, 4, 4, 0.3, 0.3, 26365),
(11556, 0, 0, 7, 7, 0, 0, 0, 0, 26365),
(11496, 0, 0, 5, 5, 0, 0, 0, 0, 26365);


DELETE FROM `spell_areatrigger` WHERE (`AreaTriggerId`=11353) OR (`AreaTriggerId`=10991) OR (`AreaTriggerId`=9805) OR (`AreaTriggerId`=11721) OR (`AreaTriggerId`=10205) OR (`AreaTriggerId`=11781) OR (`AreaTriggerId`=11420) OR (`AreaTriggerId`=9228) OR (`AreaTriggerId`=10470) OR (`AreaTriggerId`=6870) OR (`AreaTriggerId`=6094) OR (`AreaTriggerId`=10529) OR (`AreaTriggerId`=12120) OR (`AreaTriggerId`=12676) OR (`AreaTriggerId`=11513) OR (`AreaTriggerId`=10202) OR (`AreaTriggerId`=15101) OR (`AreaTriggerId`=6211) OR (`AreaTriggerId`=8089) OR (`AreaTriggerId`=11203) OR (`AreaTriggerId`=13122) OR (`AreaTriggerId`=8352) OR (`AreaTriggerId`=8382) OR (`AreaTriggerId`=6197) OR (`AreaTriggerId`=9448) OR (`AreaTriggerId`=3319) OR (`AreaTriggerId`=12724) OR (`AreaTriggerId`=12929) OR (`AreaTriggerId`=12678) OR (`AreaTriggerId`=10466) OR (`AreaTriggerId`=10133) OR (`AreaTriggerId`=10916) OR (`AreaTriggerId`=10947) OR (`AreaTriggerId`=9645) OR (`AreaTriggerId`=16201) OR (`AreaTriggerId`=16259) OR (`AreaTriggerId`=16260) OR (`AreaTriggerId`=11368) OR (`AreaTriggerId`=16725) OR (`AreaTriggerId`=11556) OR (`AreaTriggerId`=11496);
INSERT INTO `spell_areatrigger` (`SpellMiscId`, `AreaTriggerId`, `MoveCurveId`, `ScaleCurveId`, `MorphCurveId`, `FacingCurveId`, `DecalPropertiesId`, `TimeToTarget`, `TimeToTargetScale`, `VerifiedBuild`) VALUES
(UNKNOWN, 11353, 0, 0, 0, 0, 0, 0, 6000, 26365), -- SpellId : 210797
(UNKNOWN, 10991, 0, 0, 0, 0, 0, 0, 6000, 26365), -- SpellId : 205532
(UNKNOWN, 9805, 0, 0, 0, 0, 0, 0, 15000, 26365), -- SpellId : 194278
(UNKNOWN, 11721, 0, 0, 0, 0, 0, 0, 60000, 26365), -- SpellId : 214501
(UNKNOWN, 10205, 0, 0, 0, 0, 0, 827, 3000, 26365), -- SpellId : 199121
(UNKNOWN, 11781, 0, 0, 0, 0, 0, 1251, 10000, 26365), -- SpellId : 215058
(UNKNOWN, 11420, 0, 0, 0, 0, 0, 0, 8000, 26365), -- SpellId : 196770
(UNKNOWN, 9228, 0, 0, 0, 0, 0, 0, 7851, 26365), -- SpellId : 26573
(UNKNOWN, 10470, 1700, 0, 0, 0, 0, 0, 2559, 26365), -- SpellId : 201467
(UNKNOWN, 6870, 0, 0, 0, 0, 0, 0, 60000, 26365), -- SpellId : 161642
(UNKNOWN, 6094, 0, 0, 0, 0, 0, 0, 60000, 26365), -- SpellId : 13813
(UNKNOWN, 10529, 0, 0, 0, 0, 0, 1250, 1250, 26365), -- SpellId : 202387
(UNKNOWN, 12120, 0, 0, 0, 0, 0, 0, 0, 26365), -- SpellId : 218927
(UNKNOWN, 12676, 0, 0, 0, 0, 0, 0, 0, 26365), -- SpellId : 192078
(UNKNOWN, 11513, 0, 0, 0, 0, 0, 0, 14000, 26365), -- SpellId : 212799
(UNKNOWN, 10202, 0, 0, 0, 0, 145, 0, 2800, 26365), -- SpellId : 239553
(UNKNOWN, 15101, 0, 0, 0, 0, 0, 0, 6000, 26365), -- SpellId : 240692
(UNKNOWN, 6211, 0, 0, 0, 0, 0, 0, 8000, 26365), -- SpellId : 175396
(UNKNOWN, 8089, 0, 0, 0, 0, 0, 0, 3000, 26365), -- SpellId : 177345
(UNKNOWN, 11203, 0, 0, 0, 0, 0, 0, 8000, 26365), -- SpellId : 196718
(UNKNOWN, 13122, 0, 0, 0, 0, 0, 0, 6000, 26365), -- SpellId : 230259
(UNKNOWN, 8352, 0, 0, 0, 0, 0, 0, 30000, 26365), -- SpellId : 209693
(UNKNOWN, 8382, 0, 0, 0, 0, 0, 0, 6000, 26365), -- SpellId : 61882
(UNKNOWN, 6197, 0, 0, 0, 0, 70, 0, 1000, 26365), -- SpellId : 224399
(UNKNOWN, 9448, 0, 0, 0, 0, 0, 1502, 10000, 26365), -- SpellId : 190778
(UNKNOWN, 3319, 0, 0, 0, 0, 0, 0, 30000, 26365), -- SpellId : 117032
(UNKNOWN, 12724, 0, 0, 0, 0, 0, 0, 30000, 26365), -- SpellId : 225858
(UNKNOWN, 12929, 0, 0, 0, 0, 0, 0, 30000, 26365), -- SpellId : 228537
(UNKNOWN, 12678, 0, 0, 0, 0, 0, 0, 20000, 26365), -- SpellId : 224194
(UNKNOWN, 10466, 1834, 0, 0, 0, 0, 2250, 2250, 26365), -- SpellId : 201610
(UNKNOWN, 10133, 0, 0, 0, 0, 0, 0, 6494, 26365), -- SpellId : 5740
(UNKNOWN, 10916, 0, 0, 0, 0, 84, 0, 3000, 26365), -- SpellId : 206399
(UNKNOWN, 10947, 0, 0, 0, 0, 0, 0, 0, 26365), -- SpellId : 206585
(UNKNOWN, 9645, 0, 0, 0, 0, 0, 0, 3000, 26365), -- SpellId : 192661
(UNKNOWN, 16201, 0, 0, 0, 0, 0, 0, 4000, 26365), -- SpellId : 251928
(UNKNOWN, 16259, 0, 0, 0, 0, 0, 0, 4000, 26365), -- SpellId : 252546
(UNKNOWN, 16260, 0, 0, 0, 0, 0, 0, 4000, 26365), -- SpellId : 252551
(UNKNOWN, 11368, 0, 0, 0, 0, 0, 0, 30000, 26365), -- SpellId : 211037
(UNKNOWN, 16725, 0, 0, 0, 0, 0, 0, 12000, 26365), -- SpellId : 256823
(UNKNOWN, 11556, 0, 0, 0, 0, 0, 0, 120000, 26365), -- SpellId : 213276
(UNKNOWN, 11496, 0, 0, 0, 0, 0, 0, 600000, 26365); -- SpellId : 212734


DELETE FROM `conversation_actors` WHERE (`ConversationId`=3030 AND `Idx`=0) OR (`ConversationId`=3031 AND `Idx`=0) OR (`ConversationId`=3232 AND `Idx`=0);
INSERT INTO `conversation_actors` (`ConversationId`, `ConversationActorId`, `Idx`, `VerifiedBuild`) VALUES
(3030, UNKNOWN, 0, 26365), -- Full: 0x203CC4BF406553800040EC000078D797 Creature/0 R3889/S16620 Map: 1530 Entry: 103758 Low: 7919511
(3031, UNKNOWN, 0, 26365), -- Full: 0x203CC4BF406553800040EC000078DB36 Creature/0 R3889/S16620 Map: 1530 Entry: 103758 Low: 7920438
(3232, UNKNOWN, 0, 26365); -- Full: 0x203CC4BF406553800040EC000078D797 Creature/0 R3889/S16620 Map: 1530 Entry: 103758 Low: 7919511


DELETE FROM `conversation_line_template` WHERE `Id` IN (6411, 6410, 6413, 6412, 6819, 8706, 6818, 6817, 6816);
INSERT INTO `conversation_line_template` (`Id`, `StartTime`, `UiCameraID`, `ActorIdx`, `Flags`, `VerifiedBuild`) VALUES
(6411, 6184, 693732103, 0, 0, 26365),
(6410, 0, 693732103, 0, 0, 26365),
(6413, 5804, 1065353216, 0, 0, 26365),
(6412, 0, 1065353216, 0, 0, 26365),
(6819, 27730, 39951, 0, 1, 26365),
(8706, 20023, 39951, 0, 0, 26365),
(6818, 13784, 39951, 0, 0, 26365),
(6817, 6955, 39951, 0, 0, 26365),
(6816, 0, 39951, 0, 1, 26365);


DELETE FROM `conversation_template` WHERE `Id` IN (3232, 3031, 3030);
INSERT INTO `conversation_template` (`Id`, `FirstLineID`, `LastLineEndTime`, `VerifiedBuild`) VALUES
(3232, 6816, 27730, 26365),
(3031, 6412, 10391, 26365),
(3030, 6410, 13593, 26365);


DELETE FROM `gameobject_template_addon` WHERE `entry` IN (253128 /*253128*/, 251833 /*251833*/, 251832 /*251832*/, 243403 /*243403*/);
INSERT INTO `gameobject_template_addon` (`entry`, `faction`, `flags`) VALUES
(253128, 0, 32), -- 253128
(251833, 1375, 48), -- 251833
(251832, 1375, 48), -- 251832
(243403, 1375, 0); -- 243403


INSERT INTO `hotfix_data` (`Id`, `TableHash`, `RecordId`, `Deleted`) VALUES
(12564, 3386943305, 35924, 1), -- CreatureDifficulty
(12563, 3386291891, 51735, 1), -- Creature
(12525, 3108775943, 56279, 1), -- PlayerCondition
(12524, 2120822102, 73073, 0), -- ModifierTree
(12523, 2120822102, 73072, 0), -- ModifierTree
(12517, 3108775943, 56278, 0), -- PlayerCondition
(12516, 331613093, 279282, 1); -- GameObjects

INSERT IGNORE INTO `weather_update` (`map_id`, `zone_id`, `weather_state`, `grade`, `unk`) VALUES
(1479, 0, 1, 0, 1); -- 1479 - Fog - 0

SET @CGUID := (SELECT max(guid) + 1 FROM creature);

DELETE FROM `creature` WHERE `guid` BETWEEN @CGUID+0 AND @CGUID+526;
INSERT INTO `creature` (`guid`, `id`, `map`, `zoneId`, `areaId`, `spawnDifficulties`, `PhaseId`, `PhaseGroup`, `modelid`, `equipment_id`, `position_x`, `position_y`, `position_z`, `orientation`, `spawntimesecs`, `spawndist`, `currentwaypoint`, `curhealth`, `curmana`, `MovementType`, `npcflag`, `unit_flags`, `dynamicflags`, `VerifiedBuild`) VALUES
(@CGUID+0, 93819, 1479, 0, 0, '0', '0', 0, 0, 0, 1107.887, 7234.073, 54.97818, 3.075214, 7200, 0, 0, 0, 0, 0, 0, 0, 0, 26365), -- 93819 (Area: -1 - Difficulty: 1)
(@CGUID+1, 93819, 1479, 0, 0, '0', '0', 0, 0, 0, 1110.443, 7213.999, 17.28479, 3.149208, 7200, 0, 0, 0, 0, 0, 0, 0, 0, 26365), -- 93819 (Area: -1 - Difficulty: 1)
(@CGUID+2, 113268, 1479, 0, 0, '0', '0', 0, 0, 0, 1027.262, 7158.849, 97.78458, 1.553507, 7200, 0, 0, 0, 0, 0, 0, 0, 0, 26365), -- 113268 (Area: -1 - Difficulty: 1)
(@CGUID+3, 93819, 1479, 0, 0, '0', '0', 0, 0, 0, 1124.51, 7222.31, 42.15336, 3.232374, 7200, 0, 0, 0, 0, 0, 0, 0, 0, 26365), -- 93819 (Area: -1 - Difficulty: 1)
(@CGUID+4, 93819, 1479, 0, 0, '0', '0', 0, 0, 0, 986.3903, 7220.474, 125.46, 0.09058039, 7200, 0, 0, 0, 0, 0, 0, 0, 0, 26365), -- 93819 (Area: -1 - Difficulty: 1)
(@CGUID+5, 93819, 1479, 0, 0, '0', '0', 0, 0, 0, 1065.42, 7306.094, 117.8158, 2.302904, 7200, 0, 0, 0, 0, 0, 0, 0, 0, 26365), -- 93819 (Area: -1 - Difficulty: 1)
(@CGUID+6, 93819, 1479, 0, 0, '0', '0', 0, 0, 0, 1008.429, 7313.006, 118.3853, 5.558952, 7200, 0, 0, 0, 0, 0, 0, 0, 0, 26365), -- 93819 (Area: -1 - Difficulty: 1)
-- (@CGUID+7, 32638, UNKNOWN, 0, 0, '0', '0', 0, 0, 0, 0, 0, 0, 0, 7200, 0, 0, 0, 0, 0, 0, 0, 0, 26365), -- 32638 (Area: -1 - Difficulty: 1) (Auras: 61424 - 61424) - !!! on transport - transport template not found !!!
(@CGUID+8, 93819, 1479, 0, 0, '0', '0', 0, 0, 0, 1110.443, 7213.999, 17.28479, 3.149208, 7200, 0, 0, 0, 0, 0, 0, 0, 0, 26365), -- 93819 (Area: -1 - Difficulty: 1)
(@CGUID+9, 93819, 1479, 0, 0, '0', '0', 0, 0, 0, 1107.887, 7234.073, 54.97818, 3.075214, 7200, 0, 0, 0, 0, 0, 0, 0, 0, 26365), -- 93819 (Area: -1 - Difficulty: 1)
(@CGUID+10, 93819, 1479, 0, 0, '0', '0', 0, 0, 0, 1124.51, 7222.31, 42.15336, 3.232374, 7200, 0, 0, 0, 0, 0, 0, 0, 0, 26365), -- 93819 (Area: -1 - Difficulty: 1)
(@CGUID+11, 93819, 1479, 0, 0, '0', '0', 0, 0, 0, 983.6234, 7220.237, 125.5782, 0.08137245, 7200, 0, 0, 0, 0, 0, 0, 0, 0, 26365), -- 93819 (Area: -1 - Difficulty: 1)
(@CGUID+12, 93819, 1479, 0, 0, '0', '0', 0, 0, 0, 1065.42, 7306.094, 117.8158, 2.302904, 7200, 0, 0, 0, 0, 0, 0, 0, 0, 26365), -- 93819 (Area: -1 - Difficulty: 1)
(@CGUID+13, 93819, 1479, 0, 0, '0', '0', 0, 0, 0, 1012.867, 7308.635, 118.0343, 5.477024, 7200, 0, 0, 0, 0, 0, 0, 0, 0, 26365), -- 93819 (Area: -1 - Difficulty: 1)
(@CGUID+14, 93819, 1479, 0, 0, '0', '0', 0, 0, 0, 1110.443, 7213.999, 17.28479, 3.149208, 7200, 0, 0, 0, 0, 0, 0, 0, 0, 26365), -- 93819 (Area: -1 - Difficulty: 1)
(@CGUID+15, 93819, 1479, 0, 0, '0', '0', 0, 0, 0, 1027.491, 7163.091, 108.063, 1.536638, 7200, 0, 0, 0, 0, 0, 0, 0, 0, 26365), -- 93819 (Area: -1 - Difficulty: 1)
(@CGUID+16, 93819, 1479, 0, 0, '0', '0', 0, 0, 0, 1107.887, 7234.073, 54.97818, 3.075214, 7200, 0, 0, 0, 0, 0, 0, 0, 0, 26365), -- 93819 (Area: -1 - Difficulty: 1)
(@CGUID+17, 93819, 1479, 0, 0, '0', '0', 0, 0, 0, 983.6307, 7220.237, 125.5778, 0.08141582, 7200, 0, 0, 0, 0, 0, 0, 0, 0, 26365), -- 93819 (Area: -1 - Difficulty: 1)
(@CGUID+18, 93819, 1479, 0, 0, '0', '0', 0, 0, 0, 1124.51, 7222.31, 42.15336, 3.232374, 7200, 0, 0, 0, 0, 0, 0, 0, 0, 26365), -- 93819 (Area: -1 - Difficulty: 1)
(@CGUID+19, 93819, 1479, 0, 0, '0', '0', 0, 0, 0, 1065.42, 7306.094, 117.8158, 2.302904, 7200, 0, 0, 0, 0, 0, 0, 0, 0, 26365), -- 93819 (Area: -1 - Difficulty: 1)
(@CGUID+20, 113128, 1530, 8025, 8025, '0', '0', 0, 0, 0, 489.1563, 3355.167, 59.93459, 5.981131, 7200, 10, 0, 0, 0, 1, 0, 0, 0, 26365), -- 113128 (Area: 8025 - Difficulty: 17) (possible waypoints or random movement)
(@CGUID+21, 113321, 1530, 8025, 8025, '0', '0', 0, 0, 0, 487.4657, 3355.254, 59.9067, 5.897136, 7200, 10, 0, 0, 0, 1, 0, 0, 0, 26365), -- 113321 (Area: 8025 - Difficulty: 17) (possible waypoints or random movement)
(@CGUID+22, 113321, 1530, 8025, 8025, '0', '0', 0, 0, 0, 487.4657, 3355.254, 59.9067, 5.897136, 7200, 10, 0, 0, 0, 1, 0, 0, 0, 26365), -- 113321 (Area: 8025 - Difficulty: 17) (possible waypoints or random movement)
(@CGUID+23, 113128, 1530, 8025, 8025, '0', '0', 0, 0, 0, 491.3799, 3361.347, 59.9067, 5.735534, 7200, 10, 0, 0, 0, 1, 0, 0, 0, 26365), -- 113128 (Area: 8025 - Difficulty: 17) (possible waypoints or random movement)
(@CGUID+24, 113321, 1530, 8025, 8025, '0', '0', 0, 0, 0, 487.4657, 3355.254, 59.9067, 5.897136, 7200, 10, 0, 0, 0, 1, 0, 0, 0, 26365), -- 113321 (Area: 8025 - Difficulty: 17) (possible waypoints or random movement)
(@CGUID+25, 112675, 1530, 8025, 8025, '0', '0', 0, 0, 0, 504.7848, 3412.623, 109.5067, 3.254038, 7200, 10, 0, 0, 0, 1, 0, 0, 0, 26365), -- 112675 (Area: 8025 - Difficulty: 17) (possible waypoints or random movement)
(@CGUID+26, 113321, 1530, 8025, 8025, '0', '0', 0, 0, 0, 507.5156, 3304.178, 59.98518, 0, 7200, 10, 0, 0, 0, 1, 0, 0, 0, 26365), -- 113321 (Area: 8025 - Difficulty: 17) (possible waypoints or random movement)
(@CGUID+27, 113605, 1530, 8025, 8025, '0', '0', 0, 0, 0, 404.7639, 3349.205, 59.98999, 4.450373, 7200, 10, 0, 0, 0, 1, 0, 0, 0, 26365), -- 113605 (Area: 8025 - Difficulty: 17) (Auras: 211064 - 211064) (possible waypoints or random movement)
(@CGUID+28, 113383, 1530, 8025, 8025, '0', '0', 0, 0, 0, 519.0521, 3311.931, 59.97278, 0, 7200, 0, 0, 0, 0, 0, 0, 0, 0, 26365), -- 113383 (Area: 8025 - Difficulty: 17) (Auras: )
(@CGUID+29, 113605, 1530, 8025, 8025, '0', '0', 0, 0, 0, 410.0278, 3347.346, 59.97212, 4.450373, 7200, 10, 0, 0, 0, 1, 0, 0, 0, 26365), -- 113605 (Area: 8025 - Difficulty: 17) (Auras: 211064 - 211064) (possible waypoints or random movement)
(@CGUID+30, 113608, 1530, 8025, 8025, '0', '0', 0, 0, 0, 406.0035, 3342.15, 59.9722, 4.638996, 7200, 10, 0, 0, 0, 1, 0, 0, 0, 26365), -- 113608 (Area: 8025 - Difficulty: 17) (Auras: 211064 - 211064) (possible waypoints or random movement)
(@CGUID+31, 112676, 1530, 8025, 8025, '0', '0', 0, 0, 0, 533.7726, 3387.147, 115.0983, 4.798041, 7200, 0, 0, 0, 0, 0, 0, 0, 0, 26365), -- 112676 (Area: 8025 - Difficulty: 17) (Auras: 160758 - 160758)
(@CGUID+32, 112671, 1530, 8025, 8025, '0', '0', 0, 0, 0, 537.5382, 3374.291, 115.1034, 1.180162, 7200, 0, 0, 0, 0, 0, 0, 0, 0, 26365), -- 112671 (Area: 8025 - Difficulty: 17) (Auras: )
(@CGUID+33, 112671, 1530, 8025, 8025, '0', '0', 0, 0, 0, 529.4739, 3387.432, 115.1, 6.197791, 7200, 0, 0, 0, 0, 0, 0, 0, 0, 26365), -- 112671 (Area: 8025 - Difficulty: 17) (Auras: )
(@CGUID+34, 112675, 1530, 8025, 8025, '0', '0', 0, 0, 0, 521.5764, 3390.901, 115.1042, 0.372523, 7200, 0, 0, 0, 0, 0, 0, 0, 0, 26365), -- 112675 (Area: 8025 - Difficulty: 17) (Auras: )
(@CGUID+35, 113321, 1530, 8025, 8025, '0', '0', 0, 0, 0, 413.1581, 3287.863, 59.9067, 3.444225, 7200, 0, 0, 0, 0, 0, 0, 0, 0, 26365), -- 113321 (Area: 8025 - Difficulty: 17) (Auras: )
(@CGUID+36, 112675, 1530, 8025, 8025, '0', '0', 0, 0, 0, 534.5347, 3382.746, 115.1, 1.681841, 7200, 0, 0, 0, 0, 0, 0, 0, 0, 26365), -- 112675 (Area: 8025 - Difficulty: 17) (Auras: )
(@CGUID+37, 110791, 1530, 8025, 8025, '0', '0', 0, 0, 0, 408.0104, 3345.175, 59.97261, 4.558779, 7200, 10, 0, 0, 0, 1, 0, 0, 0, 26365), -- 110791 (Area: 8025 - Difficulty: 17) (Auras: 211064 - 211064) (possible waypoints or random movement)
(@CGUID+38, 113608, 1530, 8025, 8025, '0', '0', 0, 0, 0, 411.934, 3343.925, 59.96732, 4.638996, 7200, 10, 0, 0, 0, 1, 0, 0, 0, 26365), -- 113608 (Area: 8025 - Difficulty: 17) (Auras: 211064 - 211064) (possible waypoints or random movement)
(@CGUID+39, 113605, 1530, 8025, 8025, '0', '0', 0, 0, 0, 406.9618, 3348.733, 59.97906, 4.450373, 7200, 10, 0, 0, 0, 1, 0, 0, 0, 26365), -- 113605 (Area: 8025 - Difficulty: 17) (Auras: 211064 - 211064) (possible waypoints or random movement)
(@CGUID+40, 113608, 1530, 8025, 8025, '0', '0', 0, 0, 0, 410.0174, 3341.784, 59.96734, 4.638996, 7200, 10, 0, 0, 0, 1, 0, 0, 0, 26365), -- 113608 (Area: 8025 - Difficulty: 17) (Auras: 211064 - 211064) (possible waypoints or random movement)
(@CGUID+41, 112804, 1530, 8025, 8025, '0', '0', 0, 0, 0, 537.0712, 3385.556, 114.1025, 5.905883, 7200, 0, 0, 0, 0, 0, 0, 0, 0, 26365), -- 112804 (Area: 8025 - Difficulty: 17) (Auras: )
(@CGUID+42, 113307, 1530, 8025, 8025, '0', '0', 0, 0, 0, 505.3185, 3417.612, 109.5067, 1.797268, 7200, 10, 0, 0, 0, 1, 0, 0, 0, 26365), -- 113307 (Area: 8025 - Difficulty: 17) (possible waypoints or random movement)
(@CGUID+43, 113608, 1530, 8025, 8025, '0', '0', 0, 0, 0, 404.2708, 3344.828, 59.97849, 4.638996, 7200, 10, 0, 0, 0, 1, 0, 0, 0, 26365), -- 113608 (Area: 8025 - Difficulty: 17) (Auras: 211064 - 211064) (possible waypoints or random movement)
(@CGUID+44, 112804, 1530, 8025, 8025, '0', '0', 0, 0, 0, 531.8924, 3390.382, 114.0629, 3.753449, 7200, 0, 0, 0, 0, 0, 0, 0, 0, 26365), -- 112804 (Area: 8025 - Difficulty: 17) (Auras: )
(@CGUID+45, 112671, 1530, 8025, 8025, '0', '0', 0, 0, 0, 505.8329, 3416.674, 109.5067, 4.24083, 7200, 10, 0, 0, 0, 1, 0, 0, 0, 26365), -- 112671 (Area: 8025 - Difficulty: 17) (possible waypoints or random movement)
(@CGUID+46, 113321, 1530, 8025, 8025, '0', '0', 0, 0, 0, 505.8385, 3317.264, 59.98534, 0, 7200, 10, 0, 0, 0, 1, 0, 0, 0, 26365), -- 113321 (Area: 8025 - Difficulty: 17) (possible waypoints or random movement)
(@CGUID+47, 113605, 1530, 8025, 8025, '0', '0', 0, 0, 0, 412.1979, 3348.05, 59.96956, 4.450373, 7200, 10, 0, 0, 0, 1, 0, 0, 0, 26365), -- 113605 (Area: 8025 - Difficulty: 17) (Auras: 211064 - 211064) (possible waypoints or random movement)
(@CGUID+48, 112671, 1530, 8025, 8025, '0', '0', 0, 0, 0, 502.3767, 3417.019, 109.5067, 3.096682, 7200, 10, 0, 0, 0, 1, 0, 0, 0, 26365), -- 112671 (Area: 8025 - Difficulty: 17) (possible waypoints or random movement)
(@CGUID+49, 113128, 1530, 8025, 8025, '0', '0', 0, 0, 0, 515.5538, 3299.639, 59.9676, 0, 7200, 10, 0, 0, 0, 1, 0, 0, 0, 26365), -- 113128 (Area: 8025 - Difficulty: 17) (possible waypoints or random movement)
(@CGUID+50, 112709, 1530, 8025, 8025, '0', '0', 0, 0, 0, 442.3802, 3309.09, 142.2031, 5.645847, 7200, 0, 0, 0, 0, 0, 0, 0, 0, 26365), -- 112709 (Area: 8025 - Difficulty: 17) (Auras: )
(@CGUID+51, 112709, 1530, 8025, 8025, '0', '0', 0, 0, 0, 446.3785, 3313.286, 142.2027, 5.782425, 7200, 0, 0, 0, 0, 0, 0, 0, 0, 26365), -- 112709 (Area: 8025 - Difficulty: 17) (Auras: )
(@CGUID+52, 112603, 1530, 8025, 8025, '0', '0', 0, 0, 0, 409.5573, 3360.883, 142.8789, 2.327995, 7200, 0, 0, 0, 0, 0, 0, 0, 0, 26365), -- 112603 (Area: 8025 - Difficulty: 17) (Auras: 188236 - 188236)
(@CGUID+53, 113321, 1530, 8025, 8025, '0', '0', 0, 0, 0, 423.7101, 3277.423, 59.98015, 5.335718, 7200, 0, 0, 0, 0, 0, 0, 0, 0, 26365), -- 113321 (Area: 8025 - Difficulty: 17) (Auras: )
(@CGUID+54, 113383, 1530, 8025, 8025, '0', '0', 0, 0, 0, 424.3559, 3274.715, 59.97963, 0, 7200, 0, 0, 0, 0, 0, 0, 0, 0, 26365), -- 113383 (Area: 8025 - Difficulty: 17) (Auras: )
(@CGUID+55, 112675, 1530, 8025, 8025, '0', '0', 0, 0, 0, 384.7847, 3385.108, 142.9874, 2.027557, 7200, 0, 0, 0, 0, 0, 0, 0, 0, 26365), -- 112675 (Area: 8025 - Difficulty: 17)
(@CGUID+56, 112603, 1530, 8025, 8025, '0', '0', 0, 0, 0, 403.8299, 3336.099, 142.0951, 3.412367, 7200, 0, 0, 0, 0, 0, 0, 0, 0, 26365), -- 112603 (Area: 8025 - Difficulty: 17) (Auras: 188236 - 188236)
(@CGUID+57, 113383, 1530, 8025, 8025, '0', '0', 0, 0, 0, 396.9549, 3286.486, 59.98125, 0, 7200, 0, 0, 0, 0, 0, 0, 0, 0, 26365), -- 113383 (Area: 8025 - Difficulty: 17) (Auras: )
(@CGUID+58, 112709, 1530, 8025, 8025, '0', '0', 0, 0, 0, 440.6198, 3305.931, 142.2045, 5.782425, 7200, 10, 0, 0, 0, 1, 0, 0, 0, 26365), -- 112709 (Area: 8025 - Difficulty: 17) (Auras: ) (possible waypoints or random movement)
(@CGUID+59, 112709, 1530, 8025, 8025, '0', '0', 0, 0, 0, 448.3889, 3316.512, 142.2025, 5.782425, 7200, 0, 0, 0, 0, 0, 0, 0, 0, 26365), -- 112709 (Area: 8025 - Difficulty: 17) (Auras: )
(@CGUID+60, 113321, 1530, 8025, 8025, '0', '0', 0, 0, 0, 411.1584, 3269.114, 59.90671, 3.249888, 7200, 0, 0, 0, 0, 0, 0, 0, 0, 26365), -- 113321 (Area: 8025 - Difficulty: 17) (Auras: )
(@CGUID+61, 112660, 1530, 8025, 8025, '0', '0', 0, 0, 0, 364.1892, 3420.478, 109.4497, 5.342509, 7200, 0, 0, 0, 0, 0, 0, 0, 0, 26365), -- 112660 (Area: 8025 - Difficulty: 17)
(@CGUID+62, 112709, 1530, 8025, 8025, '0', '0', 0, 0, 0, 450.6563, 3319.453, 142.2024, 5.782425, 7200, 0, 0, 0, 0, 0, 0, 0, 0, 26365), -- 112709 (Area: 8025 - Difficulty: 17) (Auras: )
(@CGUID+63, 113128, 1530, 8025, 8025, '0', '0', 0, 0, 0, 404.2886, 3281.44, 59.90671, 2.321667, 7200, 0, 0, 0, 0, 0, 0, 0, 0, 26365), -- 113128 (Area: 8025 - Difficulty: 17) (Auras: )
(@CGUID+64, 112709, 1530, 8025, 8025, '0', '0', 0, 0, 0, 448.6858, 3318.806, 142.2018, 5.245067, 7200, 0, 0, 0, 0, 0, 0, 0, 0, 26365), -- 112709 (Area: 8025 - Difficulty: 17) (Auras: )
(@CGUID+65, 113128, 1530, 8025, 8025, '0', '0', 0, 0, 0, 411.2555, 3278.785, 59.90671, 4.17932, 7200, 0, 0, 0, 0, 0, 0, 0, 0, 26365), -- 113128 (Area: 8025 - Difficulty: 17) (Auras: )
(@CGUID+66, 112660, 1530, 8025, 8025, '0', '0', 0, 0, 0, 365.5399, 3416.333, 109.4496, 6.121222, 7200, 0, 0, 0, 0, 0, 0, 0, 0, 26365), -- 112660 (Area: 8025 - Difficulty: 17)
(@CGUID+67, 112804, 1530, 8025, 8025, '0', '0', 0, 0, 0, 387.4219, 3390.662, 142.9874, 3.72026, 7200, 0, 0, 0, 0, 0, 0, 0, 0, 26365), -- 112804 (Area: 8025 - Difficulty: 17)
(@CGUID+68, 112709, 1530, 8025, 8025, '0', '0', 0, 0, 0, 446.5399, 3315.526, 142.2021, 5.370388, 7200, 0, 0, 0, 0, 0, 0, 0, 0, 26365), -- 112709 (Area: 8025 - Difficulty: 17) (Auras: )
(@CGUID+69, 112660, 1530, 8025, 8025, '0', '0', 0, 0, 0, 367.9496, 3413.983, 109.4496, 2.329644, 7200, 0, 0, 0, 0, 0, 0, 0, 0, 26365), -- 112660 (Area: 8025 - Difficulty: 17)
(@CGUID+70, 112709, 1530, 8025, 8025, '0', '0', 0, 0, 0, 442.2188, 3306.995, 142.2042, 5.782425, 7200, 10, 0, 0, 0, 1, 0, 0, 0, 26365), -- 112709 (Area: 8025 - Difficulty: 17) (Auras: ) (possible waypoints or random movement)
(@CGUID+71, 112709, 1530, 8025, 8025, '0', '0', 0, 0, 0, 444.4879, 3312.323, 142.2023, 5.503112, 7200, 10, 0, 0, 0, 1, 0, 0, 0, 26365), -- 112709 (Area: 8025 - Difficulty: 17) (Auras: ) (possible waypoints or random movement)
(@CGUID+72, 112660, 1530, 8025, 8025, '0', '0', 0, 0, 0, 368.8004, 3417.698, 109.4497, 4.144657, 7200, 0, 0, 0, 0, 0, 0, 0, 0, 26365), -- 112660 (Area: 8025 - Difficulty: 17)
(@CGUID+73, 112709, 1530, 8025, 8025, '0', '0', 0, 0, 0, 444.1024, 3310.191, 142.2029, 5.782425, 7200, 0, 0, 0, 0, 0, 0, 0, 0, 26365), -- 112709 (Area: 8025 - Difficulty: 17) (Auras: )
(@CGUID+74, 112676, 1530, 8025, 8025, '0', '0', 0, 0, 0, 563.9271, 3361.972, 109.4504, 4.6782, 7200, 0, 0, 0, 0, 0, 0, 0, 0, 26365), -- 112676 (Area: 8025 - Difficulty: 17) (Auras: 160758 - 160758)
(@CGUID+75, 112804, 1530, 8025, 8025, '0', '0', 0, 0, 0, 567.9045, 3364.992, 109.4504, 4.6782, 7200, 0, 0, 0, 0, 0, 0, 0, 0, 26365), -- 112804 (Area: 8025 - Difficulty: 17) (Auras: )
(@CGUID+76, 112671, 1530, 8025, 8025, '0', '0', 0, 0, 0, 566.7483, 3351.802, 109.4503, 1.849718, 7200, 0, 0, 0, 0, 0, 0, 0, 0, 26365), -- 112671 (Area: 8025 - Difficulty: 17) (Auras: )
(@CGUID+77, 112804, 1530, 8025, 8025, '0', '0', 0, 0, 0, 378.0418, 3347.428, 142.1368, 4.184939, 7200, 10, 0, 0, 0, 1, 0, 0, 0, 26365), -- 112804 (Area: 8025 - Difficulty: 17) (possible waypoints or random movement)
(@CGUID+78, 112671, 1530, 8025, 8025, '0', '0', 0, 0, 0, 380.1389, 3384.978, 142.9874, 1.186652, 7200, 0, 0, 0, 0, 0, 0, 0, 0, 26365), -- 112671 (Area: 8025 - Difficulty: 17)
(@CGUID+79, 112675, 1530, 8025, 8025, '0', '0', 0, 0, 0, 559.9219, 3353.283, 109.4503, 1.170167, 7200, 0, 0, 0, 0, 0, 0, 0, 0, 26365), -- 112675 (Area: 8025 - Difficulty: 17) (Auras: )
(@CGUID+80, 112603, 1530, 8025, 8025, '0', '0', 0, 0, 0, 404.6458, 3314.298, 142.9142, 3.744776, 7200, 0, 0, 0, 0, 0, 0, 0, 0, 26365), -- 112603 (Area: 8025 - Difficulty: 17) (Auras: 188236 - 188236)
(@CGUID+81, 112676, 1530, 8025, 8025, '0', '0', 0, 0, 0, 382.4097, 3389.641, 142.9874, 4.73911, 7200, 0, 0, 0, 0, 0, 0, 0, 0, 26365), -- 112676 (Area: 8025 - Difficulty: 17) (Auras: 160758 - 160758)
(@CGUID+82, 112804, 1530, 8025, 8025, '0', '0', 0, 0, 0, 375.283, 3391.1, 142.9874, 5.809658, 7200, 0, 0, 0, 0, 0, 0, 0, 0, 26365), -- 112804 (Area: 8025 - Difficulty: 17)
(@CGUID+83, 113321, 1530, 8025, 8025, '0', '0', 0, 0, 0, 420.2552, 3257.728, 59.90199, 5.420245, 7200, 0, 0, 0, 0, 0, 0, 0, 0, 26365), -- 113321 (Area: 8025 - Difficulty: 17) (Auras: )
(@CGUID+84, 112804, 1530, 8025, 8025, '0', '0', 0, 0, 0, 575.9132, 3389.188, 109.447, 3.797286, 7200, 0, 0, 0, 0, 0, 0, 0, 0, 26365), -- 112804 (Area: 8025 - Difficulty: 17) (Auras: )
(@CGUID+85, 113307, 1530, 8025, 8025, '0', '0', 0, 0, 0, 553.7829, 3422.199, 109.5067, 1.053935, 7200, 10, 0, 0, 0, 1, 0, 0, 0, 26365), -- 113307 (Area: 8025 - Difficulty: 17) (possible waypoints or random movement)
(@CGUID+86, 112660, 1530, 8025, 8025, '0', '0', 0, 0, 0, 372.0625, 3330.804, 142.0951, 6.099264, 7200, 0, 0, 0, 0, 0, 0, 0, 0, 26365), -- 112660 (Area: 8025 - Difficulty: 17)
(@CGUID+87, 112603, 1530, 8025, 8025, '0', '0', 0, 0, 0, 366.2674, 3356.632, 142.7827, 1.872591, 7200, 0, 0, 0, 0, 0, 0, 0, 0, 26365), -- 112603 (Area: 8025 - Difficulty: 17) (Auras: 188236 - 188236)
(@CGUID+88, 113307, 1530, 8025, 8025, '0', '0', 0, 0, 0, 564.3385, 3401.583, 109.5067, 4.181705, 7200, 10, 0, 0, 0, 1, 0, 0, 0, 26365), -- 113307 (Area: 8025 - Difficulty: 17) (Auras: ) (possible waypoints or random movement)
(@CGUID+89, 112660, 1530, 8025, 8025, '0', '0', 0, 0, 0, 374.4722, 3328.452, 142.0995, 1.821707, 7200, 0, 0, 0, 0, 0, 0, 0, 0, 26365), -- 112660 (Area: 8025 - Difficulty: 17)
(@CGUID+90, 112676, 1530, 8025, 8025, '0', '0', 0, 0, 0, 559.7413, 3409.253, 109.6467, 5.888321, 7200, 0, 0, 0, 0, 0, 0, 0, 0, 26365), -- 112676 (Area: 8025 - Difficulty: 17) (Auras: 160758 - 160758)
(@CGUID+91, 112675, 1530, 8025, 8025, '0', '0', 0, 0, 0, 396.9935, 3319.521, 142.1062, 0.6175188, 7200, 10, 0, 0, 0, 1, 0, 0, 0, 26365), -- 112675 (Area: 8025 - Difficulty: 17) (possible waypoints or random movement)
(@CGUID+92, 112603, 1530, 8025, 8025, '0', '0', 0, 0, 0, 384.026, 3320.228, 142.5865, 1.016561, 7200, 0, 0, 0, 0, 0, 0, 0, 0, 26365), -- 112603 (Area: 8025 - Difficulty: 17) (Auras: 188236 - 188236)
(@CGUID+93, 112660, 1530, 8025, 8025, '0', '0', 0, 0, 0, 375.3229, 3332.168, 142.0951, 4.041597, 7200, 0, 0, 0, 0, 0, 0, 0, 0, 26365), -- 112660 (Area: 8025 - Difficulty: 17)
(@CGUID+94, 112676, 1530, 8025, 8025, '0', '0', 0, 0, 0, 555.7344, 3410.269, 109.6467, 3.581301, 7200, 0, 0, 0, 0, 0, 0, 0, 0, 26365), -- 112676 (Area: 8025 - Difficulty: 17) (Auras: 160758 - 160758)
(@CGUID+95, 113383, 1530, 8025, 8025, '0', '0', 0, 0, 0, 517.0399, 3285.723, 59.97826, 0, 7200, 0, 0, 0, 0, 0, 0, 0, 0, 26365), -- 113383 (Area: 8025 - Difficulty: 17) (Auras: )
(@CGUID+96, 112676, 1530, 8025, 8025, '0', '0', 0, 0, 0, 558.934, 3413.361, 109.6467, 1.231464, 7200, 0, 0, 0, 0, 0, 0, 0, 0, 26365), -- 112676 (Area: 8025 - Difficulty: 17) (Auras: 160758 - 160758)
(@CGUID+97, 112804, 1530, 8025, 8025, '0', '0', 0, 0, 0, 559.5712, 3364.205, 109.4504, 4.6782, 7200, 0, 0, 0, 0, 0, 0, 0, 0, 26365), -- 112804 (Area: 8025 - Difficulty: 17) (Auras: )
(@CGUID+98, 112671, 1530, 8025, 8025, '0', '0', 0, 0, 0, 562.4739, 3298.175, 109.45, 4.6782, 7200, 0, 0, 0, 0, 0, 0, 0, 0, 26365), -- 112671 (Area: 8025 - Difficulty: 17) (Auras: )
(@CGUID+99, 113321, 1530, 8025, 8025, '0', '0', 0, 0, 0, 461.7448, 3242.042, 60.01169, 4.676984, 7200, 0, 0, 0, 0, 0, 0, 0, 0, 26365), -- 113321 (Area: 8025 - Difficulty: 17) (Auras: )
(@CGUID+100, 112675, 1530, 8025, 8025, '0', '0', 0, 0, 0, 582.4445, 3384.711, 109.4506, 2.58344, 7200, 0, 0, 0, 0, 0, 0, 0, 0, 26365), -- 112675 (Area: 8025 - Difficulty: 17) (Auras: )
(@CGUID+101, 113383, 1530, 8025, 8025, '0', '0', 0, 0, 0, 484.8142, 3250.031, 59.98251, 0, 7200, 0, 0, 0, 0, 0, 0, 0, 0, 26365), -- 113383 (Area: 8025 - Difficulty: 17)
(@CGUID+102, 112675, 1530, 8025, 8025, '0', '0', 0, 0, 0, 564.2639, 3294.6, 109.45, 4.6782, 7200, 0, 0, 0, 0, 0, 0, 0, 0, 26365), -- 112675 (Area: 8025 - Difficulty: 17) (Auras: )
(@CGUID+103, 112676, 1530, 8025, 8025, '0', '0', 0, 0, 0, 580.0695, 3389.245, 109.4506, 4.73911, 7200, 0, 0, 0, 0, 0, 0, 0, 0, 26365), -- 112676 (Area: 8025 - Difficulty: 17) (Auras: 160758 - 160758)
(@CGUID+104, 113383, 1530, 8025, 8025, '0', '0', 0, 0, 0, 420.7778, 3255.026, 59.93302, 0, 7200, 0, 0, 0, 0, 0, 0, 0, 0, 26365), -- 113383 (Area: 8025 - Difficulty: 17) (Auras: )
(@CGUID+105, 112671, 1530, 8025, 8025, '0', '0', 0, 0, 0, 454.7535, 3238.24, 60.89635, 1.458156, 7200, 0, 0, 0, 0, 0, 0, 0, 0, 26365), -- 112671 (Area: 8025 - Difficulty: 17) (Auras: )
(@CGUID+106, 113321, 1530, 8025, 8025, '0', '0', 0, 0, 0, 454.3681, 3240.626, 60.02796, 4.676984, 7200, 0, 0, 0, 0, 0, 0, 0, 0, 26365), -- 113321 (Area: 8025 - Difficulty: 17) (Auras: )
(@CGUID+107, 111221, 1530, 8025, 8025, '0', '0', 0, 0, 0, 427.7917, 3280.218, 142.0951, 2.71918, 7200, 0, 0, 0, 0, 0, 0, 0, 0, 26365), -- 111221 (Area: 8025 - Difficulty: 17)
(@CGUID+108, 112671, 1530, 8025, 8025, '0', '0', 0, 0, 0, 461.1996, 3238.615, 60.76167, 1.458156, 7200, 0, 0, 0, 0, 0, 0, 0, 0, 26365), -- 112671 (Area: 8025 - Difficulty: 17) (Auras: )
(@CGUID+109, 113383, 1530, 8025, 8025, '0', '0', 0, 0, 0, 440.3715, 3238.557, 60.97192, 0, 7200, 0, 0, 0, 0, 0, 0, 0, 0, 26365), -- 113383 (Area: 8025 - Difficulty: 17)
(@CGUID+110, 112660, 1530, 8025, 8025, '0', '0', 0, 0, 0, 343.5243, 3379.018, 142.9874, 5.936898, 7200, 0, 0, 0, 0, 0, 0, 0, 0, 26365), -- 112660 (Area: 8025 - Difficulty: 17)
(@CGUID+111, 112804, 1530, 8025, 8025, '0', '0', 0, 0, 0, 583.6702, 3392.519, 109.4506, 4.73911, 7200, 0, 0, 0, 0, 0, 0, 0, 0, 26365), -- 112804 (Area: 8025 - Difficulty: 17) (Auras: )
(@CGUID+112, 113383, 1530, 8025, 8025, '0', '0', 0, 0, 0, 471.5764, 3237.342, 60.97228, 0, 7200, 0, 0, 0, 0, 0, 0, 0, 0, 26365), -- 113383 (Area: 8025 - Difficulty: 17)
(@CGUID+113, 112675, 1530, 8025, 8025, '0', '0', 0, 0, 0, 464.5486, 3237.451, 60.9724, 1.458156, 7200, 0, 0, 0, 0, 0, 0, 0, 0, 26365), -- 112675 (Area: 8025 - Difficulty: 17) (Auras: )
(@CGUID+114, 112660, 1530, 8025, 8025, '0', '0', 0, 0, 0, 345.5208, 3376.309, 142.9874, 1.65934, 7200, 0, 0, 0, 0, 0, 0, 0, 0, 26365), -- 112660 (Area: 8025 - Difficulty: 17)
(@CGUID+115, 113383, 1530, 8025, 8025, '0', '0', 0, 0, 0, 444.3958, 3236.873, 60.97131, 0, 7200, 0, 0, 0, 0, 0, 0, 0, 0, 26365), -- 113383 (Area: 8025 - Difficulty: 17)
(@CGUID+116, 112660, 1530, 8025, 8025, '0', '0', 0, 0, 0, 346.9618, 3379.838, 142.9874, 3.879231, 7200, 0, 0, 0, 0, 0, 0, 0, 0, 26365), -- 112660 (Area: 8025 - Difficulty: 17)
(@CGUID+117, 113321, 1530, 8025, 8025, '0', '0', 0, 0, 0, 450.1476, 3240.683, 60.46651, 4.676984, 7200, 0, 0, 0, 0, 0, 0, 0, 0, 26365), -- 113321 (Area: 8025 - Difficulty: 17) (Auras: )
(@CGUID+118, 112660, 1530, 8025, 8025, '0', '0', 0, 0, 0, 576.6094, 3356.738, 110.937, 2.936255, 7200, 0, 0, 0, 0, 0, 0, 0, 0, 26365), -- 112660 (Area: 8025 - Difficulty: 17)
(@CGUID+119, 112671, 1530, 8025, 8025, '0', '0', 0, 0, 0, 577.7986, 3384.581, 109.4467, 0.5861202, 7200, 0, 0, 0, 0, 0, 0, 0, 0, 26365), -- 112671 (Area: 8025 - Difficulty: 17) (Auras: )
(@CGUID+120, 112675, 1530, 8025, 8025, '0', '0', 0, 0, 0, 450.9097, 3237.646, 60.97211, 1.458156, 7200, 0, 0, 0, 0, 0, 0, 0, 0, 26365), -- 112675 (Area: 8025 - Difficulty: 17) (Auras: )
(@CGUID+121, 112660, 1530, 8025, 8025, '0', '0', 0, 0, 0, 576.7899, 3360.052, 110.937, 3.134479, 7200, 0, 0, 0, 0, 0, 0, 0, 0, 26365), -- 112660 (Area: 8025 - Difficulty: 17)
(@CGUID+122, 112655, 1530, 8025, 8025, '0', '0', 0, 0, 0, 538.1111, 3264.595, 142.9874, 3.199466, 7200, 0, 0, 0, 0, 0, 0, 0, 0, 26365), -- 112655 (Area: 8025 - Difficulty: 17)
(@CGUID+123, 112804, 1530, 8025, 8025, '0', '0', 0, 0, 0, 476.0507, 3262.206, 142.5397, 3.348698, 7200, 10, 0, 0, 0, 1, 0, 0, 0, 26365), -- 112804 (Area: 8025 - Difficulty: 17) (possible waypoints or random movement)
(@CGUID+124, 112665, 1530, 8025, 8025, '0', '0', 0, 0, 0, 467.8519, 3246.342, 142.1102, 0.7766809, 7200, 10, 0, 0, 0, 1, 0, 0, 0, 26365), -- 112665 (Area: 8025 - Difficulty: 17) (possible waypoints or random movement)
(@CGUID+125, 112655, 1530, 8025, 8025, '0', '0', 0, 0, 0, 536.0972, 3242.496, 142.9874, 5.616794, 7200, 0, 0, 0, 0, 0, 0, 0, 0, 26365), -- 112655 (Area: 8025 - Difficulty: 17) (Auras: 224825 - 224825)
(@CGUID+126, 113321, 1530, 8025, 8025, '0', '0', 0, 0, 0, 516.8472, 3310.934, 59.96803, 0.983647, 7200, 0, 0, 0, 0, 0, 0, 0, 0, 26365), -- 113321 (Area: 8025 - Difficulty: 17)
(@CGUID+127, 112671, 1530, 8025, 8025, '0', '0', 0, 0, 0, 502.9045, 3429.362, 110.937, 4.895306, 7200, 0, 0, 0, 0, 0, 0, 0, 0, 26365), -- 112671 (Area: 8025 - Difficulty: 17)
(@CGUID+128, 112660, 1530, 8025, 8025, '0', '0', 0, 0, 0, 474.3837, 3225.234, 142.0951, 1.102242, 7200, 0, 0, 0, 0, 0, 0, 0, 0, 26365), -- 112660 (Area: 8025 - Difficulty: 17)
(@CGUID+129, 113307, 1530, 8025, 8025, '0', '0', 0, 0, 0, 572.2552, 3302.675, 109.4501, 4.6782, 7200, 0, 0, 0, 0, 0, 0, 0, 0, 26365), -- 113307 (Area: 8025 - Difficulty: 17) (Auras: )
(@CGUID+130, 112718, 1530, 8025, 8025, '0', '0', 0, 0, 0, 530.9167, 3269.095, 142.9874, 3.963229, 7200, 0, 0, 0, 0, 0, 0, 0, 0, 26365), -- 112718 (Area: 8025 - Difficulty: 17)
(@CGUID+131, 112660, 1530, 8025, 8025, '0', '0', 0, 0, 0, 476.0972, 3228.528, 142.0951, 4.221406, 7200, 0, 0, 0, 0, 0, 0, 0, 0, 26365), -- 112660 (Area: 8025 - Difficulty: 17)
(@CGUID+132, 112718, 1530, 8025, 8025, '0', '0', 0, 0, 0, 537.8611, 3260.609, 142.9874, 2.647254, 7200, 0, 0, 0, 0, 0, 0, 0, 0, 26365), -- 112718 (Area: 8025 - Difficulty: 17)
(@CGUID+133, 112675, 1530, 8025, 8025, '0', '0', 0, 0, 0, 508.5104, 3430.195, 110.937, 4.895306, 7200, 0, 0, 0, 0, 0, 0, 0, 0, 26365), -- 112675 (Area: 8025 - Difficulty: 17)
(@CGUID+134, 113383, 1530, 8025, 8025, '0', '0', 0, 0, 0, 476.2865, 3236.513, 60.97231, 0, 7200, 0, 0, 0, 0, 0, 0, 0, 0, 26365), -- 113383 (Area: 8025 - Difficulty: 17)
(@CGUID+135, 112638, 1530, 8025, 8025, '0', '0', 0, 0, 0, 534.9011, 3266.642, 142.9874, 5.257128, 7200, 0, 0, 0, 0, 0, 0, 0, 0, 26365), -- 112638 (Area: 8025 - Difficulty: 17)
(@CGUID+136, 112603, 1530, 8025, 8025, '0', '0', 0, 0, 0, 479.3351, 3235.758, 142.2072, 2.537066, 7200, 0, 0, 0, 0, 0, 0, 0, 0, 26365), -- 112603 (Area: 8025 - Difficulty: 17) (Auras: 188236 - 188236)
(@CGUID+137, 112804, 1530, 8025, 8025, '0', '0', 0, 0, 0, 457.4336, 3215.468, 142.1844, 0.8085665, 7200, 10, 0, 0, 0, 1, 0, 0, 0, 26365), -- 112804 (Area: 8025 - Difficulty: 17) (Auras: ) (possible waypoints or random movement)
(@CGUID+138, 113307, 1530, 8025, 8025, '0', '0', 0, 0, 0, 490.276, 3218.879, 142.1291, 1.224246, 7200, 10, 0, 0, 0, 1, 0, 0, 0, 26365), -- 113307 (Area: 8025 - Difficulty: 17) (possible waypoints or random movement)
(@CGUID+139, 112671, 1530, 8025, 8025, '0', '0', 0, 0, 0, 569.8837, 3295.595, 109.4501, 4.6782, 7200, 0, 0, 0, 0, 0, 0, 0, 0, 26365), -- 112671 (Area: 8025 - Difficulty: 17) (Auras: )
(@CGUID+140, 112675, 1530, 8025, 8025, '0', '0', 0, 0, 0, 326.2674, 3387.331, 148.866, 0.6008496, 7200, 0, 0, 0, 0, 0, 0, 0, 0, 26365), -- 112675 (Area: 8025 - Difficulty: 17) (Auras: )
(@CGUID+141, 112603, 1530, 8025, 8025, '0', '0', 0, 0, 0, 462.4792, 3252.619, 142.3913, 3.689929, 7200, 0, 0, 0, 0, 0, 0, 0, 0, 26365), -- 112603 (Area: 8025 - Difficulty: 17) (Auras: 188236 - 188236)
(@CGUID+142, 111587, 1530, 8025, 8025, '0', '0', 0, 0, 0, 541.6268, 3237.193, 142.9874, 3.126508, 7200, 0, 0, 0, 0, 0, 0, 0, 0, 26365), -- 111587 (Area: 8025 - Difficulty: 17) (Auras: )
(@CGUID+143, 112655, 1530, 8025, 8025, '0', '0', 0, 0, 0, 535.0035, 3254.728, 142.9874, 3.299041, 7200, 0, 0, 0, 0, 0, 0, 0, 0, 26365), -- 112655 (Area: 8025 - Difficulty: 17)
(@CGUID+144, 112603, 1530, 8025, 8025, '0', '0', 0, 0, 0, 433.5504, 3167.04, 142.3391, 4.623832, 7200, 0, 0, 0, 0, 0, 0, 0, 0, 26365), -- 112603 (Area: 8025 - Difficulty: 17) (Auras: 188236 - 188236)
(@CGUID+145, 112603, 1530, 8025, 8025, '0', '0', 0, 0, 0, 478.3438, 3210.608, 142.2878, 6.13833, 7200, 0, 0, 0, 0, 0, 0, 0, 0, 26365), -- 112603 (Area: 8025 - Difficulty: 17) (Auras: 188236 - 188236)
(@CGUID+146, 104881, 1530, 8025, 8025, '0', '0', 0, 0, 0, 383.9099, 3200.294, 142.1326, 5.46972, 7200, 0, 0, 0, 0, 0, 0, 0, 0, 26365), -- 104881 (Area: 8025 - Difficulty: 17) (Auras: )
(@CGUID+147, 112660, 1530, 8025, 8025, '0', '0', 0, 0, 0, 587.2239, 3247.964, 106.9714, 3.807931, 7200, 0, 0, 0, 0, 0, 0, 0, 0, 26365), -- 112660 (Area: 8025 - Difficulty: 17)
(@CGUID+148, 112660, 1530, 8025, 8025, '0', '0', 0, 0, 0, 588.309, 3245.647, 106.9713, 3.644359, 7200, 0, 0, 0, 0, 0, 0, 0, 0, 26365), -- 112660 (Area: 8025 - Difficulty: 17)
(@CGUID+149, 112603, 1530, 8025, 8025, '0', '0', 0, 0, 0, 267.6875, 3244.163, 142.0951, 1.040404, 7200, 0, 0, 0, 0, 0, 0, 0, 0, 26365), -- 112603 (Area: 8025 - Difficulty: 17) (Auras: 188236 - 188236)
(@CGUID+150, 112603, 1530, 8025, 8025, '0', '0', 0, 0, 0, 279.3021, 3243.443, 142.0951, 2.119103, 7200, 0, 0, 0, 0, 0, 0, 0, 0, 26365), -- 112603 (Area: 8025 - Difficulty: 17) (Auras: 188236 - 188236)
(@CGUID+151, 112603, 1530, 8025, 8025, '0', '0', 0, 0, 0, 278.6371, 3262.08, 142.0951, 4.133325, 7200, 0, 0, 0, 0, 0, 0, 0, 0, 26365), -- 112603 (Area: 8025 - Difficulty: 17) (Auras: 188236 - 188236)
(@CGUID+152, 112603, 1530, 8025, 8025, '0', '0', 0, 0, 0, 266.5, 3262.427, 142.0951, 5.398231, 7200, 0, 0, 0, 0, 0, 0, 0, 0, 26365), -- 112603 (Area: 8025 - Difficulty: 17) (Auras: 188236 - 188236)
(@CGUID+153, 112603, 1530, 8025, 8025, '0', '0', 0, 0, 0, 378.0052, 3163.944, 142.1543, 4.743952, 7200, 0, 0, 0, 0, 0, 0, 0, 0, 26365), -- 112603 (Area: 8025 - Difficulty: 17) (Auras: 188236 - 188236)
(@CGUID+154, 112803, 1530, 8025, 8025, '0', '0', 0, 0, 0, 497.3403, 3145.609, 148.8522, 2.316893, 7200, 10, 0, 0, 0, 1, 0, 0, 0, 26365), -- 112803 (Area: 8025 - Difficulty: 17) (Auras: 224655 - 224655) (possible waypoints or random movement)
(@CGUID+155, 112603, 1530, 8025, 8025, '0', '0', 0, 0, 0, 420.5382, 3173.779, 142.0951, 5.077163, 7200, 0, 0, 0, 0, 0, 0, 0, 0, 26365), -- 112603 (Area: 8025 - Difficulty: 17) (Auras: 188236 - 188236)
(@CGUID+156, 112655, 1530, 8025, 8025, '0', '0', 0, 0, 0, 536.0121, 3232.228, 142.9874, 1.093002, 7200, 0, 0, 0, 0, 0, 0, 0, 0, 26365), -- 112655 (Area: 8025 - Difficulty: 17) (Auras: 224825 - 224825)
(@CGUID+157, 112603, 1530, 8025, 8025, '0', '0', 0, 0, 0, 321.0695, 3235.386, 142.1258, 6.005883, 7200, 0, 0, 0, 0, 0, 0, 0, 0, 26365), -- 112603 (Area: 8025 - Difficulty: 17) (Auras: 188236 - 188236)
(@CGUID+158, 112603, 1530, 8025, 8025, '0', '0', 0, 0, 0, 243.4809, 3230.248, 142.5312, 3.804245, 7200, 0, 0, 0, 0, 0, 0, 0, 0, 26365), -- 112603 (Area: 8025 - Difficulty: 17) (Auras: 188236 - 188236)
(@CGUID+159, 112603, 1530, 8025, 8025, '0', '0', 0, 0, 0, 227.8177, 3257.238, 142.398, 3.742157, 7200, 0, 0, 0, 0, 0, 0, 0, 0, 26365), -- 112603 (Area: 8025 - Difficulty: 17) (Auras: 188236 - 188236)
(@CGUID+160, 103758, 1530, 8025, 8025, '0', '0', 0, 0, 0, 607.7674, 3187.991, 196.6637, 0.681235, 7200, 0, 0, 0, 0, 0, 0, 0, 0, 26365), -- 103758 (Area: 8025 - Difficulty: 17) (Auras: 232550 - 232550)
(@CGUID+161, 68553, 1530, 8025, 8025, '0', '0', 0, 0, 0, 715.816, 2969.442, 127.8349, 1.761456, 7200, 0, 0, 0, 0, 0, 0, 0, 0, 26365), -- 68553 (Area: 8025 - Difficulty: 17) (Auras: )
(@CGUID+162, 92879, 1530, 8025, 8025, '0', '0', 0, 0, 0, 127.3021, 3255.496, -207.1448, 2.347122, 7200, 0, 0, 0, 0, 0, 0, 0, 0, 26365), -- 92879 (Area: 8025 - Difficulty: 17)
(@CGUID+163, 113383, 1530, 8025, 8025, '0', '0', 0, 0, 0, 494.8073, 3281.438, 59.98539, 0, 7200, 0, 0, 0, 0, 0, 0, 0, 0, 26365), -- 113383 (Area: 8025 - Difficulty: 17) (Auras: )
(@CGUID+164, 112671, 1530, 8025, 8025, '0', '0', 0, 0, 0, 531.0625, 3434.353, 109.4506, 6.255309, 7200, 0, 0, 0, 0, 0, 0, 0, 0, 26365), -- 112671 (Area: 8025 - Difficulty: 17)
(@CGUID+165, 113321, 1530, 8025, 8025, '0', '0', 0, 0, 0, 524.873, 3301.014, 60.02878, 2.496061, 7200, 10, 0, 0, 0, 1, 0, 0, 0, 26365), -- 113321 (Area: 8025 - Difficulty: 17) (possible waypoints or random movement)
(@CGUID+166, 112675, 1530, 8025, 8025, '0', '0', 0, 0, 0, 534.9375, 3431.781, 109.4506, 1.969445, 7200, 0, 0, 0, 0, 0, 0, 0, 0, 26365), -- 112675 (Area: 8025 - Difficulty: 17)
(@CGUID+167, 112676, 1530, 8025, 8025, '0', '0', 0, 0, 0, 535.6059, 3436.855, 109.4506, 4.125114, 7200, 0, 0, 0, 0, 0, 0, 0, 0, 26365), -- 112676 (Area: 8025 - Difficulty: 17) (Auras: 160758 - 160758)
(@CGUID+168, 112660, 1530, 8025, 8025, '0', '0', 0, 0, 0, 406.9392, 3393.767, 142.9874, 6.099264, 7200, 0, 0, 0, 0, 0, 0, 0, 0, 26365), -- 112660 (Area: 8025 - Difficulty: 17)
(@CGUID+169, 112709, 1530, 8025, 8025, '0', '0', 0, 0, 0, 456.875, 3295.569, 142.2026, 2.237276, 7200, 0, 0, 0, 0, 0, 0, 0, 0, 26365), -- 112709 (Area: 8025 - Difficulty: 17) (Auras: )
(@CGUID+170, 112660, 1530, 8025, 8025, '0', '0', 0, 0, 0, 409.349, 3391.417, 142.9874, 1.821707, 7200, 0, 0, 0, 0, 0, 0, 0, 0, 26365), -- 112660 (Area: 8025 - Difficulty: 17)
(@CGUID+171, 112709, 1530, 8025, 8025, '0', '0', 0, 0, 0, 467.5156, 3303.355, 142.2019, 2.615341, 7200, 0, 0, 0, 0, 0, 0, 0, 0, 26365), -- 112709 (Area: 8025 - Difficulty: 17) (Auras: )
(@CGUID+172, 112709, 1530, 8025, 8025, '0', '0', 0, 0, 0, 460.1371, 3297.526, 142.202, 2.373759, 7200, 10, 0, 0, 0, 1, 0, 0, 0, 26365), -- 112709 (Area: 8025 - Difficulty: 17) (Auras: ) (possible waypoints or random movement)
(@CGUID+173, 112660, 1530, 8025, 8025, '0', '0', 0, 0, 0, 410.1996, 3395.132, 142.9874, 4.041597, 7200, 0, 0, 0, 0, 0, 0, 0, 0, 26365), -- 112660 (Area: 8025 - Difficulty: 17)
(@CGUID+174, 112709, 1530, 8025, 8025, '0', '0', 0, 0, 0, 464.4184, 3301.406, 142.2021, 2.615341, 7200, 0, 0, 0, 0, 0, 0, 0, 0, 26365), -- 112709 (Area: 8025 - Difficulty: 17) (Auras: )
(@CGUID+175, 112709, 1530, 8025, 8025, '0', '0', 0, 0, 0, 463.4566, 3299.487, 142.2017, 2.502283, 7200, 0, 0, 0, 0, 0, 0, 0, 0, 26365), -- 112709 (Area: 8025 - Difficulty: 17) (Auras: )
(@CGUID+176, 112804, 1530, 8025, 8025, '0', '0', 0, 0, 0, 532.5851, 3428.601, 109.4506, 4.125114, 7200, 0, 0, 0, 0, 0, 0, 0, 0, 26365), -- 112804 (Area: 8025 - Difficulty: 17)
(@CGUID+177, 112709, 1530, 8025, 8025, '0', '0', 0, 0, 0, 461.2934, 3299.378, 142.2024, 2.615341, 7200, 0, 0, 0, 0, 0, 0, 0, 0, 26365), -- 112709 (Area: 8025 - Difficulty: 17) (Auras: )
(@CGUID+178, 112709, 1530, 8025, 8025, '0', '0', 0, 0, 0, 466.4375, 3301.539, 142.2015, 2.615341, 7200, 10, 0, 0, 0, 1, 0, 0, 0, 26365), -- 112709 (Area: 8025 - Difficulty: 17) (Auras: ) (possible waypoints or random movement)
(@CGUID+179, 112804, 1530, 8025, 8025, '0', '0', 0, 0, 0, 538.3524, 3433.814, 109.4506, 6.079905, 7200, 0, 0, 0, 0, 0, 0, 0, 0, 26365), -- 112804 (Area: 8025 - Difficulty: 17)
(@CGUID+180, 112709, 1530, 8025, 8025, '0', '0', 0, 0, 0, 458.0642, 3297.464, 142.2027, 2.615341, 7200, 10, 0, 0, 0, 1, 0, 0, 0, 26365), -- 112709 (Area: 8025 - Difficulty: 17) (Auras: ) (possible waypoints or random movement)
(@CGUID+181, 113321, 1530, 8025, 8025, '0', '0', 0, 0, 0, 398.0087, 3284.909, 59.98073, 1.779086, 7200, 0, 0, 0, 0, 0, 0, 0, 0, 26365), -- 113321 (Area: 8025 - Difficulty: 17) (Auras: )
(@CGUID+182, 112709, 1530, 8025, 8025, '0', '0', 0, 0, 0, 550.4271, 3433.496, 109.4506, 4.256186, 7200, 0, 0, 0, 0, 0, 0, 0, 0, 26365), -- 112709 (Area: 8025 - Difficulty: 17)
(@CGUID+183, 113321, 1530, 8025, 8025, '0', '0', 0, 0, 0, 496.3767, 3282.865, 59.98525, 4.32077, 7200, 0, 0, 0, 0, 0, 0, 0, 0, 26365), -- 113321 (Area: 8025 - Difficulty: 17)
(@CGUID+184, 112709, 1530, 8025, 8025, '0', '0', 0, 0, 0, 454.6354, 3295.684, 142.2039, 2.615341, 7200, 0, 0, 0, 0, 0, 0, 0, 0, 26365), -- 112709 (Area: 8025 - Difficulty: 17) (Auras: )
(@CGUID+185, 113321, 1530, 8025, 8025, '0', '0', 0, 0, 0, 516.4896, 3287.97, 59.97553, 5.216488, 7200, 0, 0, 0, 0, 0, 0, 0, 0, 26365), -- 113321 (Area: 8025 - Difficulty: 17)
(@CGUID+186, 112709, 1530, 8025, 8025, '0', '0', 0, 0, 0, 453.4948, 3293.58, 142.2041, 2.091494, 7200, 10, 0, 0, 0, 1, 0, 0, 0, 26365), -- 112709 (Area: 8025 - Difficulty: 17) (Auras: ) (possible waypoints or random movement)
(@CGUID+187, 113321, 1530, 8025, 8025, '0', '0', 0, 0, 0, 504.8351, 3291.525, 59.90671, 0.5710912, 7200, 10, 0, 0, 0, 1, 0, 0, 0, 26365), -- 113321 (Area: 8025 - Difficulty: 17) (possible waypoints or random movement)
(@CGUID+188, 112804, 1530, 8025, 8025, '0', '0', 0, 0, 0, 451.652, 3263.684, 142.8387, 1.17956, 7200, 10, 0, 0, 0, 1, 0, 0, 0, 26365), -- 112804 (Area: 8025 - Difficulty: 17) (Auras: 226005 - 226005) (possible waypoints or random movement)
(@CGUID+189, 112709, 1530, 8025, 8025, '0', '0', 0, 0, 0, 580.1754, 3408.438, 109.4507, 3.795746, 7200, 0, 0, 0, 0, 0, 0, 0, 0, 26365), -- 112709 (Area: 8025 - Difficulty: 17)
(@CGUID+190, 112709, 1530, 8025, 8025, '0', '0', 0, 0, 0, 557.9566, 3432.128, 109.4507, 4.256186, 7200, 0, 0, 0, 0, 0, 0, 0, 0, 26365), -- 112709 (Area: 8025 - Difficulty: 17)
(@CGUID+191, 112709, 1530, 8025, 8025, '0', '0', 0, 0, 0, 580.6979, 3404.8, 109.4507, 3.795746, 7200, 0, 0, 0, 0, 0, 0, 0, 0, 26365), -- 112709 (Area: 8025 - Difficulty: 17)
(@CGUID+192, 113321, 1530, 8025, 8025, '0', '0', 0, 0, 0, 465.7326, 3240.425, 60.46651, 4.676984, 7200, 0, 0, 0, 0, 0, 0, 0, 0, 26365), -- 113321 (Area: 8025 - Difficulty: 17) (Auras: )
(@CGUID+193, 112709, 1530, 8025, 8025, '0', '0', 0, 0, 0, 561.6563, 3431.366, 109.4507, 4.256186, 7200, 0, 0, 0, 0, 0, 0, 0, 0, 26365), -- 112709 (Area: 8025 - Difficulty: 17)
(@CGUID+194, 112709, 1530, 8025, 8025, '0', '0', 0, 0, 0, 565.2639, 3430.458, 109.4507, 4.256186, 7200, 0, 0, 0, 0, 0, 0, 0, 0, 26365), -- 112709 (Area: 8025 - Difficulty: 17)
(@CGUID+195, 112709, 1530, 8025, 8025, '0', '0', 0, 0, 0, 577.7552, 3418.917, 109.4507, 3.795746, 7200, 0, 0, 0, 0, 0, 0, 0, 0, 26365), -- 112709 (Area: 8025 - Difficulty: 17)
(@CGUID+196, 112603, 1530, 8025, 8025, '0', '0', 0, 0, 0, 299.3594, 3268.504, 142.619, 4.073863, 7200, 0, 0, 0, 0, 0, 0, 0, 0, 26365), -- 112603 (Area: 8025 - Difficulty: 17) (Auras: 188236 - 188236)
(@CGUID+197, 112709, 1530, 8025, 8025, '0', '0', 0, 0, 0, 578.8212, 3415.707, 109.4507, 3.795746, 7200, 0, 0, 0, 0, 0, 0, 0, 0, 26365), -- 112709 (Area: 8025 - Difficulty: 17)
(@CGUID+198, 112709, 1530, 8025, 8025, '0', '0', 0, 0, 0, 579.5903, 3412.365, 109.4507, 3.795746, 7200, 0, 0, 0, 0, 0, 0, 0, 0, 26365), -- 112709 (Area: 8025 - Difficulty: 17)
(@CGUID+199, 112709, 1530, 8025, 8025, '0', '0', 0, 0, 0, 554.1563, 3432.901, 109.4507, 4.256186, 7200, 0, 0, 0, 0, 0, 0, 0, 0, 26365), -- 112709 (Area: 8025 - Difficulty: 17)
(@CGUID+200, 112665, 1530, 8025, 8025, '0', '0', 0, 0, 0, 350.2662, 3389.761, 142.9566, 5.779605, 7200, 10, 0, 0, 0, 1, 0, 0, 0, 26365), -- 112665 (Area: 8025 - Difficulty: 17) (possible waypoints or random movement)
(@CGUID+201, 112665, 1530, 8025, 8025, '0', '0', 0, 0, 0, 297.3722, 3246.731, 142.1368, 3.584213, 7200, 10, 0, 0, 0, 1, 0, 0, 0, 26365), -- 112665 (Area: 8025 - Difficulty: 17) (possible waypoints or random movement)
(@CGUID+202, 112603, 1530, 8025, 8025, '0', '0', 0, 0, 0, 373.8733, 3086.878, 142.6473, 3.970033, 7200, 0, 0, 0, 0, 0, 0, 0, 0, 26365), -- 112603 (Area: 8025 - Difficulty: 17) (Auras: 188236 - 188236)
(@CGUID+203, 112660, 1530, 8025, 8025, '0', '0', 0, 0, 0, 296.401, 3250.299, 142.0951, 3.342769, 7200, 0, 0, 0, 0, 0, 0, 0, 0, 26365), -- 112660 (Area: 8025 - Difficulty: 17)
(@CGUID+204, 112676, 1530, 8025, 8025, '0', '0', 0, 0, 0, 269.8559, 3284.74, 142.8073, 5.072204, 7200, 0, 0, 0, 0, 0, 0, 0, 0, 26365), -- 112676 (Area: 8025 - Difficulty: 17) (Auras: 160758 - 160758)
(@CGUID+205, 112671, 1530, 8025, 8025, '0', '0', 0, 0, 0, 269.2344, 3279.589, 142.6452, 1.519746, 7200, 0, 0, 0, 0, 0, 0, 0, 0, 26365), -- 112671 (Area: 8025 - Difficulty: 17)
(@CGUID+206, 113307, 1530, 8025, 8025, '0', '0', 0, 0, 0, 321.8023, 3246.49, 142.2888, 5.559222, 7200, 10, 0, 0, 0, 1, 0, 0, 0, 26365), -- 113307 (Area: 8025 - Difficulty: 17) (Auras: ) (possible waypoints or random movement)
(@CGUID+207, 112675, 1530, 8025, 8025, '0', '0', 0, 0, 0, 253.6563, 3314.957, 148.866, 3.946538, 7200, 0, 0, 0, 0, 0, 0, 0, 0, 26365), -- 112675 (Area: 8025 - Difficulty: 17)
(@CGUID+208, 112675, 1530, 8025, 8025, '0', '0', 0, 0, 0, 273.5833, 3281.233, 142.5833, 2.360651, 7200, 0, 0, 0, 0, 0, 0, 0, 0, 26365), -- 112675 (Area: 8025 - Difficulty: 17)
(@CGUID+209, 117085, 1530, 8025, 8025, '0', '0', 0, 0, 0, 279.2257, 3361.592, 145.7562, 5.485684, 7200, 0, 0, 0, 0, 0, 0, 0, 0, 26365), -- 117085 (Area: 8025 - Difficulty: 17)
(@CGUID+210, 112804, 1530, 8025, 8025, '0', '0', 0, 0, 0, 262.6424, 3283.788, 142.9549, 6.142752, 7200, 0, 0, 0, 0, 0, 0, 0, 0, 26365), -- 112804 (Area: 8025 - Difficulty: 17)
(@CGUID+211, 112675, 1530, 8025, 8025, '0', '0', 0, 0, 0, 450.2986, 3201.59, 142.0951, 2.441649, 7200, 0, 0, 0, 0, 0, 0, 0, 0, 26365), -- 112675 (Area: 8025 - Difficulty: 17) (Auras: )
(@CGUID+212, 112804, 1530, 8025, 8025, '0', '0', 0, 0, 0, 274.2552, 3287.345, 142.5959, 4.053354, 7200, 0, 0, 0, 0, 0, 0, 0, 0, 26365), -- 112804 (Area: 8025 - Difficulty: 17)
(@CGUID+213, 112675, 1530, 8025, 8025, '0', '0', 0, 0, 0, 440.4879, 3192.01, 142.0951, 2.29012, 7200, 0, 0, 0, 0, 0, 0, 0, 0, 26365), -- 112675 (Area: 8025 - Difficulty: 17) (Auras: )
(@CGUID+214, 112660, 1530, 8025, 8025, '0', '0', 0, 0, 0, 293.349, 3249.806, 142.0951, 0.1208713, 7200, 0, 0, 0, 0, 0, 0, 0, 0, 26365), -- 112660 (Area: 8025 - Difficulty: 17)
(@CGUID+215, 112675, 1530, 8025, 8025, '0', '0', 0, 0, 0, 332.6962, 3196.492, 145.3147, 0.7370799, 7200, 0, 0, 0, 0, 0, 0, 0, 0, 26365), -- 112675 (Area: 8025 - Difficulty: 17) (Auras: )
(@CGUID+216, 112603, 1530, 8025, 8025, '0', '0', 0, 0, 0, 391.2552, 3065.894, 142.0951, 3.057181, 7200, 0, 0, 0, 0, 0, 0, 0, 0, 26365), -- 112603 (Area: 8025 - Difficulty: 17) (Auras: 188236 - 188236)
(@CGUID+217, 112671, 1530, 8025, 8025, '0', '0', 0, 0, 0, 403.5399, 3176.131, 142.0951, 1.1919, 7200, 0, 0, 0, 0, 0, 0, 0, 0, 26365), -- 112671 (Area: 8025 - Difficulty: 17)
(@CGUID+218, 112675, 1530, 8025, 8025, '0', '0', 0, 0, 0, 401.0417, 3175.09, 142.0951, 1.1919, 7200, 0, 0, 0, 0, 0, 0, 0, 0, 26365), -- 112675 (Area: 8025 - Difficulty: 17)
(@CGUID+219, 112676, 1530, 8025, 8025, '0', '0', 0, 0, 0, 404.7431, 3173.825, 142.0957, 1.1919, 7200, 0, 0, 0, 0, 0, 0, 0, 0, 26365), -- 112676 (Area: 8025 - Difficulty: 17) (Auras: 160758 - 160758)
(@CGUID+220, 112671, 1530, 8025, 8025, '0', '0', 0, 0, 0, 343.1371, 3185.757, 145.3147, 0.8322693, 7200, 0, 0, 0, 0, 0, 0, 0, 0, 26365), -- 112671 (Area: 8025 - Difficulty: 17) (Auras: )
(@CGUID+221, 112638, 1530, 8025, 8025, '0', '0', 0, 0, 0, 536.1788, 3218.491, 142.9874, 3.091359, 7200, 0, 0, 0, 0, 0, 0, 0, 0, 26365), -- 112638 (Area: 8025 - Difficulty: 17)
(@CGUID+222, 112660, 1530, 8025, 8025, '0', '0', 0, 0, 0, 236.3819, 3295.585, 143.9949, 3.407435, 7200, 0, 0, 0, 0, 0, 0, 0, 0, 26365), -- 112660 (Area: 8025 - Difficulty: 17)
(@CGUID+223, 112675, 1530, 8025, 8025, '0', '0', 0, 0, 0, 242.7639, 3272.128, 142.0951, 5.556626, 7200, 0, 0, 0, 0, 0, 0, 0, 0, 26365), -- 112675 (Area: 8025 - Difficulty: 17)
(@CGUID+224, 112660, 1530, 8025, 8025, '0', '0', 0, 0, 0, 233.4983, 3293.097, 143.9956, 1.187544, 7200, 0, 0, 0, 0, 0, 0, 0, 0, 26365), -- 112660 (Area: 8025 - Difficulty: 17)
(@CGUID+225, 112660, 1530, 8025, 8025, '0', '0', 0, 0, 0, 232.9497, 3296.417, 143.9951, 5.465102, 7200, 0, 0, 0, 0, 0, 0, 0, 0, 26365), -- 112660 (Area: 8025 - Difficulty: 17)
(@CGUID+226, 112660, 1530, 8025, 8025, '0', '0', 0, 0, 0, 250.9497, 3238.675, 142.0953, 2.132887, 7200, 0, 0, 0, 0, 0, 0, 0, 0, 26365), -- 112660 (Area: 8025 - Difficulty: 17)
(@CGUID+227, 112660, 1530, 8025, 8025, '0', '0', 0, 0, 0, 250.6215, 3242.47, 142.0953, 4.352778, 7200, 0, 0, 0, 0, 0, 0, 0, 0, 26365), -- 112660 (Area: 8025 - Difficulty: 17)
(@CGUID+228, 112804, 1530, 8025, 8025, '0', '0', 0, 0, 0, 400.6096, 3154.97, 142.3886, 1.894967, 7200, 10, 0, 0, 0, 1, 0, 0, 0, 26365), -- 112804 (Area: 8025 - Difficulty: 17) (possible waypoints or random movement)
(@CGUID+229, 112671, 1530, 8025, 8025, '0', '0', 0, 0, 0, 235.5729, 3264.158, 142.1326, 5.556626, 7200, 0, 0, 0, 0, 0, 0, 0, 0, 26365), -- 112671 (Area: 8025 - Difficulty: 17)
(@CGUID+230, 112676, 1530, 8025, 8025, '0', '0', 0, 0, 0, 226.4149, 3284.373, 143.9956, 3.46106, 7200, 0, 0, 0, 0, 0, 0, 0, 0, 26365), -- 112676 (Area: 8025 - Difficulty: 17) (Auras: 160758 - 160758)
(@CGUID+231, 112660, 1530, 8025, 8025, '0', '0', 0, 0, 0, 247.9358, 3240.175, 142.0951, 0.1272597, 7200, 0, 0, 0, 0, 0, 0, 0, 0, 26365), -- 112660 (Area: 8025 - Difficulty: 17)
(@CGUID+232, 112804, 1530, 8025, 8025, '0', '0', 0, 0, 0, 404.0208, 3151.685, 142.3868, 2.454611, 7200, 10, 0, 0, 0, 1, 0, 0, 0, 26365), -- 112804 (Area: 8025 - Difficulty: 17) (possible waypoints or random movement)
(@CGUID+233, 112804, 1530, 8025, 8025, '0', '0', 0, 0, 0, 225.7569, 3291.616, 143.9962, 4.531608, 7200, 0, 0, 0, 0, 0, 0, 0, 0, 26365), -- 112804 (Area: 8025 - Difficulty: 17)
(@CGUID+234, 112671, 1530, 8025, 8025, '0', '0', 0, 0, 0, 221.2934, 3285.2, 143.9956, 6.191788, 7200, 0, 0, 0, 0, 0, 0, 0, 0, 26365), -- 112671 (Area: 8025 - Difficulty: 17)
(@CGUID+235, 112675, 1530, 8025, 8025, '0', '0', 0, 0, 0, 222.7587, 3280.792, 143.9956, 0.7495067, 7200, 0, 0, 0, 0, 0, 0, 0, 0, 26365), -- 112675 (Area: 8025 - Difficulty: 17)
(@CGUID+236, 112660, 1530, 8025, 8025, '0', '0', 0, 0, 0, 388.4792, 3129.7, 142.149, 5.996919, 7200, 0, 0, 0, 0, 0, 0, 0, 0, 26365), -- 112660 (Area: 8025 - Difficulty: 17)
(@CGUID+237, 112804, 1530, 8025, 8025, '0', '0', 0, 0, 0, 504.7066, 3165.231, 148.6658, 4.78172, 7200, 0, 0, 0, 0, 0, 0, 0, 0, 26365), -- 112804 (Area: 8025 - Difficulty: 17) (Auras: )
(@CGUID+238, 112660, 1530, 8025, 8025, '0', '0', 0, 0, 0, 410.3229, 3137.589, 142.1115, 4.20977, 7200, 0, 0, 0, 0, 0, 0, 0, 0, 26365), -- 112660 (Area: 8025 - Difficulty: 17)
(@CGUID+239, 112638, 1530, 8025, 8025, '0', '0', 0, 0, 0, 488.3405, 3158.24, 148.7067, 5.496822, 7200, 10, 0, 0, 0, 1, 0, 0, 0, 26365), -- 112638 (Area: 8025 - Difficulty: 17) (Auras: ) (possible waypoints or random movement)
(@CGUID+240, 112804, 1530, 8025, 8025, '0', '0', 0, 0, 0, 474.8889, 3142.723, 148.6775, 6.052853, 7200, 0, 0, 0, 0, 0, 0, 0, 0, 26365), -- 112804 (Area: 8025 - Difficulty: 17) (Auras: )
(@CGUID+241, 112660, 1530, 8025, 8025, '0', '0', 0, 0, 0, 394.8351, 3137.78, 142.1578, 5.320548, 7200, 0, 0, 0, 0, 0, 0, 0, 0, 26365), -- 112660 (Area: 8025 - Difficulty: 17)
(@CGUID+242, 112804, 1530, 8025, 8025, '0', '0', 0, 0, 0, 479.8733, 3148.76, 148.8503, 5.732928, 7200, 0, 0, 0, 0, 0, 0, 0, 0, 26365), -- 112804 (Area: 8025 - Difficulty: 17) (Auras: )
(@CGUID+243, 112660, 1530, 8025, 8025, '0', '0', 0, 0, 0, 564.6094, 3208.226, 109.4496, 0.03217631, 7200, 0, 0, 0, 0, 0, 0, 0, 0, 26365), -- 112660 (Area: 8025 - Difficulty: 17)
(@CGUID+244, 112718, 1530, 8025, 8025, '0', '0', 0, 0, 0, 542.9202, 3210.17, 142.9874, 3.200636, 7200, 0, 0, 0, 0, 0, 0, 0, 0, 26365), -- 112718 (Area: 8025 - Difficulty: 17)
(@CGUID+245, 112660, 1530, 8025, 8025, '0', '0', 0, 0, 0, 567.4254, 3206.383, 109.4496, 2.523783, 7200, 0, 0, 0, 0, 0, 0, 0, 0, 26365), -- 112660 (Area: 8025 - Difficulty: 17)
(@CGUID+246, 112655, 1530, 8025, 8025, '0', '0', 0, 0, 0, 541.9167, 3214.163, 142.9874, 3.873611, 7200, 0, 0, 0, 0, 0, 0, 0, 0, 26365), -- 112655 (Area: 8025 - Difficulty: 17) (Auras: 224814 - 224814)
(@CGUID+247, 112660, 1530, 8025, 8025, '0', '0', 0, 0, 0, 567.5434, 3210.195, 109.4496, 4.338797, 7200, 0, 0, 0, 0, 0, 0, 0, 0, 26365), -- 112660 (Area: 8025 - Difficulty: 17)
(@CGUID+248, 112638, 1530, 8025, 8025, '0', '0', 0, 0, 0, 495.8594, 3162.378, 148.8522, 4.962232, 7200, 0, 0, 0, 0, 0, 0, 0, 0, 26365), -- 112638 (Area: 8025 - Difficulty: 17) (Auras: )
(@CGUID+249, 112655, 1530, 8025, 8025, '0', '0', 0, 0, 0, 543.7518, 3202.457, 142.9874, 1.864989, 7200, 0, 0, 0, 0, 0, 0, 0, 0, 26365); -- 112655 (Area: 8025 - Difficulty: 17)

SET @CGUID := (SELECT max(guid) + 1 FROM creature);

INSERT INTO `creature` (`guid`, `id`, `map`, `zoneId`, `areaId`, `spawnDifficulties`, `PhaseId`, `PhaseGroup`, `modelid`, `equipment_id`, `position_x`, `position_y`, `position_z`, `orientation`, `spawntimesecs`, `spawndist`, `currentwaypoint`, `curhealth`, `curmana`, `MovementType`, `npcflag`, `unit_flags`, `dynamicflags`, `VerifiedBuild`) VALUES
(@CGUID+250, 112638, 1530, 8025, 8025, '0', '0', 0, 0, 0, 484.3365, 3154.244, 148.7067, 5.496764, 7200, 10, 0, 0, 0, 1, 0, 0, 0, 26365), -- 112638 (Area: 8025 - Difficulty: 17) (Auras: ) (possible waypoints or random movement)
(@CGUID+251, 112655, 1530, 8025, 8025, '0', '0', 0, 0, 0, 477.3629, 3146.439, 148.727, 3.008801, 7200, 0, 0, 0, 0, 0, 0, 0, 0, 26365), -- 112655 (Area: 8025 - Difficulty: 17) (Auras: 224814 - 224814)
(@CGUID+252, 112638, 1530, 8025, 8025, '0', '0', 0, 0, 0, 543.8125, 3205.546, 142.9874, 4.250143, 7200, 0, 0, 0, 0, 0, 0, 0, 0, 26365), -- 112638 (Area: 8025 - Difficulty: 17)
(@CGUID+253, 112655, 1530, 8025, 8025, '0', '0', 0, 0, 0, 486.6594, 3155.921, 148.7067, 2.355192, 7200, 10, 0, 0, 0, 1, 0, 0, 0, 26365), -- 112655 (Area: 8025 - Difficulty: 17) (Auras: ) (possible waypoints or random movement)
(@CGUID+254, 112804, 1530, 8025, 8025, '0', '0', 0, 0, 0, 427.9514, 3128.203, 142.6535, 3.815975, 7200, 0, 0, 0, 0, 0, 0, 0, 0, 26365), -- 112804 (Area: 8025 - Difficulty: 17)
(@CGUID+255, 112655, 1530, 8025, 8025, '0', '0', 0, 0, 0, 476.1267, 3139.786, 148.6651, 3.97751, 7200, 0, 0, 0, 0, 0, 0, 0, 0, 26365), -- 112655 (Area: 8025 - Difficulty: 17) (Auras: )
(@CGUID+256, 112660, 1530, 8025, 8025, '0', '0', 0, 0, 0, 414.908, 3125.564, 142.1423, 3.168007, 7200, 0, 0, 0, 0, 0, 0, 0, 0, 26365), -- 112660 (Area: 8025 - Difficulty: 17)
(@CGUID+257, 112655, 1530, 8025, 8025, '0', '0', 0, 0, 0, 498.5851, 3166.194, 148.7136, 2.5151, 7200, 0, 0, 0, 0, 0, 0, 0, 0, 26365), -- 112655 (Area: 8025 - Difficulty: 17) (Auras: 224439 - 224439)
(@CGUID+258, 112804, 1530, 8025, 8025, '0', '0', 0, 0, 0, 501.9392, 3163.146, 148.7533, 0.2866627, 7200, 10, 0, 0, 0, 1, 0, 0, 0, 26365), -- 112804 (Area: 8025 - Difficulty: 17) (Auras: ) (possible waypoints or random movement)
(@CGUID+259, 112671, 1530, 8025, 8025, '0', '0', 0, 0, 0, 427.4792, 3117.799, 142.6042, 1.519746, 7200, 0, 0, 0, 0, 0, 0, 0, 0, 26365), -- 112671 (Area: 8025 - Difficulty: 17)
(@CGUID+260, 112675, 1530, 8025, 8025, '0', '0', 0, 0, 0, 431.8281, 3119.441, 142.8125, 2.360651, 7200, 0, 0, 0, 0, 0, 0, 0, 0, 26365), -- 112675 (Area: 8025 - Difficulty: 17)
(@CGUID+261, 112676, 1530, 8025, 8025, '0', '0', 0, 0, 0, 428.1007, 3122.948, 142.6823, 5.072204, 7200, 0, 0, 0, 0, 0, 0, 0, 0, 26365), -- 112676 (Area: 8025 - Difficulty: 17) (Auras: 160758 - 160758)
(@CGUID+262, 112660, 1530, 8025, 8025, '0', '0', 0, 0, 0, 409.2135, 3115.702, 142.1449, 2.105689, 7200, 0, 0, 0, 0, 0, 0, 0, 0, 26365), -- 112660 (Area: 8025 - Difficulty: 17)
(@CGUID+263, 112804, 1530, 8025, 8025, '0', '0', 0, 0, 0, 481.3264, 3137.241, 148.7175, 0.2830461, 7200, 0, 0, 0, 0, 0, 0, 0, 0, 26365), -- 112804 (Area: 8025 - Difficulty: 17) (Auras: )
(@CGUID+264, 112660, 1530, 8025, 8025, '0', '0', 0, 0, 0, 390.9583, 3119.589, 142.2574, 0.4235268, 7200, 0, 0, 0, 0, 0, 0, 0, 0, 26365), -- 112660 (Area: 8025 - Difficulty: 17)
(@CGUID+265, 113307, 1530, 8025, 8025, '0', '0', 0, 0, 0, 229.4376, 3237.552, 142.0585, 0.626579, 7200, 10, 0, 0, 0, 1, 0, 0, 0, 26365), -- 113307 (Area: 8025 - Difficulty: 17) (possible waypoints or random movement)
(@CGUID+266, 113406, 1530, 8025, 8025, '0', '0', 0, 0, 0, 296.276, 3149.38, 145.2817, 3.945174, 7200, 0, 0, 0, 0, 0, 0, 0, 0, 26365), -- 113406 (Area: 8025 - Difficulty: 17) (Auras: 225579 - 225579)
(@CGUID+267, 113406, 1530, 8025, 8025, '0', '0', 0, 0, 0, 299.507, 3147.695, 145.2829, 3.838697, 7200, 0, 0, 0, 0, 0, 0, 0, 0, 26365), -- 113406 (Area: 8025 - Difficulty: 17) (Auras: 225579 - 225579)
(@CGUID+268, 113406, 1530, 8025, 8025, '0', '0', 0, 0, 0, 294.3108, 3153.561, 145.2825, 4.073987, 7200, 0, 0, 0, 0, 0, 0, 0, 0, 26365), -- 113406 (Area: 8025 - Difficulty: 17) (Auras: 225579 - 225579)
(@CGUID+269, 112718, 1530, 8025, 8025, '0', '0', 0, 0, 0, 453.9913, 3105.734, 171.7846, 3.801974, 7200, 0, 0, 0, 0, 0, 0, 0, 0, 26365), -- 112718 (Area: 8025 - Difficulty: 17) (Auras: )
(@CGUID+270, 112638, 1530, 8025, 8025, '0', '0', 0, 0, 0, 464.2274, 3104.726, 171.7849, 3.463858, 7200, 0, 0, 0, 0, 0, 0, 0, 0, 26365), -- 112638 (Area: 8025 - Difficulty: 17) (Auras: )
(@CGUID+271, 112718, 1530, 8025, 8025, '0', '0', 0, 0, 0, 536.5289, 3109.965, 148.7067, 5.496427, 7200, 10, 0, 0, 0, 1, 0, 0, 0, 26365), -- 112718 (Area: 8025 - Difficulty: 17) (Auras: ) (possible waypoints or random movement)
(@CGUID+272, 112718, 1530, 8025, 8025, '0', '0', 0, 0, 0, 433.5743, 3087.494, 144.1067, 3.927423, 7200, 10, 0, 0, 0, 1, 0, 0, 0, 26365), -- 112718 (Area: 8025 - Difficulty: 17) (possible waypoints or random movement)
(@CGUID+273, 112671, 1530, 8025, 8025, '0', '0', 0, 0, 0, 418.1632, 3096.18, 142.0955, 2.332203, 7200, 0, 0, 0, 0, 0, 0, 0, 0, 26365), -- 112671 (Area: 8025 - Difficulty: 17)
(@CGUID+274, 112655, 1530, 8025, 8025, '0', '0', 0, 0, 0, 511.059, 3141.415, 148.6764, 0.9434972, 7200, 0, 0, 0, 0, 0, 0, 0, 0, 26365), -- 112655 (Area: 8025 - Difficulty: 17) (Auras: 224439 - 224439)
(@CGUID+275, 112655, 1530, 8025, 8025, '0', '0', 0, 0, 0, 433.576, 3083.494, 144.1067, 3.927315, 7200, 10, 0, 0, 0, 1, 0, 0, 0, 26365), -- 112655 (Area: 8025 - Difficulty: 17) (possible waypoints or random movement)
(@CGUID+276, 112655, 1530, 8025, 8025, '0', '0', 0, 0, 0, 504.8021, 3127.639, 148.675, 3.97751, 7200, 0, 0, 0, 0, 0, 0, 0, 0, 26365), -- 112655 (Area: 8025 - Difficulty: 17) (Auras: 224814 - 224814)
(@CGUID+277, 112675, 1530, 8025, 8025, '0', '0', 0, 0, 0, 410.3299, 3088.829, 142.1002, 2.332203, 7200, 0, 0, 0, 0, 0, 0, 0, 0, 26365), -- 112675 (Area: 8025 - Difficulty: 17)
(@CGUID+278, 112660, 1530, 8025, 8025, '0', '0', 0, 0, 0, 372.9097, 3105.636, 142.7031, 0.2081591, 7200, 0, 0, 0, 0, 0, 0, 0, 0, 26365), -- 112660 (Area: 8025 - Difficulty: 17)
(@CGUID+279, 112804, 1530, 8025, 8025, '0', '0', 0, 0, 0, 503.0938, 3129.406, 148.6756, 0.2428643, 7200, 10, 0, 0, 0, 1, 0, 0, 0, 26365), -- 112804 (Area: 8025 - Difficulty: 17) (Auras: ) (possible waypoints or random movement)
(@CGUID+280, 112767, 1530, 8025, 8025, '0', '0', 0, 0, 0, 492.6418, 3101.748, 170.624, 4.300447, 7200, 10, 0, 0, 0, 1, 0, 0, 0, 26365), -- 112767 (Area: 8025 - Difficulty: 17) (possible waypoints or random movement)
(@CGUID+281, 112718, 1530, 8025, 8025, '0', '0', 0, 0, 0, 460.2969, 3099.172, 171.7847, 3.872346, 7200, 10, 0, 0, 0, 1, 0, 0, 0, 26365), -- 112718 (Area: 8025 - Difficulty: 17) (Auras: ) (possible waypoints or random movement)
(@CGUID+282, 112655, 1530, 8025, 8025, '0', '0', 0, 0, 0, 450.7813, 3102.983, 171.7846, 4.152358, 7200, 0, 0, 0, 0, 0, 0, 0, 0, 26365), -- 112655 (Area: 8025 - Difficulty: 17) (Auras: )
(@CGUID+283, 112660, 1530, 8025, 8025, '0', '0', 0, 0, 0, 376.0365, 3104.385, 142.9931, 2.213787, 7200, 0, 0, 0, 0, 0, 0, 0, 0, 26365), -- 112660 (Area: 8025 - Difficulty: 17)
(@CGUID+284, 112804, 1530, 8025, 8025, '0', '0', 0, 0, 0, 513.9566, 3138.375, 148.6753, 4.017395, 7200, 0, 0, 0, 0, 0, 0, 0, 0, 26365), -- 112804 (Area: 8025 - Difficulty: 17) (Auras: )
(@CGUID+285, 112660, 1530, 8025, 8025, '0', '0', 0, 0, 0, 375.3976, 3108.142, 142.6788, 4.433678, 7200, 0, 0, 0, 0, 0, 0, 0, 0, 26365), -- 112660 (Area: 8025 - Difficulty: 17)
(@CGUID+286, 112804, 1530, 8025, 8025, '0', '0', 0, 0, 0, 424.1545, 3107.625, 142.5075, 1.100995, 7200, 0, 0, 0, 0, 0, 0, 0, 0, 26365), -- 112804 (Area: 8025 - Difficulty: 17)
(@CGUID+287, 112767, 1530, 8025, 8025, '0', '0', 0, 0, 0, 497.611, 3101.477, 168.7331, 0.3285737, 7200, 10, 0, 0, 0, 1, 0, 0, 0, 26365), -- 112767 (Area: 8025 - Difficulty: 17) (possible waypoints or random movement)
(@CGUID+288, 112767, 1530, 8025, 8025, '0', '0', 0, 0, 0, 487.9081, 3108.36, 172.7067, 4.554979, 7200, 10, 0, 0, 0, 1, 0, 0, 0, 26365), -- 112767 (Area: 8025 - Difficulty: 17) (possible waypoints or random movement)
(@CGUID+289, 112655, 1530, 8025, 8025, '0', '0', 0, 0, 0, 532.2855, 3106.209, 148.7067, 5.496445, 7200, 10, 0, 0, 0, 1, 0, 0, 0, 26365), -- 112655 (Area: 8025 - Difficulty: 17) (Auras: ) (possible waypoints or random movement)
(@CGUID+290, 112638, 1530, 8025, 8025, '0', '0', 0, 0, 0, 459.7517, 3108.616, 171.7851, 4.037807, 7200, 0, 0, 0, 0, 0, 0, 0, 0, 26365), -- 112638 (Area: 8025 - Difficulty: 17) (Auras: )
(@CGUID+291, 112767, 1530, 8025, 8025, '0', '0', 0, 0, 0, 530.5381, 3109.396, 168.1244, 2.355589, 7200, 10, 0, 0, 0, 1, 0, 0, 0, 26365), -- 112767 (Area: 8025 - Difficulty: 17) (possible waypoints or random movement)
(@CGUID+292, 112767, 1530, 8025, 8025, '0', '0', 0, 0, 0, 533.6113, 3107.457, 169.2601, 4.843515, 7200, 10, 0, 0, 0, 1, 0, 0, 0, 26365), -- 112767 (Area: 8025 - Difficulty: 17) (possible waypoints or random movement)
(@CGUID+293, 112767, 1530, 8025, 8025, '0', '0', 0, 0, 0, 542.7192, 3120.548, 174.9067, 4.168007, 7200, 10, 0, 0, 0, 1, 0, 0, 0, 26365), -- 112767 (Area: 8025 - Difficulty: 17) (possible waypoints or random movement)
(@CGUID+294, 112767, 1530, 8025, 8025, '0', '0', 0, 0, 0, 536.2483, 3113.43, 172.3285, 0.7193581, 7200, 10, 0, 0, 0, 1, 0, 0, 0, 26365), -- 112767 (Area: 8025 - Difficulty: 17) (possible waypoints or random movement)
(@CGUID+295, 112767, 1530, 8025, 8025, '0', '0', 0, 0, 0, 500.7222, 3093.556, 164.1635, 0.7193581, 7200, 10, 0, 0, 0, 1, 0, 0, 0, 26365), -- 112767 (Area: 8025 - Difficulty: 17) (possible waypoints or random movement)
(@CGUID+296, 112655, 1530, 8025, 8025, '0', '0', 0, 0, 0, 437.5776, 3079.496, 144.1067, 3.927374, 7200, 10, 0, 0, 0, 1, 0, 0, 0, 26365), -- 112655 (Area: 8025 - Difficulty: 17) (possible waypoints or random movement)
(@CGUID+297, 112767, 1530, 8025, 8025, '0', '0', 0, 0, 0, 499.1927, 3097, 166.1825, 0.7193581, 7200, 10, 0, 0, 0, 1, 0, 0, 0, 26365), -- 112767 (Area: 8025 - Difficulty: 17) (possible waypoints or random movement)
(@CGUID+298, 112767, 1530, 8025, 8025, '0', '0', 0, 0, 0, 496.9606, 3095.125, 166.5496, 1.90371, 7200, 10, 0, 0, 0, 1, 0, 0, 0, 26365), -- 112767 (Area: 8025 - Difficulty: 17) (possible waypoints or random movement)
(@CGUID+299, 112638, 1530, 8025, 8025, '0', '0', 0, 0, 0, 433.4801, 3079.397, 144.1067, 3.927393, 7200, 10, 0, 0, 0, 1, 0, 0, 0, 26365), -- 112638 (Area: 8025 - Difficulty: 17) (possible waypoints or random movement)
(@CGUID+300, 112767, 1530, 8025, 8025, '0', '0', 0, 0, 0, 556.5071, 3135.052, 174.9067, 5.213199, 7200, 10, 0, 0, 0, 1, 0, 0, 0, 26365), -- 112767 (Area: 8025 - Difficulty: 17) (possible waypoints or random movement)
(@CGUID+301, 112767, 1530, 8025, 8025, '0', '0', 0, 0, 0, 520.607, 3098.66, 162.9067, 1.901825, 7200, 10, 0, 0, 0, 1, 0, 0, 0, 26365), -- 112767 (Area: 8025 - Difficulty: 17) (possible waypoints or random movement)
(@CGUID+302, 112767, 1530, 8025, 8025, '0', '0', 0, 0, 0, 551.6392, 3134.379, 174.9067, 1.080081, 7200, 10, 0, 0, 0, 1, 0, 0, 0, 26365), -- 112767 (Area: 8025 - Difficulty: 17) (possible waypoints or random movement)
(@CGUID+303, 112767, 1530, 8025, 8025, '0', '0', 0, 0, 0, 564.1563, 3141.459, 179.5964, 5.29407, 7200, 10, 0, 0, 0, 1, 0, 0, 0, 26365), -- 112767 (Area: 8025 - Difficulty: 17) (possible waypoints or random movement)
(@CGUID+304, 112767, 1530, 8025, 8025, '0', '0', 0, 0, 0, 524.1194, 3108.905, 164.9966, 2.958324, 7200, 10, 0, 0, 0, 1, 0, 0, 0, 26365), -- 112767 (Area: 8025 - Difficulty: 17) (possible waypoints or random movement)
(@CGUID+305, 112767, 1530, 8025, 8025, '0', '0', 0, 0, 0, 544.8619, 3127.735, 174.9067, 0.9785874, 7200, 10, 0, 0, 0, 1, 0, 0, 0, 26365), -- 112767 (Area: 8025 - Difficulty: 17) (possible waypoints or random movement)
(@CGUID+306, 112767, 1530, 8025, 8025, '0', '0', 0, 0, 0, 516.4826, 3094.519, 162.9067, 3.568156, 7200, 10, 0, 0, 0, 1, 0, 0, 0, 26365), -- 112767 (Area: 8025 - Difficulty: 17) (possible waypoints or random movement)
(@CGUID+307, 112655, 1530, 8025, 8025, '0', '0', 0, 0, 0, 457.7778, 3095.704, 171.7846, 3.79539, 7200, 0, 0, 0, 0, 0, 0, 0, 0, 26365), -- 112655 (Area: 8025 - Difficulty: 17) (Auras: )
(@CGUID+308, 112718, 1530, 8025, 8025, '0', '0', 0, 0, 0, 441.5771, 3079.497, 144.1067, 3.927382, 7200, 10, 0, 0, 0, 1, 0, 0, 0, 26365), -- 112718 (Area: 8025 - Difficulty: 17) (possible waypoints or random movement)
(@CGUID+309, 112767, 1530, 8025, 8025, '0', '0', 0, 0, 0, 559.4715, 3142.328, 177.7416, 1.792149, 7200, 10, 0, 0, 0, 1, 0, 0, 0, 26365), -- 112767 (Area: 8025 - Difficulty: 17) (possible waypoints or random movement)
(@CGUID+310, 112767, 1530, 8025, 8025, '0', '0', 0, 0, 0, 511.8438, 3095.073, 162.9067, 2.585062, 7200, 10, 0, 0, 0, 1, 0, 0, 0, 26365), -- 112767 (Area: 8025 - Difficulty: 17) (possible waypoints or random movement)
(@CGUID+311, 112767, 1530, 8025, 8025, '0', '0', 0, 0, 0, 491.1688, 3098.586, 170.091, 6.147081, 7200, 10, 0, 0, 0, 1, 0, 0, 0, 26365), -- 112767 (Area: 8025 - Difficulty: 17) (possible waypoints or random movement)
(@CGUID+312, 112767, 1530, 8025, 8025, '0', '0', 0, 0, 0, 511.3613, 3092.092, 162.9067, 5.968675, 7200, 10, 0, 0, 0, 1, 0, 0, 0, 26365), -- 112767 (Area: 8025 - Difficulty: 17) (possible waypoints or random movement)
(@CGUID+313, 112767, 1530, 8025, 8025, '0', '0', 0, 0, 0, 547.1938, 3124.164, 174.9067, 5.392729, 7200, 10, 0, 0, 0, 1, 0, 0, 0, 26365), -- 112767 (Area: 8025 - Difficulty: 17) (possible waypoints or random movement)
(@CGUID+314, 112767, 1530, 8025, 8025, '0', '0', 0, 0, 0, 532.9013, 3118.161, 173.5103, 1.817516, 7200, 10, 0, 0, 0, 1, 0, 0, 0, 26365), -- 112767 (Area: 8025 - Difficulty: 17) (possible waypoints or random movement)
(@CGUID+315, 112767, 1530, 8025, 8025, '0', '0', 0, 0, 0, 565.8264, 3143.882, 182.4799, 4.196166, 7200, 10, 0, 0, 0, 1, 0, 0, 0, 26365), -- 112767 (Area: 8025 - Difficulty: 17) (possible waypoints or random movement)
(@CGUID+316, 112638, 1530, 8025, 8025, '0', '0', 0, 0, 0, 547.7225, 3094.736, 148.7067, 5.496449, 7200, 10, 0, 0, 0, 1, 0, 0, 0, 26365), -- 112638 (Area: 8025 - Difficulty: 17) (Auras: ) (possible waypoints or random movement)
(@CGUID+317, 112655, 1530, 8025, 8025, '0', '0', 0, 0, 0, 476.5781, 3065.557, 142.0956, 1.180072, 7200, 0, 0, 0, 0, 0, 0, 0, 0, 26365), -- 112655 (Area: 8025 - Difficulty: 17)
(@CGUID+318, 112767, 1530, 8025, 8025, '0', '0', 0, 0, 0, 506.9915, 3090.135, 163.0989, 2.582809, 7200, 10, 0, 0, 0, 1, 0, 0, 0, 26365), -- 112767 (Area: 8025 - Difficulty: 17) (possible waypoints or random movement)
(@CGUID+319, 113307, 1530, 8025, 8025, '0', '0', 0, 0, 0, 392.0855, 3078.174, 142.1618, 3.257123, 7200, 10, 0, 0, 0, 1, 0, 0, 0, 26365), -- 113307 (Area: 8025 - Difficulty: 17) (possible waypoints or random movement)
(@CGUID+320, 112767, 1530, 8025, 8025, '0', '0', 0, 0, 0, 567.6669, 3146.917, 185.4052, 3.167411, 7200, 10, 0, 0, 0, 1, 0, 0, 0, 26365), -- 112767 (Area: 8025 - Difficulty: 17) (possible waypoints or random movement)
(@CGUID+321, 112603, 1530, 8025, 8025, '0', '0', 0, 0, 0, 596.3611, 3036.666, 128.5076, 4.096195, 7200, 0, 0, 0, 0, 0, 0, 0, 0, 26365), -- 112603 (Area: 8025 - Difficulty: 17) (Auras: 188236 - 188236)
(@CGUID+322, 112767, 1530, 8025, 8025, '0', '0', 0, 0, 0, 506.3293, 3084.968, 162.9067, 2.760321, 7200, 10, 0, 0, 0, 1, 0, 0, 0, 26365), -- 112767 (Area: 8025 - Difficulty: 17) (possible waypoints or random movement)
(@CGUID+323, 112767, 1530, 8025, 8025, '0', '0', 0, 0, 0, 508.4226, 3089.695, 163.2833, 4.238369, 7200, 10, 0, 0, 0, 1, 0, 0, 0, 26365), -- 112767 (Area: 8025 - Difficulty: 17) (possible waypoints or random movement)
(@CGUID+324, 68553, 1530, 8025, 8025, '0', '0', 0, 0, 0, 635.9479, 2793.026, 133.2171, 1.35371, 7200, 0, 0, 0, 0, 0, 0, 0, 0, 26365), -- 68553 (Area: 8025 - Difficulty: 17) (Auras: 224840 - 224840)
(@CGUID+325, 112767, 1530, 8025, 8025, '0', '0', 0, 0, 0, 565.2456, 3144.384, 182.4335, 4.757283, 7200, 10, 0, 0, 0, 1, 0, 0, 0, 26365), -- 112767 (Area: 8025 - Difficulty: 17) (possible waypoints or random movement)
(@CGUID+326, 112767, 1530, 8025, 8025, '0', '0', 0, 0, 0, 568.0758, 3153.245, 189.8141, 5.158189, 7200, 10, 0, 0, 0, 1, 0, 0, 0, 26365), -- 112767 (Area: 8025 - Difficulty: 17) (possible waypoints or random movement)
(@CGUID+327, 112655, 1530, 8025, 8025, '0', '0', 0, 0, 0, 474.0781, 3069.256, 142.2157, 0.1612757, 7200, 0, 0, 0, 0, 0, 0, 0, 0, 26365), -- 112655 (Area: 8025 - Difficulty: 17)
(@CGUID+328, 111221, 1530, 8025, 8025, '0', '0', 0, 0, 0, 574.0087, 3153.306, 193.1019, 2.71918, 7200, 0, 0, 0, 0, 0, 0, 0, 0, 26365), -- 111221 (Area: 8025 - Difficulty: 17)
(@CGUID+329, 112638, 1530, 8025, 8025, '0', '0', 0, 0, 0, 432.0063, 3077.937, 171.7067, 0.7856163, 7200, 10, 0, 0, 0, 1, 0, 0, 0, 26365), -- 112638 (Area: 8025 - Difficulty: 17) (possible waypoints or random movement)
(@CGUID+330, 112718, 1530, 8025, 8025, '0', '0', 0, 0, 0, 425.8508, 3079.781, 171.7067, 0.7855897, 7200, 10, 0, 0, 0, 1, 0, 0, 0, 26365), -- 112718 (Area: 8025 - Difficulty: 17) (possible waypoints or random movement)
(@CGUID+331, 112655, 1530, 8025, 8025, '0', '0', 0, 0, 0, 429.8501, 3079.781, 171.7067, 0.7855782, 7200, 10, 0, 0, 0, 1, 0, 0, 0, 26365), -- 112655 (Area: 8025 - Difficulty: 17) (possible waypoints or random movement)
(@CGUID+332, 112655, 1530, 8025, 8025, '0', '0', 0, 0, 0, 436.2249, 3078.156, 171.7067, 0.7856236, 7200, 10, 0, 0, 0, 1, 0, 0, 0, 26365), -- 112655 (Area: 8025 - Difficulty: 17) (possible waypoints or random movement)
(@CGUID+333, 112718, 1530, 8025, 8025, '0', '0', 0, 0, 0, 440.587, 3078.52, 171.7067, 0.7856051, 7200, 10, 0, 0, 0, 1, 0, 0, 0, 26365), -- 112718 (Area: 8025 - Difficulty: 17) (possible waypoints or random movement)
(@CGUID+334, 112767, 1530, 8025, 8025, '0', '0', 0, 0, 0, 575.0319, 3154.317, 194.2745, 2.320296, 7200, 10, 0, 0, 0, 1, 0, 0, 0, 26365), -- 112767 (Area: 8025 - Difficulty: 17) (possible waypoints or random movement)
(@CGUID+335, 112665, 1530, 8025, 8025, '0', '0', 0, 0, 0, 373.7049, 3072.269, 142.0951, 0.6818193, 7200, 0, 0, 0, 0, 0, 0, 0, 0, 26365), -- 112665 (Area: 8025 - Difficulty: 17)
(@CGUID+336, 113406, 1530, 8025, 8025, '0', '0', 0, 0, 0, 306.1858, 3129.195, 145.2805, 1.659941, 7200, 0, 0, 0, 0, 0, 0, 0, 0, 26365), -- 113406 (Area: 8025 - Difficulty: 17) (Auras: 225579 - 225579)
(@CGUID+337, 113406, 1530, 8025, 8025, '0', '0', 0, 0, 0, 304.3802, 3134.129, 145.2814, 2.867327, 7200, 0, 0, 0, 0, 0, 0, 0, 0, 26365), -- 113406 (Area: 8025 - Difficulty: 17) (Auras: 225579 - 225579)
(@CGUID+338, 112603, 1530, 8025, 8025, '0', '0', 0, 0, 0, 653.7031, 3000.256, 128.5076, 1.181949, 7200, 0, 0, 0, 0, 0, 0, 0, 0, 26365), -- 112603 (Area: 8025 - Difficulty: 17) (Auras: 188236 - 188236)
(@CGUID+339, 111936, 1530, 8025, 8025, '0', '0', 0, 0, 0, 607.783, 3187.376, 196.0556, 4.075927, 7200, 0, 0, 0, 0, 0, 0, 0, 0, 26365), -- 111936 (Area: 8025 - Difficulty: 17)
(@CGUID+340, 112655, 1530, 8025, 8025, '0', '0', 0, 0, 0, 457.1007, 3031.964, 144.0976, 2.375437, 7200, 0, 0, 0, 0, 0, 0, 0, 0, 26365), -- 112655 (Area: 8025 - Difficulty: 17)
(@CGUID+341, 112638, 1530, 8025, 8025, '0', '0', 0, 0, 0, 453.7708, 3030.484, 144.097, 1.466677, 7200, 0, 0, 0, 0, 0, 0, 0, 0, 26365), -- 112638 (Area: 8025 - Difficulty: 17)
(@CGUID+342, 112603, 1530, 8025, 8025, '0', '0', 0, 0, 0, 663.005, 2966.99, 128.5067, 3.752458, 7200, 10, 0, 0, 0, 1, 0, 0, 0, 26365), -- 112603 (Area: 8025 - Difficulty: 17) (Auras: 188236 - 188236) (possible waypoints or random movement)
(@CGUID+343, 92870, 1530, 8025, 8025, '0', '0', 0, 0, 0, 575.9855, 3366.904, 119.4485, 2.419245, 7200, 0, 0, 0, 0, 0, 0, 0, 0, 26365), -- 92870 (Area: 8025 - Difficulty: 17) (Auras: )
(@CGUID+344, 116667, 1530, 8025, 8025, '0', '0', 0, 0, 0, 333.9601, 3187.003, 227.3798, 0.7179957, 7200, 0, 0, 0, 0, 0, 0, 0, 0, 26365), -- 116667 (Area: 8025 - Difficulty: 17) (Auras: 232277 - 232277)
(@CGUID+345, 111833, 1530, 8025, 8025, '0', '0', 0, 0, 0, 317.6927, 3171.016, 226.9358, 0.7613583, 7200, 0, 0, 0, 0, 0, 0, 0, 0, 26365), -- 111833 (Area: 8025 - Difficulty: 17)
(@CGUID+346, 113406, 1530, 8025, 8025, '0', '0', 0, 0, 0, 275.7552, 3157.523, 145.2808, 6.033355, 7200, 0, 0, 0, 0, 0, 0, 0, 0, 26365), -- 113406 (Area: 8025 - Difficulty: 17) (Auras: 225579 - 225579)
(@CGUID+347, 113406, 1530, 8025, 8025, '0', '0', 0, 0, 0, 280.8733, 3156.948, 145.2814, 5.111582, 7200, 0, 0, 0, 0, 0, 0, 0, 0, 26365), -- 113406 (Area: 8025 - Difficulty: 17) (Auras: 225579 - 225579)
(@CGUID+348, 116662, 1530, 8025, 8025, '0', '0', 0, 0, 0, 251.0486, 3166.911, 146.8835, 0.7013893, 7200, 0, 0, 0, 0, 0, 0, 0, 0, 26365), -- 116662 (Area: 8025 - Difficulty: 17) (Auras: 232277 - 232277)
(@CGUID+349, 112804, 1530, 8025, 8025, '0', '0', 0, 0, 0, 214.6927, 3281.378, 143.9964, 0.2928423, 7200, 0, 0, 0, 0, 0, 0, 0, 0, 26365), -- 112804 (Area: 8025 - Difficulty: 17)
(@CGUID+350, 112660, 1530, 8025, 8025, '0', '0', 0, 0, 0, 210.1024, 3272.32, 143.9951, 0.4843321, 7200, 0, 0, 0, 0, 0, 0, 0, 0, 26365), -- 112660 (Area: 8025 - Difficulty: 17)
(@CGUID+351, 112660, 1530, 8025, 8025, '0', '0', 0, 0, 0, 212.684, 3274.912, 143.9951, 4.251002, 7200, 0, 0, 0, 0, 0, 0, 0, 0, 26365), -- 112660 (Area: 8025 - Difficulty: 17)
(@CGUID+352, 111936, 1530, 8025, 8025, '0', '0', 0, 0, 0, 244.7951, 3396.01, 171.8008, 0, 7200, 0, 0, 0, 0, 0, 0, 0, 0, 26365), -- 111936 (Area: 8025 - Difficulty: 17)
(@CGUID+353, 113307, 1530, 8025, 8025, '0', '0', 0, 0, 0, 199.1313, 3303.303, 142.1075, 0.2423722, 7200, 0, 0, 0, 0, 0, 0, 0, 0, 26365), -- 113307 (Area: 8025 - Difficulty: 17)
(@CGUID+354, 116662, 1530, 8025, 8025, '0', '0', 0, 0, 0, 178.5347, 3239.784, 171.4581, 0.7013893, 7200, 0, 0, 0, 0, 0, 0, 0, 0, 26365), -- 116662 (Area: 8025 - Difficulty: 17) (Auras: 232277 - 232277)
(@CGUID+355, 116662, 1530, 8025, 8025, '0', '0', 0, 0, 0, 314.1285, 3104.191, 146.8835, 0.7179957, 7200, 0, 0, 0, 0, 0, 0, 0, 0, 26365), -- 116662 (Area: 8025 - Difficulty: 17) (Auras: 232277 - 232277)
(@CGUID+356, 116667, 1530, 8025, 8025, '0', '0', 0, 0, 0, 199.1736, 3218.853, 216.5816, 0.7179957, 7200, 0, 0, 0, 0, 0, 0, 0, 0, 26365), -- 116667 (Area: 8025 - Difficulty: 17) (Auras: 232277 - 232277)
(@CGUID+357, 112675, 1530, 8025, 8025, '0', '0', 0, 0, 0, 190.8698, 3251.911, 146.5532, 0.6008496, 7200, 0, 0, 0, 0, 0, 0, 0, 0, 26365), -- 112675 (Area: 8025 - Difficulty: 17)
(@CGUID+358, 111374, 1530, 8025, 8025, '0', '0', 0, 0, 0, 284.6563, 3138.589, 234.0484, 2.71918, 7200, 0, 0, 0, 0, 0, 0, 0, 0, 26365), -- 111374 (Area: 8025 - Difficulty: 17)
(@CGUID+359, 116667, 1530, 8025, 8025, '0', '0', 0, 0, 0, 365.6129, 3052.33, 216.5816, 0.7179957, 7200, 0, 0, 0, 0, 0, 0, 0, 0, 26365), -- 116667 (Area: 8025 - Difficulty: 17) (Auras: 232277 - 232277)
(@CGUID+360, 116662, 1530, 8025, 8025, '0', '0', 0, 0, 0, 386.6389, 3031.495, 171.4524, 0.7013893, 7200, 0, 0, 0, 0, 0, 0, 0, 0, 26365), -- 116662 (Area: 8025 - Difficulty: 17) (Auras: 232277 - 232277)
(@CGUID+361, 112718, 1530, 8025, 8025, '0', '0', 0, 0, 0, 311.2101, 3019.626, 142.9874, 3.801974, 7200, 0, 0, 0, 0, 0, 0, 0, 0, 26365), -- 112718 (Area: 8025 - Difficulty: 17)
(@CGUID+362, 112655, 1530, 8025, 8025, '0', '0', 0, 0, 0, 314.2917, 3015.8, 142.9874, 3.957017, 7200, 0, 0, 0, 0, 0, 0, 0, 0, 26365), -- 112655 (Area: 8025 - Difficulty: 17)
(@CGUID+363, 112638, 1530, 8025, 8025, '0', '0', 0, 0, 0, 315.5313, 3012.28, 142.9874, 2.652511, 7200, 0, 0, 0, 0, 0, 0, 0, 0, 26365), -- 112638 (Area: 8025 - Difficulty: 17)
(@CGUID+364, 116670, 1530, 8025, 8025, '0', '0', 0, 0, 0, 339.0746, 3079.171, 289.498, 2.357195, 7200, 0, 0, 0, 0, 0, 0, 0, 0, 26365), -- 116670 (Area: 8025 - Difficulty: 17) (Auras: 232277 - 232277)
(@CGUID+365, 116820, 1530, 8025, 8025, '0', '0', 0, 0, 0, 155.4757, 3185.904, 111.0176, 0.7013893, 7200, 0, 0, 0, 0, 0, 0, 0, 0, 26365), -- 116820 (Area: 8025 - Difficulty: 17) (Auras: 232277 - 232277)
(@CGUID+366, 107980, 1530, 8025, 8025, '0', '0', 0, 0, 0, 347.0854, 3235.75, 142.2201, 4.253625, 7200, 0, 0, 0, 0, 0, 0, 0, 0, 26365), -- 107980 (Area: 8025 - Difficulty: 17) (Auras: 213179 - 213179)
(@CGUID+367, 107980, 1530, 8025, 8025, '0', '0', 0, 0, 0, 347.0854, 3235.75, 142.2201, 4.253625, 7200, 0, 0, 0, 0, 0, 0, 0, 0, 26365), -- 107980 (Area: 8025 - Difficulty: 17) (Auras: 213179 - 213179)
(@CGUID+368, 107980, 1530, 8025, 8025, '0', '0', 0, 0, 0, 347.0854, 3235.75, 142.2201, 4.253625, 7200, 0, 0, 0, 0, 0, 0, 0, 0, 26365), -- 107980 (Area: 8025 - Difficulty: 17) (Auras: 213179 - 213179)
(@CGUID+369, 107980, 1530, 8025, 8025, '0', '0', 0, 0, 0, 347.0854, 3235.75, 142.2201, 4.253625, 7200, 0, 0, 0, 0, 0, 0, 0, 0, 26365), -- 107980 (Area: 8025 - Difficulty: 17) (Auras: 213179 - 213179)
(@CGUID+370, 110792, 1530, 8025, 8025, '0', '0', 0, 0, 0, 505.8039, 3366.79, 117.1515, 3.94437, 7200, 10, 0, 0, 0, 1, 0, 0, 0, 26365), -- 110792 (Area: 8025 - Difficulty: 17) (possible waypoints or random movement)
(@CGUID+371, 114841, 1530, 8025, 8025, '0', '0', 0, 0, 0, 508.1275, 3360.85, 118.9275, 3.929105, 7200, 10, 0, 0, 0, 1, 0, 0, 0, 26365), -- 114841 (Area: 8025 - Difficulty: 17) (possible waypoints or random movement)
(@CGUID+372, 114838, 1530, 8025, 8025, '0', '0', 0, 0, 0, 508.2833, 3352.993, 122.4508, 3.931908, 7200, 10, 0, 0, 0, 1, 0, 0, 0, 26365), -- 114838 (Area: 8025 - Difficulty: 17) (possible waypoints or random movement)
(@CGUID+373, 114883, 1530, 8025, 8025, '0', '0', 0, 0, 0, 506.3654, 3355.029, 122.4794, 3.923949, 7200, 10, 0, 0, 0, 1, 0, 0, 0, 26365), -- 114883 (Area: 8025 - Difficulty: 17) (possible waypoints or random movement)
(@CGUID+374, 116256, 1530, 8025, 8025, '0', '0', 0, 0, 0, 483.1962, 3341.33, 139.8916, 3.916039, 7200, 10, 0, 0, 0, 1, 0, 0, 0, 26365), -- 116256 (Area: 8025 - Difficulty: 17) (possible waypoints or random movement)
(@CGUID+375, 115772, 1530, 8025, 8025, '0', '0', 0, 0, 0, 488.7809, 3333.275, 140.9828, 3.929426, 7200, 10, 0, 0, 0, 1, 0, 0, 0, 26365), -- 115772 (Area: 8025 - Difficulty: 17) (possible waypoints or random movement)
(@CGUID+376, 115840, 1530, 8025, 8025, '0', '0', 0, 0, 0, 477.7461, 3338.41, 142.3066, 3.955865, 7200, 10, 0, 0, 0, 1, 0, 0, 0, 26365), -- 115840 (Area: 8025 - Difficulty: 17) (possible waypoints or random movement)
(@CGUID+377, 116372, 1530, 8025, 8025, '0', '0', 0, 0, 0, 484.4244, 3335.805, 141.9539, 3.890854, 7200, 10, 0, 0, 0, 1, 0, 0, 0, 26365), -- 116372 (Area: 8025 - Difficulty: 17) (possible waypoints or random movement)
(@CGUID+378, 107997, 1530, 8025, 8025, '0', '0', 0, 0, 0, 482.9265, 3331.326, 142.266, 3.920657, 7200, 10, 0, 0, 0, 1, 0, 0, 0, 26365), -- 107997 (Area: 8025 - Difficulty: 17) (possible waypoints or random movement)
-- (@CGUID+379, 32642, UNKNOWN, 8025, 8025, '0', '0', 0, 0, 0, 0, 0, 0, 0, 7200, 0, 0, 0, 0, 0, 0, 0, 0, 26365), -- 32642 (Area: 8025 - Difficulty: 17) (Auras: 61424 - 61424) - !!! on transport - transport template not found !!!
(@CGUID+380, 112595, 1530, 8025, 8389, '0', '0', 0, 0, 0, 614.4388, 3028.01, 128.6097, 2.346468, 7200, 10, 0, 0, 0, 1, 0, 0, 0, 26365), -- 112595 (Area: 8389 - Difficulty: 17) (Auras: 160758 - 160758) (possible waypoints or random movement)
(@CGUID+381, 112596, 1530, 8025, 8389, '0', '0', 0, 0, 0, 615.2484, 3032.983, 128.5068, 2.353575, 7200, 10, 0, 0, 0, 1, 0, 0, 0, 26365), -- 112596 (Area: 8389 - Difficulty: 17) (Auras: ) (possible waypoints or random movement)
(@CGUID+382, 112596, 1530, 8025, 8389, '0', '0', 0, 0, 0, 609.7938, 3027.124, 128.5928, 2.353593, 7200, 10, 0, 0, 0, 1, 0, 0, 0, 26365), -- 112596 (Area: 8389 - Difficulty: 17) (Auras: ) (possible waypoints or random movement)
(@CGUID+383, 111303, 1530, 8025, 8389, '0', '0', 0, 0, 0, 638.2448, 3018.006, 128.5076, 6.271062, 7200, 0, 0, 0, 0, 0, 0, 0, 0, 26365), -- 111303 (Area: 8389 - Difficulty: 17) (Auras: 188236 - 188236)
(@CGUID+384, 112596, 1530, 8025, 8389, '0', '0', 0, 0, 0, 640.3924, 3015.922, 128.5076, 1.881011, 7200, 10, 0, 0, 0, 1, 0, 0, 0, 26365), -- 112596 (Area: 8389 - Difficulty: 17) (Auras: ) (possible waypoints or random movement)
(@CGUID+385, 112955, 1530, 8025, 8389, '0', '0', 0, 0, 0, 744.0969, 2971.809, 127.4214, 4.405743, 7200, 10, 0, 0, 0, 1, 0, 0, 0, 26365), -- 112955 (Area: 8389 - Difficulty: 17) (possible waypoints or random movement)
(@CGUID+386, 112603, 1530, 8025, 8389, '0', '0', 0, 0, 0, 750.4688, 2964.311, 125.0763, 0.2817363, 7200, 0, 0, 0, 0, 0, 0, 0, 0, 26365), -- 112603 (Area: 8389 - Difficulty: 17) (Auras: 188236 - 188236)
(@CGUID+387, 112603, 1530, 8025, 8389, '0', '0', 0, 0, 0, 669.8559, 2851.085, 125.369, 0.7330383, 7200, 10, 0, 0, 0, 1, 0, 0, 0, 26365), -- 112603 (Area: 8389 - Difficulty: 17) (Auras: 188236 - 188236) (possible waypoints or random movement)
(@CGUID+388, 92870, 1530, 8025, 8389, '0', '0', 0, 0, 0, 598.5086, 3178.907, 206.0427, 0.783437, 7200, 0, 0, 0, 0, 0, 0, 0, 0, 26365), -- 92870 (Area: 8389 - Difficulty: 17) (Auras: )
-- (@CGUID+389, 32642, UNKNOWN, 8025, 0, '0', '0', 0, 0, 0, 0, 0, 0, 0, 7200, 0, 0, 0, 0, 0, 0, 0, 0, 26365), -- 32642 (Area: 0 - Difficulty: 17) (Auras: 61424 - 61424) - !!! on transport - transport template not found !!!
(@CGUID+390, 103758, 1530, 8025, 8389, '0', '0', 0, 0, 0, 607.7674, 3187.991, 196.6637, 0.681235, 7200, 0, 0, 0, 0, 0, 0, 0, 0, 26365), -- 103758 (Area: 8389 - Difficulty: 17) (Auras: 232550 - 232550)
(@CGUID+391, 92870, 1530, 8025, 8389, '0', '0', 0, 0, 0, 623.9013, 3187.142, 206.0427, 3.119618, 7200, 0, 0, 0, 0, 0, 0, 0, 0, 26365), -- 92870 (Area: 8389 - Difficulty: 17) (Auras: )
(@CGUID+392, 103758, 1530, 8025, 8389, '0', '0', 0, 0, 0, 607.7674, 3187.991, 196.6637, 0.681235, 7200, 0, 0, 0, 0, 0, 0, 0, 0, 26365), -- 103758 (Area: 8389 - Difficulty: 17) (Auras: 232550 - 232550)
(@CGUID+393, 92870, 1530, 8025, 8389, '0', '0', 0, 0, 0, 594.2171, 3185.314, 206.0432, 0.298083, 7200, 0, 0, 0, 0, 0, 0, 0, 0, 26365), -- 92870 (Area: 8389 - Difficulty: 17) (Auras: )
-- (@CGUID+394, 32642, UNKNOWN, 8025, 0, '0', '0', 0, 0, 0, 0, 0, 0, 0, 7200, 0, 0, 0, 0, 0, 0, 0, 0, 26365), -- 32642 (Area: 0 - Difficulty: 17) (Auras: 61424 - 61424) - !!! on transport - transport template not found !!!
(@CGUID+395, 112955, 1530, 8025, 8389, '0', '0', 0, 0, 0, 738.3861, 2874.568, 126.1969, 5.497139, 7200, 0, 0, 0, 0, 0, 0, 0, 0, 26365), -- 112955 (Area: 8389 - Difficulty: 17)
(@CGUID+396, 112955, 1530, 8025, 8389, '0', '0', 0, 0, 0, 710.7842, 2835.598, 126.684, 4.450206, 7200, 0, 0, 0, 0, 0, 0, 0, 0, 26365), -- 112955 (Area: 8389 - Difficulty: 17) (Auras: )
(@CGUID+397, 112973, 1530, 8025, 8389, '0', '0', 0, 0, 0, 623.033, 2783.734, 125.3996, 0.6810853, 7200, 0, 0, 0, 0, 0, 0, 0, 0, 26365), -- 112973 (Area: 8389 - Difficulty: 17) (Auras: 160758 - 160758, 224861 - 224861)
(@CGUID+398, 112973, 1530, 8025, 8389, '0', '0', 0, 0, 0, 649.5, 2802.332, 125.4011, 3.678307, 7200, 0, 0, 0, 0, 0, 0, 0, 0, 26365), -- 112973 (Area: 8389 - Difficulty: 17) (Auras: 160758 - 160758, 224861 - 224861)
(@CGUID+399, 112678, 1530, 8025, 8389, '0', '0', 0, 0, 0, 637.7066, 2898.491, 123.3245, 4.509731, 7200, 0, 0, 0, 0, 0, 0, 0, 0, 26365), -- 112678 (Area: 8389 - Difficulty: 17) (Auras: 188236 - 188236)
(@CGUID+400, 111295, 1530, 8025, 8389, '0', '0', 0, 0, 0, 674.2639, 2950.055, 127.1103, 4.859993, 7200, 0, 0, 0, 0, 0, 0, 0, 0, 26365), -- 111295 (Area: 8389 - Difficulty: 17) (Auras: )
(@CGUID+401, 112973, 1530, 8025, 8389, '0', '0', 0, 0, 0, 653.6597, 2795.788, 125.4, 3.218013, 7200, 0, 0, 0, 0, 0, 0, 0, 0, 26365), -- 112973 (Area: 8389 - Difficulty: 17) (Auras: 160758 - 160758, 224861 - 224861)
(@CGUID+402, 112603, 1530, 8025, 8389, '0', '0', 0, 0, 0, 695.2552, 2834.571, 125.259, 4.991992, 7200, 0, 0, 0, 0, 0, 0, 0, 0, 26365), -- 112603 (Area: 8389 - Difficulty: 17) (Auras: 188236 - 188236)
(@CGUID+403, 111303, 1530, 8025, 8389, '0', '0', 0, 0, 0, 718.5243, 2976.667, 126.2173, 4.39222, 7200, 0, 0, 0, 0, 0, 0, 0, 0, 26365), -- 111303 (Area: 8389 - Difficulty: 17) (Auras: 188236 - 188236)
(@CGUID+404, 112973, 1530, 8025, 8389, '0', '0', 0, 0, 0, 632.934, 2809.707, 125.4017, 5.015439, 7200, 0, 0, 0, 0, 0, 0, 0, 0, 26365), -- 112973 (Area: 8389 - Difficulty: 17) (Auras: 160758 - 160758, 224861 - 224861)
(@CGUID+405, 112955, 1530, 8025, 8389, '0', '0', 0, 0, 0, 698.2277, 2815.058, 127.0134, 2.151964, 7200, 0, 0, 0, 0, 0, 0, 0, 0, 26365), -- 112955 (Area: 8389 - Difficulty: 17)
(@CGUID+406, 112595, 1530, 8025, 8389, '0', '0', 0, 0, 0, 642.257, 2895.809, 123.3245, 3.097565, 7200, 0, 0, 0, 0, 0, 0, 0, 0, 26365), -- 112595 (Area: 8389 - Difficulty: 17) (Auras: 160758 - 160758)
(@CGUID+407, 111303, 1530, 8025, 8389, '0', '0', 0, 0, 0, 710.6667, 2974.889, 126.2244, 5.478725, 7200, 0, 0, 0, 0, 0, 0, 0, 0, 26365), -- 111303 (Area: 8389 - Difficulty: 17) (Auras: 188236 - 188236)
(@CGUID+408, 112973, 1530, 8025, 8389, '0', '0', 0, 0, 0, 621.467, 2801.451, 125.3995, 5.91416, 7200, 0, 0, 0, 0, 0, 0, 0, 0, 26365), -- 112973 (Area: 8389 - Difficulty: 17) (Auras: 160758 - 160758, 224861 - 224861)
(@CGUID+409, 112595, 1530, 8025, 8389, '0', '0', 0, 0, 0, 636.6771, 2893.405, 123.3245, 1.059772, 7200, 0, 0, 0, 0, 0, 0, 0, 0, 26365), -- 112595 (Area: 8389 - Difficulty: 17) (Auras: 160758 - 160758)
(@CGUID+410, 111303, 1530, 8025, 8389, '0', '0', 0, 0, 0, 713.882, 2976.602, 126.2944, 5.02422, 7200, 0, 0, 0, 0, 0, 0, 0, 0, 26365), -- 111303 (Area: 8389 - Difficulty: 17) (Auras: 188236 - 188236)
(@CGUID+411, 112973, 1530, 8025, 8389, '0', '0', 0, 0, 0, 625.1736, 2808.266, 125.3996, 5.469242, 7200, 0, 0, 0, 0, 0, 0, 0, 0, 26365), -- 112973 (Area: 8389 - Difficulty: 17) (Auras: 160758 - 160758, 224861 - 224861)
(@CGUID+412, 111303, 1530, 8025, 8389, '0', '0', 0, 0, 0, 640.7656, 2892.449, 123.3245, 2.432416, 7200, 0, 0, 0, 0, 0, 0, 0, 0, 26365), -- 111303 (Area: 8389 - Difficulty: 17) (Auras: 188236 - 188236)
(@CGUID+413, 111295, 1530, 8025, 0, '0', '0', 0, 0, 0, 731.1357, 2955.49, 124.4999, 6.237174, 7200, 10, 0, 0, 0, 1, 0, 0, 0, 26365), -- 111295 (Area: 0 - Difficulty: 17) (possible waypoints or random movement)
(@CGUID+414, 112603, 1530, 8025, 0, '0', '0', 0, 0, 0, 699.632, 2799.01, 125.0957, 4.846516, 7200, 0, 0, 0, 0, 0, 0, 0, 0, 26365), -- 112603 (Area: 0 - Difficulty: 17) (Auras: 188236 - 188236)
(@CGUID+415, 112603, 1530, 8025, 0, '0', '0', 0, 0, 0, 707.7361, 2807.008, 126.2445, 5.151884, 7200, 0, 0, 0, 0, 0, 0, 0, 0, 26365), -- 112603 (Area: 0 - Difficulty: 17) (Auras: 188236 - 188236)
(@CGUID+416, 112603, 1530, 8025, 0, '0', '0', 0, 0, 0, 704.6198, 2803.535, 126.4591, 6.019719, 7200, 0, 0, 0, 0, 0, 0, 0, 0, 26365), -- 112603 (Area: 0 - Difficulty: 17) (Auras: 188236 - 188236)
(@CGUID+417, 112973, 1530, 8025, 0, '0', '0', 0, 0, 0, 627.408, 2777.157, 125.4036, 1.097675, 7200, 0, 0, 0, 0, 0, 0, 0, 0, 26365), -- 112973 (Area: 0 - Difficulty: 17) (Auras: 160758 - 160758, 224861 - 224861)
(@CGUID+418, 112595, 1530, 8025, 0, '0', '0', 0, 0, 0, 733.1464, 2953.314, 124.4056, 6.206004, 7200, 10, 0, 0, 0, 1, 0, 0, 0, 26365), -- 112595 (Area: 0 - Difficulty: 17) (Auras: 160758 - 160758) (possible waypoints or random movement)
(@CGUID+419, 112973, 1530, 8025, 0, '0', '0', 0, 0, 0, 651.1563, 2788.295, 125.4009, 2.749341, 7200, 0, 0, 0, 0, 0, 0, 0, 0, 26365), -- 112973 (Area: 0 - Difficulty: 17) (Auras: 160758 - 160758, 224861 - 224861)
(@CGUID+420, 112973, 1530, 8025, 0, '0', '0', 0, 0, 0, 635.132, 2776.427, 125.4026, 1.508124, 7200, 0, 0, 0, 0, 0, 0, 0, 0, 26365), -- 112973 (Area: 0 - Difficulty: 17) (Auras: 160758 - 160758, 224861 - 224861)
(@CGUID+421, 112596, 1530, 8025, 0, '0', '0', 0, 0, 0, 731.6072, 2900.218, 124.8722, 0.9402608, 7200, 10, 0, 0, 0, 1, 0, 0, 0, 26365), -- 112596 (Area: 0 - Difficulty: 17) (possible waypoints or random movement)
(@CGUID+422, 112596, 1530, 8025, 0, '0', '0', 0, 0, 0, 732.0609, 2897.655, 124.8582, 0.7978378, 7200, 10, 0, 0, 0, 1, 0, 0, 0, 26365), -- 112596 (Area: 0 - Difficulty: 17) (possible waypoints or random movement)
(@CGUID+423, 112956, 1530, 8025, 0, '0', '0', 0, 0, 0, 638.9505, 2856.003, 124.7023, 4.043966, 7200, 0, 0, 0, 0, 0, 0, 0, 0, 26365), -- 112956 (Area: 0 - Difficulty: 17)
(@CGUID+424, 112596, 1530, 8025, 0, '0', '0', 0, 0, 0, 655.2879, 2849.55, 125.3812, 1.744382, 7200, 0, 0, 0, 0, 0, 0, 0, 0, 26365), -- 112596 (Area: 0 - Difficulty: 17) (Auras: )
(@CGUID+425, 111295, 1530, 8025, 0, '0', '0', 0, 0, 0, 736.9531, 2888.339, 125.0169, 1.53028, 7200, 0, 0, 0, 0, 0, 0, 0, 0, 26365), -- 111295 (Area: 0 - Difficulty: 17)
(@CGUID+426, 104528, 1530, 8025, 0, '0', '0', 0, 0, 0, 678.2986, 2757.03, 125.3331, 2.397755, 7200, 0, 0, 0, 0, 0, 0, 0, 0, 26365), -- 104528 (Area: 0 - Difficulty: 17) (Auras: 218502 - 218502)
(@CGUID+427, 112678, 1530, 8025, 0, '0', '0', 0, 0, 0, 667.2292, 2878.251, 127.5001, 0.8984888, 7200, 0, 0, 0, 0, 0, 0, 0, 0, 26365), -- 112678 (Area: 0 - Difficulty: 17) (Auras: 188236 - 188236)
(@CGUID+428, 111295, 1530, 8025, 0, '0', '0', 0, 0, 0, 670.8125, 2876.101, 126.9483, 0.8984888, 7200, 0, 0, 0, 0, 0, 0, 0, 0, 26365), -- 111295 (Area: 0 - Difficulty: 17) (Auras: )
(@CGUID+429, 111303, 1530, 8025, 0, '0', '0', 0, 0, 0, 732.967, 2934.429, 126.1752, 2.181685, 7200, 0, 0, 0, 0, 0, 0, 0, 0, 26365), -- 111303 (Area: 0 - Difficulty: 17) (Auras: 188236 - 188236)
(@CGUID+430, 112678, 1530, 8025, 0, '0', '0', 0, 0, 0, 750.0562, 2902.665, 124.5628, 4.206279, 7200, 0, 0, 0, 0, 0, 0, 0, 0, 26365), -- 112678 (Area: 0 - Difficulty: 17) (Auras: 188236 - 188236)
(@CGUID+431, 109164, 1530, 8025, 0, '0', '0', 0, 0, 0, 678.9375, 2756.681, 125.3331, 2.423896, 7200, 0, 0, 0, 0, 0, 0, 0, 0, 26365), -- 109164 (Area: 0 - Difficulty: 17) (Auras: 216897 - 216897)
(@CGUID+432, 112595, 1530, 8025, 0, '0', '0', 0, 0, 0, 685.5625, 2852.524, 125.5826, 2.94421, 7200, 0, 0, 0, 0, 0, 0, 0, 0, 26365), -- 112595 (Area: 0 - Difficulty: 17) (Auras: 160758 - 160758)
(@CGUID+433, 112595, 1530, 8025, 0, '0', '0', 0, 0, 0, 652.1962, 2830.951, 125.3331, 4.075687, 7200, 0, 0, 0, 0, 0, 0, 0, 0, 26365), -- 112595 (Area: 0 - Difficulty: 17) (Auras: 160758 - 160758)
(@CGUID+434, 112595, 1530, 8025, 0, '0', '0', 0, 0, 0, 604.5018, 2829.849, 125.3433, 2.589605, 7200, 0, 0, 0, 0, 0, 0, 0, 0, 26365), -- 112595 (Area: 0 - Difficulty: 17) (Auras: 160758 - 160758)
(@CGUID+435, 112603, 1530, 8025, 0, '0', '0', 0, 0, 0, 608.5156, 2728.423, 125.5603, 4.200055, 7200, 0, 0, 0, 0, 0, 0, 0, 0, 26365), -- 112603 (Area: 0 - Difficulty: 17) (Auras: 188236 - 188236)
(@CGUID+436, 112596, 1530, 8025, 0, '0', '0', 0, 0, 0, 768.1285, 2904.524, 126.6907, 2.244577, 7200, 0, 0, 0, 0, 0, 0, 0, 0, 26365), -- 112596 (Area: 0 - Difficulty: 17)
(@CGUID+437, 112603, 1530, 8025, 0, '0', '0', 0, 0, 0, 646.5018, 2732.462, 125.3331, 4.853331, 7200, 0, 0, 0, 0, 0, 0, 0, 0, 26365), -- 112603 (Area: 0 - Difficulty: 17) (Auras: 188236 - 188236)
(@CGUID+438, 111295, 1530, 8025, 0, '0', '0', 0, 0, 0, 650.2761, 2832.58, 125.3331, 4.327458, 7200, 0, 0, 0, 0, 0, 0, 0, 0, 26365), -- 111295 (Area: 0 - Difficulty: 17) (Auras: )
(@CGUID+439, 112596, 1530, 8025, 0, '0', '0', 0, 0, 0, 778.2917, 2914.555, 126.6899, 2.102315, 7200, 0, 0, 0, 0, 0, 0, 0, 0, 26365), -- 112596 (Area: 0 - Difficulty: 17)
(@CGUID+440, 112956, 1530, 8025, 0, '0', '0', 0, 0, 0, 726.5066, 2842.913, 123.983, 0.7315085, 7200, 10, 0, 0, 0, 1, 0, 0, 0, 26365), -- 112956 (Area: 0 - Difficulty: 17) (possible waypoints or random movement)
(@CGUID+441, 112595, 1530, 8025, 0, '0', '0', 0, 0, 0, 777.0452, 2892.097, 126.6063, 1.638043, 7200, 0, 0, 0, 0, 0, 0, 0, 0, 26365), -- 112595 (Area: 0 - Difficulty: 17) (Auras: 160758 - 160758)
(@CGUID+442, 112678, 1530, 8025, 0, '0', '0', 0, 0, 0, 775.5174, 2896.674, 126.6063, 5.843914, 7200, 0, 0, 0, 0, 0, 0, 0, 0, 26365), -- 112678 (Area: 0 - Difficulty: 17) (Auras: 188236 - 188236)
(@CGUID+443, 112678, 1530, 8025, 0, '0', '0', 0, 0, 0, 603.4688, 2825.142, 125.3503, 2.373323, 7200, 0, 0, 0, 0, 0, 0, 0, 0, 26365), -- 112678 (Area: 0 - Difficulty: 17) (Auras: 188236 - 188236)
(@CGUID+444, 112595, 1530, 8025, 0, '0', '0', 0, 0, 0, 599.2847, 2823.918, 125.3177, 2.091391, 7200, 0, 0, 0, 0, 0, 0, 0, 0, 26365), -- 112595 (Area: 0 - Difficulty: 17) (Auras: 160758 - 160758)
(@CGUID+445, 111303, 1530, 8025, 0, '0', '0', 0, 0, 0, 779.0521, 2898.083, 126.6063, 4.471269, 7200, 0, 0, 0, 0, 0, 0, 0, 0, 26365), -- 111303 (Area: 0 - Difficulty: 17) (Auras: 188236 - 188236)
(@CGUID+446, 111303, 1530, 8025, 0, '0', '0', 0, 0, 0, 746.908, 2867.686, 126.1217, 0.483254, 7200, 0, 0, 0, 0, 0, 0, 0, 0, 26365), -- 111303 (Area: 0 - Difficulty: 17) (Auras: 188236 - 188236)
(@CGUID+447, 112678, 1530, 8025, 0, '0', '0', 0, 0, 0, 749.7882, 2866.873, 126.1322, 2.376388, 7200, 0, 0, 0, 0, 0, 0, 0, 0, 26365), -- 112678 (Area: 0 - Difficulty: 17) (Auras: 188236 - 188236)
(@CGUID+448, 112596, 1530, 8025, 0, '0', '0', 0, 0, 0, 679.2758, 2828.563, 125.3318, 4.175309, 7200, 10, 0, 0, 0, 1, 0, 0, 0, 26365), -- 112596 (Area: 0 - Difficulty: 17) (Auras: ) (possible waypoints or random movement)
(@CGUID+449, 112955, 1530, 8025, 0, '0', '0', 0, 0, 0, 618.3191, 2721.973, 126.9993, 2.442853, 7200, 10, 0, 0, 0, 1, 0, 0, 0, 26365), -- 112955 (Area: 0 - Difficulty: 17) (possible waypoints or random movement)
(@CGUID+450, 112596, 1530, 8025, 0, '0', '0', 0, 0, 0, 604.3835, 2818.638, 125.3179, 1.038306, 7200, 10, 0, 0, 0, 1, 0, 0, 0, 26365), -- 112596 (Area: 0 - Difficulty: 17) (possible waypoints or random movement)
(@CGUID+451, 92870, 1530, 8025, 0, '0', '0', 0, 0, 0, 616.314, 3024.858, 138.5076, 5.748356, 7200, 0, 0, 0, 0, 0, 0, 0, 0, 26365), -- 92870 (Area: 0 - Difficulty: 17) (Auras: )
(@CGUID+452, 112956, 1530, 8025, 8348, '0', '0', 0, 0, 0, 722.2913, 2788.695, 126.0206, 1.017936, 7200, 0, 0, 0, 0, 0, 0, 0, 0, 26365), -- 112956 (Area: 8348 - Difficulty: 17)
(@CGUID+453, 112956, 1530, 8025, 8348, '0', '0', 0, 0, 0, 584.5363, 2790.291, 124.7399, 1.779298, 7200, 10, 0, 0, 0, 1, 0, 0, 0, 26365), -- 112956 (Area: 8348 - Difficulty: 17) (possible waypoints or random movement)
(@CGUID+454, 112955, 1530, 8025, 8348, '0', '0', 0, 0, 0, 537.108, 2694.591, 122.5906, 0.7616127, 7200, 0, 0, 0, 0, 0, 0, 0, 0, 26365), -- 112955 (Area: 8348 - Difficulty: 17)
(@CGUID+455, 112596, 1530, 8025, 8348, '0', '0', 0, 0, 0, 634.9494, 2754.494, 125.3679, 3.044623, 7200, 0, 0, 0, 0, 0, 0, 0, 0, 26365), -- 112596 (Area: 8348 - Difficulty: 17) (Auras: )
(@CGUID+456, 112955, 1530, 8025, 8348, '0', '0', 0, 0, 0, 527.2845, 2688.212, 122.3824, 4.123689, 7200, 0, 0, 0, 0, 0, 0, 0, 0, 26365), -- 112955 (Area: 8348 - Difficulty: 17)
(@CGUID+457, 112595, 1530, 8025, 8348, '0', '0', 0, 0, 0, 541.9549, 2799.695, 123.3245, 5.494909, 7200, 0, 0, 0, 0, 0, 0, 0, 0, 26365), -- 112595 (Area: 8348 - Difficulty: 17) (Auras: 160758 - 160758)
(@CGUID+458, 111303, 1530, 8025, 8348, '0', '0', 0, 0, 0, 542.3108, 2793.975, 123.3245, 1.30606, 7200, 0, 0, 0, 0, 0, 0, 0, 0, 26365), -- 111303 (Area: 8348 - Difficulty: 17) (Auras: 188236 - 188236)
(@CGUID+459, 110341, 1530, 8025, 8348, '0', '0', 0, 0, 0, 670.2743, 2763.781, 125.3331, 0, 7200, 0, 0, 0, 0, 0, 0, 0, 0, 26365), -- 110341 (Area: 8348 - Difficulty: 17)
(@CGUID+460, 112596, 1530, 8025, 8348, '0', '0', 0, 0, 0, 585.8697, 2760.383, 125.1077, 0.454159, 7200, 0, 0, 0, 0, 0, 0, 0, 0, 26365), -- 112596 (Area: 8348 - Difficulty: 17)
(@CGUID+461, 112678, 1530, 8025, 8348, '0', '0', 0, 0, 0, 545.3264, 2797.211, 123.3245, 3.59578, 7200, 0, 0, 0, 0, 0, 0, 0, 0, 26365), -- 112678 (Area: 8348 - Difficulty: 17) (Auras: 188236 - 188236)
(@CGUID+462, 112678, 1530, 8025, 8348, '0', '0', 0, 0, 0, 540.3906, 2796.595, 123.3245, 0.4212247, 7200, 0, 0, 0, 0, 0, 0, 0, 0, 26365), -- 112678 (Area: 8348 - Difficulty: 17) (Auras: 188236 - 188236)
(@CGUID+463, 112595, 1530, 8025, 8348, '0', '0', 0, 0, 0, 541.3368, 2776.728, 127.4944, 4.195005, 7200, 0, 0, 0, 0, 0, 0, 0, 0, 26365), -- 112595 (Area: 8348 - Difficulty: 17) (Auras: 160758 - 160758)
(@CGUID+464, 112596, 1530, 8025, 8348, '0', '0', 0, 0, 0, 543.7309, 2736.196, 121.1943, 3.825068, 7200, 0, 0, 0, 0, 0, 0, 0, 0, 26365), -- 112596 (Area: 8348 - Difficulty: 17)
(@CGUID+465, 112956, 1530, 8025, 8348, '0', '0', 0, 0, 0, 621.9809, 2707.25, 125.2132, 0, 7200, 0, 0, 0, 0, 0, 0, 0, 0, 26365), -- 112956 (Area: 8348 - Difficulty: 17)
(@CGUID+466, 112595, 1530, 8025, 8348, '0', '0', 0, 0, 0, 546.9271, 2732.419, 121.1953, 3.168418, 7200, 0, 0, 0, 0, 0, 0, 0, 0, 26365), -- 112595 (Area: 8348 - Difficulty: 17) (Auras: 160758 - 160758)
(@CGUID+467, 112956, 1530, 8025, 8348, '0', '0', 0, 0, 0, 579.578, 2728.234, 121.8296, 1.424278, 7200, 0, 0, 0, 0, 0, 0, 0, 0, 26365), -- 112956 (Area: 8348 - Difficulty: 17)
(@CGUID+468, 112956, 1530, 8025, 8348, '0', '0', 0, 0, 0, 562.7045, 2719.884, 121.8969, 0.2757528, 7200, 0, 0, 0, 0, 0, 0, 0, 0, 26365), -- 112956 (Area: 8348 - Difficulty: 17)
(@CGUID+469, 112596, 1530, 8025, 8348, '0', '0', 0, 0, 0, 544.592, 2728.396, 121.1392, 2.20114, 7200, 0, 0, 0, 0, 0, 0, 0, 0, 26365), -- 112596 (Area: 8348 - Difficulty: 17)
(@CGUID+470, 112678, 1530, 8025, 8348, '0', '0', 0, 0, 0, 549.173, 2713.097, 120.8589, 1.884668, 7200, 10, 0, 0, 0, 1, 0, 0, 0, 26365), -- 112678 (Area: 8348 - Difficulty: 17) (Auras: 188236 - 188236) (possible waypoints or random movement)
(@CGUID+471, 111303, 1530, 8025, 8348, '0', '0', 0, 0, 0, 501.9254, 2757.8, 121.3912, 4.471269, 7200, 0, 0, 0, 0, 0, 0, 0, 0, 26365), -- 111303 (Area: 8348 - Difficulty: 17) (Auras: 188236 - 188236)
(@CGUID+472, 111295, 1530, 8025, 8348, '0', '0', 0, 0, 0, 563.3438, 2676.339, 120.9267, 1.842296, 7200, 0, 0, 0, 0, 0, 0, 0, 0, 26365), -- 111295 (Area: 8348 - Difficulty: 17)
(@CGUID+473, 111303, 1530, 8025, 8348, '0', '0', 0, 0, 0, 577.7813, 2678.253, 120.6756, 1.638043, 7200, 0, 0, 0, 0, 0, 0, 0, 0, 26365), -- 111303 (Area: 8348 - Difficulty: 17) (Auras: 188236 - 188236)
(@CGUID+474, 111303, 1530, 8025, 8348, '0', '0', 0, 0, 0, 579.7882, 2684.24, 120.6545, 4.471269, 7200, 0, 0, 0, 0, 0, 0, 0, 0, 26365), -- 111303 (Area: 8348 - Difficulty: 17) (Auras: 188236 - 188236)
(@CGUID+475, 112595, 1530, 8025, 8348, '0', '0', 0, 0, 0, 576.2535, 2682.83, 120.8177, 5.843913, 7200, 0, 0, 0, 0, 0, 0, 0, 0, 26365), -- 112595 (Area: 8348 - Difficulty: 17) (Auras: 160758 - 160758)
(@CGUID+476, 112595, 1530, 8025, 8348, '0', '0', 0, 0, 0, 498.3906, 2756.391, 121.3912, 5.843913, 7200, 0, 0, 0, 0, 0, 0, 0, 0, 26365), -- 112595 (Area: 8348 - Difficulty: 17) (Auras: 160758 - 160758)
(@CGUID+477, 112678, 1530, 8025, 8348, '0', '0', 0, 0, 0, 499.9184, 2751.814, 121.3681, 1.638043, 7200, 0, 0, 0, 0, 0, 0, 0, 0, 26365), -- 112678 (Area: 8348 - Difficulty: 17) (Auras: 188236 - 188236)
(@CGUID+478, 111303, 1530, 8025, 8348, '0', '0', 0, 0, 0, 529.3489, 2697.795, 121.6499, 4.702948, 7200, 0, 0, 0, 0, 0, 0, 0, 0, 26365), -- 111303 (Area: 8348 - Difficulty: 17) (Auras: 188236 - 188236)
(@CGUID+479, 112956, 1530, 8025, 8348, '0', '0', 0, 0, 0, 513.5273, 2696.164, 120.9004, 1.091686, 7200, 0, 0, 0, 0, 0, 0, 0, 0, 26365), -- 112956 (Area: 8348 - Difficulty: 17)
(@CGUID+480, 111303, 1530, 8025, 8348, '0', '0', 0, 0, 0, 479.7691, 2710.85, 118.9368, 3.371239, 7200, 0, 0, 0, 0, 0, 0, 0, 0, 26365), -- 111303 (Area: 8348 - Difficulty: 17) (Auras: 188236 - 188236)
(@CGUID+481, 109583, 1530, 8025, 8348, '0', '0', 0, 0, 0, 656.6723, 2782.147, 125.5101, 1.466077, 7200, 0, 0, 0, 0, 0, 0, 0, 0, 26365), -- 109583 (Area: 8348 - Difficulty: 17)
(@CGUID+482, 109075, 1530, 8025, 8348, '0', '0', 0, 0, 0, 640.7322, 2814.388, 125.5686, 5.094412, 7200, 0, 0, 0, 0, 0, 0, 0, 0, 26365), -- 109075 (Area: 8348 - Difficulty: 17) (Auras: 218357 - 218357)
(@CGUID+483, 109075, 1530, 8025, 8348, '0', '0', 0, 0, 0, 654.5907, 2794.14, 125.568, 5.069107, 7200, 0, 0, 0, 0, 0, 0, 0, 0, 26365), -- 109075 (Area: 8348 - Difficulty: 17) (Auras: )
(@CGUID+484, 109804, 1530, 8025, 8348, '0', '0', 0, 0, 0, 640.286, 2817.88, 125.3983, 0, 7200, 0, 0, 0, 0, 0, 0, 0, 0, 26365), -- 109804 (Area: 8348 - Difficulty: 17) (Auras: 218520 - 218520)
(@CGUID+485, 109804, 1530, 8025, 8348, '0', '0', 0, 0, 0, 610.007, 2787.85, 125.4043, 0, 7200, 0, 0, 0, 0, 0, 0, 0, 0, 26365), -- 109804 (Area: 8348 - Difficulty: 17) (Auras: 218520 - 218520)
(@CGUID+486, 109804, 1530, 8025, 8348, '0', '0', 0, 0, 0, 655.056, 2777.77, 125.3953, 0, 7200, 0, 0, 0, 0, 0, 0, 0, 0, 26365), -- 109804 (Area: 8348 - Difficulty: 17) (Auras: 218520 - 218520)
(@CGUID+487, 109583, 1530, 8025, 8348, '0', '0', 0, 0, 0, 660.4586, 2802.245, 125.5099, 1.43117, 7200, 0, 0, 0, 0, 0, 0, 0, 0, 26365), -- 109583 (Area: 8348 - Difficulty: 17)
(@CGUID+488, 92870, 1530, 8025, 8348, '0', '0', 0, 0, 0, 637.8885, 2788.024, 135.3853, 5.972192, 7200, 0, 0, 0, 0, 0, 0, 0, 0, 26365), -- 92870 (Area: 8348 - Difficulty: 17) (Auras: )
(@CGUID+489, 109075, 1530, 8025, 8348, '0', '0', 0, 0, 0, 651.3782, 2807.711, 125.5741, 4.954452, 7200, 0, 0, 0, 0, 0, 0, 0, 0, 26365), -- 109075 (Area: 8348 - Difficulty: 17) (Auras: 218357 - 218357)
(@CGUID+490, 109075, 1530, 8025, 8348, '0', '0', 0, 0, 0, 658.9012, 2787.305, 125.59, 4.769359, 7200, 0, 0, 0, 0, 0, 0, 0, 0, 26365), -- 109075 (Area: 8348 - Difficulty: 17) (Auras: )
(@CGUID+491, 109075, 1530, 8025, 8348, '0', '0', 0, 0, 0, 660.6779, 2777.898, 125.3866, 0.6898727, 7200, 0, 0, 0, 0, 0, 0, 0, 0, 26365), -- 109075 (Area: 8348 - Difficulty: 17) (Auras: )
(@CGUID+492, 109804, 1530, 8025, 8348, '0', '0', 0, 0, 0, 640.286, 2817.88, 125.3983, 0, 7200, 0, 0, 0, 0, 0, 0, 0, 0, 26365), -- 109804 (Area: 8348 - Difficulty: 17) (Auras: 218520 - 218520)
(@CGUID+493, 109804, 1530, 8025, 8348, '0', '0', 0, 0, 0, 610.007, 2787.85, 125.4043, 0, 7200, 0, 0, 0, 0, 0, 0, 0, 0, 26365), -- 109804 (Area: 8348 - Difficulty: 17) (Auras: 218520 - 218520)
(@CGUID+494, 109804, 1530, 8025, 8348, '0', '0', 0, 0, 0, 655.056, 2777.77, 125.3953, 0, 7200, 0, 0, 0, 0, 0, 0, 0, 0, 26365), -- 109804 (Area: 8348 - Difficulty: 17) (Auras: 218520 - 218520)
(@CGUID+495, 109075, 1530, 8025, 8348, '0', '0', 0, 0, 0, 626.9672, 2809.25, 125.5493, 5.528614, 7200, 0, 0, 0, 0, 0, 0, 0, 0, 26365), -- 109075 (Area: 8348 - Difficulty: 17) (Auras: 218357 - 218357)
(@CGUID+496, 109583, 1530, 8025, 8348, '0', '0', 0, 0, 0, 656.1255, 2784.194, 125.3849, 2.740167, 7200, 0, 0, 0, 0, 0, 0, 0, 0, 26365), -- 109583 (Area: 8348 - Difficulty: 17)
(@CGUID+497, 109075, 1530, 8025, 8348, '0', '0', 0, 0, 0, 653.1099, 2786.697, 125.5852, 2.073404, 7200, 0, 0, 0, 0, 0, 0, 0, 0, 26365), -- 109075 (Area: 8348 - Difficulty: 17) (Auras: )
(@CGUID+498, 109804, 1530, 8025, 8348, '0', '0', 0, 0, 0, 640.286, 2817.88, 125.3983, 0, 7200, 0, 0, 0, 0, 0, 0, 0, 0, 26365), -- 109804 (Area: 8348 - Difficulty: 17) (Auras: 218520 - 218520)
(@CGUID+499, 109804, 1530, 8025, 8348, '0', '0', 0, 0, 0, 610.007, 2787.85, 125.4043, 0, 7200, 0, 0, 0, 0, 0, 0, 0, 0, 26365); -- 109804 (Area: 8348 - Difficulty: 17) (Auras: 218520 - 218520)


SET @CGUID := (SELECT max(guid) + 1 FROM creature);
INSERT INTO `creature` (`guid`, `id`, `map`, `zoneId`, `areaId`, `spawnDifficulties`, `PhaseId`, `PhaseGroup`, `modelid`, `equipment_id`, `position_x`, `position_y`, `position_z`, `orientation`, `spawntimesecs`, `spawndist`, `currentwaypoint`, `curhealth`, `curmana`, `MovementType`, `npcflag`, `unit_flags`, `dynamicflags`, `VerifiedBuild`) VALUES
(@CGUID+500, 109804, 1530, 8025, 8348, '0', '0', 0, 0, 0, 655.056, 2777.77, 125.3953, 0, 7200, 0, 0, 0, 0, 0, 0, 0, 0, 26365), -- 109804 (Area: 8348 - Difficulty: 17) (Auras: 218520 - 218520)
(@CGUID+501, 109075, 1530, 8025, 8348, '0', '0', 0, 0, 0, 629.1953, 2791.969, 125.481, 6.262758, 7200, 0, 0, 0, 0, 0, 0, 0, 0, 26365), -- 109075 (Area: 8348 - Difficulty: 17) (Auras: 218357 - 218357)
(@CGUID+502, 109583, 1530, 8025, 8348, '0', '0', 0, 0, 0, 652.4758, 2794.96, 125.385, 4.869469, 7200, 0, 0, 0, 0, 0, 0, 0, 0, 26365), -- 109583 (Area: 8348 - Difficulty: 17)
(@CGUID+503, 113268, 1479, 7813, 7813, '0', '7968 - 7596 - 7019 - 5997 - 7705 - 7581 - 7519 - 5200 - 5107 - 7278 - 6628 - 6629 - 5173', 0, 0, 0, 1041.641, 7240.44, 97.80556, 5.556769, 7200, 0, 0, 0, 0, 0, 0, 0, 0, 26365), -- 113268 (Area: 7813 - Difficulty: 0)
(@CGUID+504, 96679, 1479, 7813, 7813, '0', '7968 - 7596 - 7019 - 5997 - 7705 - 7581 - 7519 - 5200 - 5107 - 7278 - 6628 - 6629 - 5173', 0, 0, 0, 1082.998, 7229.331, 98.20152, 3.558333, 7200, 0, 0, 0, 0, 0, 0, 0, 0, 26365), -- 96679 (Area: 7813 - Difficulty: 0)
(@CGUID+505, 112392, 1479, 7813, 7813, '0', '7968 - 7596 - 7019 - 5997 - 7705 - 7581 - 7519 - 5200 - 5107 - 7278 - 6628 - 6629 - 5173', 0, 0, 0, 1072.833, 7244.781, 97.78458, 2.251475, 7200, 0, 0, 0, 0, 0, 0, 0, 0, 26365), -- 112392 (Area: 7813 - Difficulty: 0)
(@CGUID+506, 110437, 1479, 7813, 7813, '0', '7968 - 7596 - 7019 - 5997 - 7705 - 7581 - 7519 - 5200 - 5107 - 7278 - 6628 - 6629 - 5173', 0, 0, 0, 1077.851, 7200.87, 97.77422, 4.031711, 7200, 0, 0, 0, 0, 0, 0, 0, 0, 26365), -- 110437 (Area: 7813 - Difficulty: 0)
(@CGUID+507, 113268, 1479, 7813, 7813, '0', '7968 - 7596 - 7019 - 5997 - 7705 - 7581 - 7519 - 5200 - 5107 - 7278 - 6628 - 6629 - 5173', 0, 0, 0, 1044.55, 7237.367, 97.80556, 2.671145, 7200, 0, 0, 0, 0, 0, 0, 0, 0, 26365), -- 113268 (Area: 7813 - Difficulty: 0)
(@CGUID+508, 116609, 1479, 7813, 7813, '0', '7968 - 7596 - 7019 - 5997 - 7705 - 7581 - 7519 - 5200 - 5107 - 7278 - 6628 - 6629 - 5173', 0, 0, 0, 1073.714, 7249.521, 97.91633, 5.853573, 7200, 0, 0, 0, 0, 0, 0, 0, 0, 26365), -- 116609 (Area: 7813 - Difficulty: 0)
(@CGUID+509, 113268, 1479, 7813, 7813, '0', '7968 - 7596 - 7019 - 5997 - 7705 - 7581 - 7519 - 5200 - 5107 - 7278 - 6628 - 6629 - 5173', 0, 0, 0, 1052.457, 7216.454, 97.78458, 4.222454, 7200, 0, 0, 0, 0, 0, 0, 0, 0, 26365), -- 113268 (Area: 7813 - Difficulty: 0)
(@CGUID+510, 97389, 1479, 7813, 7813, '0', '7968 - 7596 - 7019 - 5997 - 7705 - 7581 - 7519 - 5200 - 5107 - 7278 - 6628 - 6629 - 5173', 0, 0, 0, 1142.707, 7223.202, 101.9022, 3.205757, 7200, 0, 0, 0, 0, 0, 0, 0, 0, 26365), -- 97389 (Area: 7813 - Difficulty: 0)
(@CGUID+511, 106459, 1479, 7813, 7813, '0', '7968 - 7596 - 7019 - 5997 - 7705 - 7581 - 7519 - 5200 - 5107 - 7278 - 6628 - 6629 - 5173', 0, 0, 0, 1130.396, 7200.417, 99.79854, 2.637665, 7200, 0, 0, 0, 0, 0, 0, 0, 0, 26365), -- 106459 (Area: 7813 - Difficulty: 0)
(@CGUID+512, 113268, 1479, 7813, 7813, '0', '7968 - 7596 - 7019 - 5997 - 7705 - 7581 - 7519 - 5200 - 5107 - 7278 - 6628 - 6629 - 5173', 0, 0, 0, 1016.019, 7240.601, 97.80556, 4.007592, 7200, 0, 0, 0, 0, 0, 0, 0, 0, 26365), -- 113268 (Area: 7813 - Difficulty: 0)
(@CGUID+513, 107994, 1479, 7813, 7813, '0', '7968 - 7596 - 7019 - 5997 - 7705 - 7581 - 7519 - 5200 - 5107 - 7278 - 6628 - 6629 - 5173', 0, 0, 0, 1063.938, 7314.288, 109.51, 5.89168, 7200, 0, 0, 0, 0, 0, 0, 0, 0, 26365), -- 107994 (Area: 7813 - Difficulty: 0)
(@CGUID+514, 93819, 1479, 7813, 7813, '0', '7968 - 7596 - 7019 - 5997 - 7705 - 7581 - 7519 - 5200 - 5107 - 7278 - 6628 - 6629 - 5173', 0, 0, 0, 1108.024, 7214.7, 27.47466, 2.192442, 7200, 0, 0, 0, 0, 0, 0, 0, 0, 26365), -- 93819 (Area: 7813 - Difficulty: 0)
(@CGUID+515, 96572, 1479, 7813, 7813, '0', '7968 - 7596 - 7019 - 5997 - 7705 - 7581 - 7519 - 5200 - 5107 - 7278 - 6628 - 6629 - 5173', 0, 0, 0, 1019.195, 7165.312, 97.78876, 1.599757, 7200, 0, 0, 0, 0, 0, 0, 0, 0, 26365), -- 96572 (Area: 7813 - Difficulty: 0) (Auras: 52642 - 52642)
(@CGUID+516, 96572, 1479, 7813, 7813, '0', '7968 - 7596 - 7019 - 5997 - 7705 - 7581 - 7519 - 5200 - 5107 - 7278 - 6628 - 6629 - 5173', 0, 0, 0, 1011.509, 7129.285, 97.79218, 0.2548788, 7200, 0, 0, 0, 0, 0, 0, 0, 0, 26365), -- 96572 (Area: 7813 - Difficulty: 0) (Auras: 52642 - 52642)
(@CGUID+517, 96572, 1479, 7813, 7813, '0', '7968 - 7596 - 7019 - 5997 - 7705 - 7581 - 7519 - 5200 - 5107 - 7278 - 6628 - 6629 - 5173', 0, 0, 0, 1035.899, 7164.185, 97.78709, 1.637839, 7200, 0, 0, 0, 0, 0, 0, 0, 0, 26365), -- 96572 (Area: 7813 - Difficulty: 0) (Auras: 52642 - 52642)
(@CGUID+518, 113268, 1479, 7813, 7813, '0', '7968 - 7596 - 7019 - 5997 - 7705 - 7581 - 7519 - 5200 - 5107 - 7278 - 6628 - 6629 - 5173', 0, 0, 0, 1013.59, 7238.045, 97.80556, 1.034252, 7200, 0, 0, 0, 0, 0, 0, 0, 0, 26365), -- 113268 (Area: 7813 - Difficulty: 0)
(@CGUID+519, 100635, 1479, 7813, 7813, '0', '7968 - 7596 - 7019 - 5997 - 7705 - 7581 - 7519 - 5200 - 5107 - 7278 - 6628 - 6629 - 5173', 0, 0, 0, 1138.405, 7219.138, 101.9005, 2.798523, 7200, 0, 0, 0, 0, 0, 0, 0, 0, 26365), -- 100635 (Area: 7813 - Difficulty: 0)
(@CGUID+520, 96572, 1479, 7813, 7813, '0', '7968 - 7596 - 7019 - 5997 - 7705 - 7581 - 7519 - 5200 - 5107 - 7278 - 6628 - 6629 - 5173', 0, 0, 0, 1020.184, 7171.655, 97.78459, 4.582905, 7200, 0, 0, 0, 0, 0, 0, 0, 0, 26365), -- 96572 (Area: 7813 - Difficulty: 0) (Auras: 52642 - 52642)
(@CGUID+521, 111741, 1479, 7813, 7813, '0', '7968 - 7596 - 7019 - 5997 - 7705 - 7581 - 7519 - 5200 - 5107 - 7278 - 6628 - 6629 - 5173', 0, 0, 0, 1067.51, 7324.483, 109.51, 0.05171752, 7200, 0, 0, 0, 0, 0, 0, 0, 0, 26365), -- 111741 (Area: 7813 - Difficulty: 0)
(@CGUID+522, 96572, 1479, 7813, 7813, '0', '7968 - 7596 - 7019 - 5997 - 7705 - 7581 - 7519 - 5200 - 5107 - 7278 - 6628 - 6629 - 5173', 0, 0, 0, 881.3212, 7215.812, 97.84029, 0.8428905, 7200, 0, 0, 0, 0, 0, 0, 0, 0, 26365), -- 96572 (Area: 7813 - Difficulty: 0) (Auras: 52642 - 52642)
(@CGUID+523, 96469, 1479, 7813, 7813, '0', '7968 - 7596 - 7019 - 5997 - 7705 - 7581 - 7519 - 5200 - 5107 - 7278 - 6628 - 6629 - 5173', 0, 0, 0, 796.1858, 7228.977, 106.7501, 0.01738298, 7200, 0, 0, 0, 0, 0, 0, 0, 0, 26365), -- 96469 (Area: 7813 - Difficulty: 0)
(@CGUID+524, 96572, 1479, 7813, 7813, '0', '7968 - 7596 - 7019 - 5997 - 7705 - 7581 - 7519 - 5200 - 5107 - 7278 - 6628 - 6629 - 5173', 0, 0, 0, 881.3577, 7238.921, 97.81672, 5.622649, 7200, 0, 0, 0, 0, 0, 0, 0, 0, 26365), -- 96572 (Area: 7813 - Difficulty: 0) (Auras: 52642 - 52642)
(@CGUID+525, 93819, 1479, 7813, 7813, '0', '7968 - 7596 - 7019 - 5997 - 7705 - 7581 - 7519 - 5200 - 5107 - 7278 - 6628 - 6629 - 5173', 0, 0, 0, 1010.865, 7310.679, 118.0015, 5.497587, 7200, 0, 0, 0, 0, 0, 0, 0, 0, 26365), -- 93819 (Area: 7813 - Difficulty: 0)
(@CGUID+526, 93819, 1479, 7813, 7813, '0', '7968 - 7596 - 7019 - 5997 - 7705 - 7581 - 7519 - 5200 - 5107 - 7278 - 6628 - 6629 - 5173', 0, 0, 0, 1027.37, 7159.72, 107.6892, 1.533888, 7200, 0, 0, 0, 0, 0, 0, 0, 0, 26365); -- 93819 (Area: 7813 - Difficulty: 0)

SET @CGUID := (SELECT max(guid) + 1 FROM creature_addon);
DELETE FROM `creature_addon` WHERE `guid` BETWEEN @CGUID+0 AND @CGUID+526;
INSERT INTO `creature_addon` (`guid`, `path_id`, `mount`, `bytes1`, `bytes2`, `emote`, `aiAnimKit`, `movementAnimKit`, `meleeAnimKit`, `auras`) VALUES
(@CGUID+0, 0, 0, 50331648, 1, 0, 0, 0, 0, ''), -- 93819
(@CGUID+1, 0, 0, 50331648, 1, 0, 0, 0, 0, ''), -- 93819
(@CGUID+2, 0, 0, 0, 1, 0, 0, 0, 0, ''), -- 113268
(@CGUID+3, 0, 0, 50331648, 1, 0, 0, 0, 0, ''), -- 93819
(@CGUID+4, 0, 0, 50331648, 1, 0, 0, 0, 0, ''), -- 93819
(@CGUID+5, 0, 0, 50331648, 1, 0, 0, 0, 0, ''), -- 93819
(@CGUID+6, 0, 0, 50331648, 1, 0, 0, 0, 0, ''), -- 93819
(@CGUID+7, 0, 0, 0, 1, 0, 0, 0, 0, '61424'), -- 32638 - 61424 - 61424
(@CGUID+8, 0, 0, 50331648, 1, 0, 0, 0, 0, ''), -- 93819
(@CGUID+9, 0, 0, 50331648, 1, 0, 0, 0, 0, ''), -- 93819
(@CGUID+10, 0, 0, 50331648, 1, 0, 0, 0, 0, ''), -- 93819
(@CGUID+11, 0, 0, 50331648, 1, 0, 0, 0, 0, ''), -- 93819
(@CGUID+12, 0, 0, 50331648, 1, 0, 0, 0, 0, ''), -- 93819
(@CGUID+13, 0, 0, 50331648, 1, 0, 0, 0, 0, ''), -- 93819
(@CGUID+14, 0, 0, 50331648, 1, 0, 0, 0, 0, ''), -- 93819
(@CGUID+15, 0, 0, 50331648, 1, 0, 0, 0, 0, ''), -- 93819
(@CGUID+16, 0, 0, 50331648, 1, 0, 0, 0, 0, ''), -- 93819
(@CGUID+17, 0, 0, 50331648, 1, 0, 0, 0, 0, ''), -- 93819
(@CGUID+18, 0, 0, 50331648, 1, 0, 0, 0, 0, ''), -- 93819
(@CGUID+19, 0, 0, 50331648, 1, 0, 0, 0, 0, ''), -- 93819
(@CGUID+20, 0, 0, 0, 1, 0, 0, 0, 0, ''), -- 113128
(@CGUID+21, 0, 0, 0, 1, 0, 0, 0, 0, ''), -- 113321
(@CGUID+22, 0, 0, 0, 1, 0, 0, 0, 0, ''), -- 113321
(@CGUID+23, 0, 0, 0, 1, 0, 0, 0, 0, ''), -- 113128
(@CGUID+24, 0, 0, 0, 1, 0, 0, 0, 0, ''), -- 113321
(@CGUID+25, 0, 0, 0, 1, 0, 0, 0, 0, ''), -- 112675
(@CGUID+26, 0, 0, 0, 1, 0, 0, 0, 0, ''), -- 113321
(@CGUID+27, 0, 0, 0, 1, 0, 0, 0, 0, '211064'), -- 113605 - 211064 - 211064
(@CGUID+28, 0, 0, 7, 1, 0, 0, 0, 0, ''), -- 113383
(@CGUID+29, 0, 0, 0, 1, 0, 0, 0, 0, '211064'), -- 113605 - 211064 - 211064
(@CGUID+30, 0, 0, 0, 1, 0, 0, 0, 0, '211064'), -- 113608 - 211064 - 211064
(@CGUID+31, 0, 0, 0, 0, 0, 0, 0, 0, '160758'), -- 112676 - 160758 - 160758
(@CGUID+32, 0, 0, 0, 0, 0, 0, 0, 0, ''), -- 112671
(@CGUID+33, 0, 0, 0, 0, 0, 0, 0, 0, ''), -- 112671
(@CGUID+34, 0, 0, 0, 0, 0, 0, 0, 0, ''), -- 112675
(@CGUID+35, 0, 0, 0, 1, 0, 0, 0, 0, ''), -- 113321
(@CGUID+36, 0, 0, 0, 0, 0, 0, 0, 0, ''), -- 112675
(@CGUID+37, 0, 0, 0, 1, 0, 0, 0, 0, '211064'), -- 110791 - 211064 - 211064
(@CGUID+38, 0, 0, 0, 1, 0, 0, 0, 0, '211064'), -- 113608 - 211064 - 211064
(@CGUID+39, 0, 0, 0, 1, 0, 0, 0, 0, '211064'), -- 113605 - 211064 - 211064
(@CGUID+40, 0, 0, 0, 1, 0, 0, 0, 0, '211064'), -- 113608 - 211064 - 211064
(@CGUID+41, 0, 0, 0, 0, 0, 0, 0, 0, ''), -- 112804
(@CGUID+42, 0, 0, 0, 1, 0, 0, 0, 0, ''), -- 113307
(@CGUID+43, 0, 0, 0, 1, 0, 0, 0, 0, '211064'), -- 113608 - 211064 - 211064
(@CGUID+44, 0, 0, 0, 0, 0, 0, 0, 0, ''), -- 112804
(@CGUID+45, 0, 0, 0, 1, 0, 0, 0, 0, ''), -- 112671
(@CGUID+46, 0, 0, 0, 1, 0, 0, 0, 0, ''), -- 113321
(@CGUID+47, 0, 0, 0, 1, 0, 0, 0, 0, '211064'), -- 113605 - 211064 - 211064
(@CGUID+48, 0, 0, 0, 1, 0, 0, 0, 0, ''), -- 112671
(@CGUID+49, 0, 0, 0, 1, 0, 0, 0, 0, ''), -- 113128
(@CGUID+50, 0, 0, 0, 1, 0, 0, 0, 0, ''), -- 112709
(@CGUID+51, 0, 0, 0, 1, 0, 0, 0, 0, ''), -- 112709
(@CGUID+52, 0, 0, 0, 1, 0, 0, 0, 0, '188236'), -- 112603 - 188236 - 188236
(@CGUID+53, 0, 0, 0, 1, 0, 0, 0, 0, ''), -- 113321
(@CGUID+54, 0, 0, 7, 1, 0, 0, 0, 0, ''), -- 113383
(@CGUID+55, 0, 0, 0, 0, 0, 0, 0, 0, ''), -- 112675
(@CGUID+56, 0, 0, 0, 1, 0, 0, 0, 0, '188236'), -- 112603 - 188236 - 188236
(@CGUID+57, 0, 0, 7, 1, 0, 0, 0, 0, ''), -- 113383
(@CGUID+58, 0, 0, 0, 1, 0, 0, 0, 0, ''), -- 112709
(@CGUID+59, 0, 0, 0, 1, 0, 0, 0, 0, ''), -- 112709
(@CGUID+60, 0, 0, 0, 1, 0, 0, 0, 0, ''), -- 113321
(@CGUID+61, 0, 0, 0, 1, 0, 0, 0, 0, ''), -- 112660
(@CGUID+62, 0, 0, 0, 1, 0, 0, 0, 0, ''), -- 112709
(@CGUID+63, 0, 0, 0, 1, 0, 0, 0, 0, ''), -- 113128
(@CGUID+64, 0, 0, 0, 1, 0, 0, 0, 0, ''), -- 112709
(@CGUID+65, 0, 0, 0, 1, 0, 0, 0, 0, ''), -- 113128
(@CGUID+66, 0, 0, 0, 1, 0, 0, 0, 0, ''), -- 112660
(@CGUID+67, 0, 0, 0, 0, 0, 0, 0, 0, ''), -- 112804
(@CGUID+68, 0, 0, 0, 1, 0, 0, 0, 0, ''), -- 112709
(@CGUID+69, 0, 0, 0, 1, 0, 0, 0, 0, ''), -- 112660
(@CGUID+70, 0, 0, 0, 1, 0, 0, 0, 0, ''), -- 112709
(@CGUID+71, 0, 0, 0, 1, 0, 0, 0, 0, ''), -- 112709
(@CGUID+72, 0, 0, 0, 1, 0, 0, 0, 0, ''), -- 112660
(@CGUID+73, 0, 0, 0, 1, 0, 0, 0, 0, ''), -- 112709
(@CGUID+74, 0, 0, 0, 1, 0, 0, 0, 0, '160758'), -- 112676 - 160758 - 160758
(@CGUID+75, 0, 0, 0, 1, 0, 0, 0, 0, ''), -- 112804
(@CGUID+76, 0, 0, 0, 1, 0, 0, 0, 0, ''), -- 112671
(@CGUID+77, 0, 0, 0, 1, 0, 0, 0, 0, ''), -- 112804
(@CGUID+78, 0, 0, 0, 0, 0, 0, 0, 0, ''), -- 112671
(@CGUID+79, 0, 0, 0, 1, 0, 0, 0, 0, ''), -- 112675
(@CGUID+80, 0, 0, 0, 1, 0, 0, 0, 0, '188236'), -- 112603 - 188236 - 188236
(@CGUID+81, 0, 0, 0, 0, 0, 0, 0, 0, '160758'), -- 112676 - 160758 - 160758
(@CGUID+82, 0, 0, 0, 0, 0, 0, 0, 0, ''), -- 112804
(@CGUID+83, 0, 0, 0, 1, 0, 0, 0, 0, ''), -- 113321
(@CGUID+84, 0, 0, 0, 0, 0, 0, 0, 0, ''), -- 112804
(@CGUID+85, 0, 0, 0, 1, 0, 0, 0, 0, ''), -- 113307
(@CGUID+86, 0, 0, 0, 1, 0, 0, 0, 0, ''), -- 112660
(@CGUID+87, 0, 0, 0, 1, 0, 0, 0, 0, '188236'), -- 112603 - 188236 - 188236
(@CGUID+88, 0, 0, 0, 1, 0, 0, 0, 0, ''), -- 113307
(@CGUID+89, 0, 0, 0, 1, 0, 0, 0, 0, ''), -- 112660
(@CGUID+90, 0, 0, 0, 1, 0, 0, 0, 0, '160758'), -- 112676 - 160758 - 160758
(@CGUID+91, 0, 0, 0, 1, 0, 0, 0, 0, ''), -- 112675
(@CGUID+92, 0, 0, 0, 1, 0, 0, 0, 0, '188236'), -- 112603 - 188236 - 188236
(@CGUID+93, 0, 0, 0, 1, 0, 0, 0, 0, ''), -- 112660
(@CGUID+94, 0, 0, 0, 1, 0, 0, 0, 0, '160758'), -- 112676 - 160758 - 160758
(@CGUID+95, 0, 0, 7, 1, 0, 0, 0, 0, ''), -- 113383
(@CGUID+96, 0, 0, 0, 1, 0, 0, 0, 0, '160758'), -- 112676 - 160758 - 160758
(@CGUID+97, 0, 0, 0, 1, 0, 0, 0, 0, ''), -- 112804
(@CGUID+98, 0, 0, 0, 1, 0, 0, 0, 0, ''), -- 112671
(@CGUID+99, 0, 0, 0, 1, 0, 11760, 0, 0, ''), -- 113321
(@CGUID+100, 0, 0, 0, 0, 0, 0, 0, 0, ''), -- 112675
(@CGUID+101, 0, 0, 7, 1, 0, 0, 0, 0, ''), -- 113383
(@CGUID+102, 0, 0, 0, 1, 0, 0, 0, 0, ''), -- 112675
(@CGUID+103, 0, 0, 0, 0, 0, 0, 0, 0, '160758'), -- 112676 - 160758 - 160758
(@CGUID+104, 0, 0, 7, 1, 0, 0, 0, 0, ''), -- 113383
(@CGUID+105, 0, 0, 0, 1, 0, 11760, 0, 0, ''), -- 112671
(@CGUID+106, 0, 0, 0, 1, 0, 11760, 0, 0, ''), -- 113321
(@CGUID+107, 0, 0, 0, 1, 0, 0, 0, 0, ''), -- 111221
(@CGUID+108, 0, 0, 0, 1, 0, 0, 0, 0, ''), -- 112671
(@CGUID+109, 0, 0, 7, 1, 0, 0, 0, 0, ''), -- 113383
(@CGUID+110, 0, 0, 0, 1, 0, 0, 0, 0, ''), -- 112660
(@CGUID+111, 0, 0, 0, 0, 0, 0, 0, 0, ''), -- 112804
(@CGUID+112, 0, 0, 7, 1, 0, 0, 0, 0, ''), -- 113383
(@CGUID+113, 0, 0, 0, 1, 0, 0, 0, 0, ''), -- 112675
(@CGUID+114, 0, 0, 0, 1, 0, 0, 0, 0, ''), -- 112660
(@CGUID+115, 0, 0, 7, 1, 0, 0, 0, 0, ''), -- 113383
(@CGUID+116, 0, 0, 0, 1, 0, 0, 0, 0, ''), -- 112660
(@CGUID+117, 0, 0, 0, 1, 0, 0, 0, 0, ''), -- 113321
(@CGUID+118, 0, 0, 0, 1, 0, 0, 0, 0, ''), -- 112660
(@CGUID+119, 0, 0, 0, 0, 0, 0, 0, 0, ''), -- 112671
(@CGUID+120, 0, 0, 0, 1, 0, 11760, 0, 0, ''), -- 112675
(@CGUID+121, 0, 0, 0, 1, 0, 0, 0, 0, ''), -- 112660
(@CGUID+122, 0, 0, 0, 1, 0, 0, 0, 0, ''), -- 112655
(@CGUID+123, 0, 0, 0, 1, 0, 0, 0, 0, ''), -- 112804
(@CGUID+124, 0, 0, 0, 1, 0, 0, 0, 0, ''), -- 112665
(@CGUID+125, 0, 0, 0, 1, 0, 0, 0, 0, '224825'), -- 112655 - 224825 - 224825
(@CGUID+126, 0, 0, 0, 1, 0, 0, 0, 0, ''), -- 113321
(@CGUID+127, 0, 0, 0, 1, 0, 0, 0, 0, ''), -- 112671
(@CGUID+128, 0, 0, 0, 1, 0, 0, 0, 0, ''), -- 112660
(@CGUID+129, 0, 0, 0, 1, 0, 0, 0, 0, ''), -- 113307
(@CGUID+130, 0, 0, 0, 1, 0, 0, 0, 0, ''), -- 112718
(@CGUID+131, 0, 0, 0, 1, 0, 0, 0, 0, ''), -- 112660
(@CGUID+132, 0, 0, 0, 1, 0, 0, 0, 0, ''), -- 112718
(@CGUID+133, 0, 0, 0, 1, 0, 0, 0, 0, ''), -- 112675
(@CGUID+134, 0, 0, 7, 1, 0, 0, 0, 0, ''), -- 113383
(@CGUID+135, 0, 0, 0, 1, 0, 0, 0, 0, ''), -- 112638
(@CGUID+136, 0, 0, 0, 1, 0, 0, 0, 0, '188236'), -- 112603 - 188236 - 188236
(@CGUID+137, 0, 0, 0, 1, 0, 0, 0, 0, ''), -- 112804
(@CGUID+138, 0, 0, 0, 1, 0, 0, 0, 0, ''), -- 113307
(@CGUID+139, 0, 0, 0, 1, 0, 0, 0, 0, ''), -- 112671
(@CGUID+140, 0, 0, 0, 1, 0, 0, 0, 0, ''), -- 112675
(@CGUID+141, 0, 0, 0, 1, 0, 0, 0, 0, '188236'), -- 112603 - 188236 - 188236
(@CGUID+142, 0, 0, 0, 1, 0, 0, 0, 0, ''), -- 111587
(@CGUID+143, 0, 0, 1, 1, 0, 0, 0, 0, ''), -- 112655
(@CGUID+144, 0, 0, 0, 1, 0, 0, 0, 0, '188236'), -- 112603 - 188236 - 188236
(@CGUID+145, 0, 0, 0, 1, 0, 0, 0, 0, '188236'), -- 112603 - 188236 - 188236
(@CGUID+146, 0, 0, 0, 1, 0, 0, 0, 0, ''), -- 104881
(@CGUID+147, 0, 0, 0, 1, 0, 0, 0, 0, ''), -- 112660
(@CGUID+148, 0, 0, 0, 1, 0, 0, 0, 0, ''), -- 112660
(@CGUID+149, 0, 0, 0, 1, 0, 0, 0, 0, '188236'), -- 112603 - 188236 - 188236
(@CGUID+150, 0, 0, 0, 1, 0, 0, 0, 0, '188236'), -- 112603 - 188236 - 188236
(@CGUID+151, 0, 0, 0, 1, 0, 0, 0, 0, '188236'), -- 112603 - 188236 - 188236
(@CGUID+152, 0, 0, 0, 1, 0, 0, 0, 0, '188236'), -- 112603 - 188236 - 188236
(@CGUID+153, 0, 0, 0, 1, 0, 0, 0, 0, '188236'), -- 112603 - 188236 - 188236
(@CGUID+154, 0, 0, 0, 1, 0, 0, 0, 0, '224655'), -- 112803 - 224655 - 224655
(@CGUID+155, 0, 0, 0, 1, 0, 0, 0, 0, '188236'), -- 112603 - 188236 - 188236
(@CGUID+156, 0, 0, 0, 1, 0, 0, 0, 0, '224825'), -- 112655 - 224825 - 224825
(@CGUID+157, 0, 0, 0, 1, 0, 0, 0, 0, '188236'), -- 112603 - 188236 - 188236
(@CGUID+158, 0, 0, 0, 1, 0, 0, 0, 0, '188236'), -- 112603 - 188236 - 188236
(@CGUID+159, 0, 0, 0, 1, 0, 0, 0, 0, '188236'), -- 112603 - 188236 - 188236
(@CGUID+160, 0, 0, 50331648, 1, 0, 0, 0, 0, '232550'), -- 103758 - 232550 - 232550
(@CGUID+161, 0, 0, 0, 1, 0, 0, 0, 0, ''), -- 68553
(@CGUID+162, 0, 0, 0, 1, 0, 0, 0, 0, ''), -- 92879
(@CGUID+163, 0, 0, 7, 1, 0, 0, 0, 0, ''), -- 113383
(@CGUID+164, 0, 0, 0, 0, 0, 0, 0, 0, ''), -- 112671
(@CGUID+165, 0, 0, 0, 1, 0, 0, 0, 0, ''), -- 113321
(@CGUID+166, 0, 0, 0, 0, 0, 0, 0, 0, ''), -- 112675
(@CGUID+167, 0, 0, 0, 0, 0, 0, 0, 0, '160758'), -- 112676 - 160758 - 160758
(@CGUID+168, 0, 0, 0, 1, 0, 0, 0, 0, ''), -- 112660
(@CGUID+169, 0, 0, 0, 1, 0, 0, 0, 0, ''), -- 112709
(@CGUID+170, 0, 0, 0, 1, 0, 0, 0, 0, ''), -- 112660
(@CGUID+171, 0, 0, 0, 1, 0, 0, 0, 0, ''), -- 112709
(@CGUID+172, 0, 0, 0, 1, 0, 0, 0, 0, ''), -- 112709
(@CGUID+173, 0, 0, 0, 1, 0, 0, 0, 0, ''), -- 112660
(@CGUID+174, 0, 0, 0, 1, 0, 0, 0, 0, ''), -- 112709
(@CGUID+175, 0, 0, 0, 1, 0, 0, 0, 0, ''), -- 112709
(@CGUID+176, 0, 0, 0, 0, 0, 0, 0, 0, ''), -- 112804
(@CGUID+177, 0, 0, 0, 1, 0, 0, 0, 0, ''), -- 112709
(@CGUID+178, 0, 0, 0, 1, 0, 0, 0, 0, ''), -- 112709
(@CGUID+179, 0, 0, 0, 0, 0, 0, 0, 0, ''), -- 112804
(@CGUID+180, 0, 0, 0, 1, 0, 0, 0, 0, ''), -- 112709
(@CGUID+181, 0, 0, 0, 1, 0, 0, 0, 0, ''), -- 113321
(@CGUID+182, 0, 0, 0, 1, 0, 0, 0, 0, ''), -- 112709
(@CGUID+183, 0, 0, 0, 1, 0, 0, 0, 0, ''), -- 113321
(@CGUID+184, 0, 0, 0, 1, 0, 0, 0, 0, ''), -- 112709
(@CGUID+185, 0, 0, 0, 1, 0, 0, 0, 0, ''), -- 113321
(@CGUID+186, 0, 0, 0, 1, 0, 0, 0, 0, ''), -- 112709
(@CGUID+187, 0, 0, 0, 1, 0, 0, 0, 0, ''), -- 113321
(@CGUID+188, 0, 0, 0, 1, 0, 0, 0, 0, '226005'), -- 112804 - 226005 - 226005
(@CGUID+189, 0, 0, 0, 1, 0, 0, 0, 0, ''), -- 112709
(@CGUID+190, 0, 0, 0, 1, 0, 0, 0, 0, ''), -- 112709
(@CGUID+191, 0, 0, 0, 1, 0, 0, 0, 0, ''), -- 112709
(@CGUID+192, 0, 0, 0, 1, 0, 0, 0, 0, ''), -- 113321
(@CGUID+193, 0, 0, 0, 1, 0, 0, 0, 0, ''), -- 112709
(@CGUID+194, 0, 0, 0, 1, 0, 0, 0, 0, ''), -- 112709
(@CGUID+195, 0, 0, 0, 1, 0, 0, 0, 0, ''), -- 112709
(@CGUID+196, 0, 0, 0, 1, 0, 0, 0, 0, '188236'), -- 112603 - 188236 - 188236
(@CGUID+197, 0, 0, 0, 1, 0, 0, 0, 0, ''), -- 112709
(@CGUID+198, 0, 0, 0, 1, 0, 0, 0, 0, ''), -- 112709
(@CGUID+199, 0, 0, 0, 1, 0, 0, 0, 0, ''), -- 112709
(@CGUID+200, 0, 0, 0, 1, 0, 0, 0, 0, ''), -- 112665
(@CGUID+201, 0, 0, 0, 1, 0, 0, 0, 0, ''), -- 112665
(@CGUID+202, 0, 0, 0, 1, 0, 0, 0, 0, '188236'), -- 112603 - 188236 - 188236
(@CGUID+203, 0, 0, 0, 1, 0, 0, 0, 0, ''), -- 112660
(@CGUID+204, 0, 0, 0, 0, 0, 0, 0, 0, '160758'), -- 112676 - 160758 - 160758
(@CGUID+205, 0, 0, 0, 0, 0, 0, 0, 0, ''), -- 112671
(@CGUID+206, 0, 0, 0, 1, 0, 0, 0, 0, ''), -- 113307
(@CGUID+207, 0, 0, 0, 1, 0, 0, 0, 0, ''), -- 112675
(@CGUID+208, 0, 0, 0, 0, 0, 0, 0, 0, ''), -- 112675
(@CGUID+209, 0, 0, 0, 1, 0, 0, 0, 0, ''), -- 117085
(@CGUID+210, 0, 0, 0, 0, 0, 0, 0, 0, ''), -- 112804
(@CGUID+211, 0, 0, 0, 1, 0, 0, 0, 0, ''), -- 112675
(@CGUID+212, 0, 0, 0, 0, 0, 0, 0, 0, ''), -- 112804
(@CGUID+213, 0, 0, 0, 1, 0, 0, 0, 0, ''), -- 112675
(@CGUID+214, 0, 0, 0, 1, 0, 0, 0, 0, ''), -- 112660
(@CGUID+215, 0, 0, 0, 1, 0, 0, 0, 0, ''), -- 112675
(@CGUID+216, 0, 0, 0, 1, 0, 0, 0, 0, '188236'), -- 112603 - 188236 - 188236
(@CGUID+217, 0, 0, 0, 1, 0, 0, 0, 0, ''), -- 112671
(@CGUID+218, 0, 0, 0, 1, 0, 0, 0, 0, ''), -- 112675
(@CGUID+219, 0, 0, 0, 1, 0, 0, 0, 0, '160758'), -- 112676 - 160758 - 160758
(@CGUID+220, 0, 0, 0, 1, 0, 0, 0, 0, ''), -- 112671
(@CGUID+221, 0, 0, 1, 1, 0, 0, 0, 0, ''), -- 112638
(@CGUID+222, 0, 0, 0, 1, 0, 0, 0, 0, ''), -- 112660
(@CGUID+223, 0, 0, 0, 1, 0, 0, 0, 0, ''), -- 112675
(@CGUID+224, 0, 0, 0, 1, 0, 0, 0, 0, ''), -- 112660
(@CGUID+225, 0, 0, 0, 1, 0, 0, 0, 0, ''), -- 112660
(@CGUID+226, 0, 0, 0, 1, 0, 0, 0, 0, ''), -- 112660
(@CGUID+227, 0, 0, 0, 1, 0, 0, 0, 0, ''), -- 112660
(@CGUID+228, 0, 0, 0, 1, 0, 0, 0, 0, ''), -- 112804
(@CGUID+229, 0, 0, 0, 1, 0, 0, 0, 0, ''), -- 112671
(@CGUID+230, 0, 0, 0, 0, 0, 0, 0, 0, '160758'), -- 112676 - 160758 - 160758
(@CGUID+231, 0, 0, 0, 1, 0, 0, 0, 0, ''), -- 112660
(@CGUID+232, 0, 0, 0, 1, 0, 0, 0, 0, ''), -- 112804
(@CGUID+233, 0, 0, 0, 0, 0, 0, 0, 0, ''), -- 112804
(@CGUID+234, 0, 0, 0, 0, 0, 0, 0, 0, ''), -- 112671
(@CGUID+235, 0, 0, 0, 0, 0, 0, 0, 0, ''), -- 112675
(@CGUID+236, 0, 0, 8, 1, 0, 0, 0, 0, ''), -- 112660
(@CGUID+237, 0, 0, 0, 1, 0, 0, 0, 0, ''), -- 112804
(@CGUID+238, 0, 0, 8, 1, 0, 0, 0, 0, ''), -- 112660
(@CGUID+239, 0, 0, 0, 1, 0, 0, 0, 0, ''), -- 112638
(@CGUID+240, 0, 0, 0, 1, 0, 0, 0, 0, ''), -- 112804
(@CGUID+241, 0, 0, 8, 1, 0, 0, 0, 0, ''), -- 112660
(@CGUID+242, 0, 0, 0, 1, 0, 0, 0, 0, ''), -- 112804
(@CGUID+243, 0, 0, 0, 1, 0, 0, 0, 0, ''), -- 112660
(@CGUID+244, 0, 0, 0, 1, 0, 0, 0, 0, ''), -- 112718
(@CGUID+245, 0, 0, 0, 1, 0, 0, 0, 0, ''), -- 112660
(@CGUID+246, 0, 0, 0, 1, 0, 0, 0, 0, '224814'), -- 112655 - 224814 - 224814
(@CGUID+247, 0, 0, 0, 1, 0, 0, 0, 0, ''), -- 112660
(@CGUID+248, 0, 0, 0, 1, 0, 0, 0, 0, ''), -- 112638
(@CGUID+249, 0, 0, 0, 1, 0, 0, 0, 0, ''); -- 112655

SET @CGUID := (SELECT max(guid) + 1 FROM creature_addon);
INSERT INTO `creature_addon` (`guid`, `path_id`, `mount`, `bytes1`, `bytes2`, `emote`, `aiAnimKit`, `movementAnimKit`, `meleeAnimKit`, `auras`) VALUES
(@CGUID+250, 0, 0, 0, 1, 0, 0, 0, 0, ''), -- 112638
(@CGUID+251, 0, 0, 0, 1, 0, 0, 0, 0, '224814'), -- 112655 - 224814 - 224814
(@CGUID+252, 0, 0, 0, 1, 0, 0, 0, 0, ''), -- 112638
(@CGUID+253, 0, 0, 0, 1, 0, 0, 0, 0, ''), -- 112655
(@CGUID+254, 0, 0, 0, 0, 0, 0, 0, 0, ''), -- 112804
(@CGUID+255, 0, 0, 0, 1, 0, 0, 0, 0, ''), -- 112655
(@CGUID+256, 0, 0, 8, 1, 0, 0, 0, 0, ''), -- 112660
(@CGUID+257, 0, 0, 0, 1, 0, 0, 0, 0, '224439'), -- 112655 - 224439 - 224439
(@CGUID+258, 0, 0, 0, 1, 0, 0, 0, 0, ''), -- 112804
(@CGUID+259, 0, 0, 0, 0, 0, 0, 0, 0, ''), -- 112671
(@CGUID+260, 0, 0, 0, 0, 0, 0, 0, 0, ''), -- 112675
(@CGUID+261, 0, 0, 0, 0, 0, 0, 0, 0, '160758'), -- 112676 - 160758 - 160758
(@CGUID+262, 0, 0, 8, 1, 0, 0, 0, 0, ''), -- 112660
(@CGUID+263, 0, 0, 0, 1, 0, 0, 0, 0, ''), -- 112804
(@CGUID+264, 0, 0, 8, 1, 0, 0, 0, 0, ''), -- 112660
(@CGUID+265, 0, 0, 0, 1, 0, 0, 0, 0, ''), -- 113307
(@CGUID+266, 0, 0, 0, 1, 0, 0, 0, 0, '225579'), -- 113406 - 225579 - 225579
(@CGUID+267, 0, 0, 0, 1, 0, 0, 0, 0, '225579'), -- 113406 - 225579 - 225579
(@CGUID+268, 0, 0, 0, 1, 0, 0, 0, 0, '225579'), -- 113406 - 225579 - 225579
(@CGUID+269, 0, 0, 0, 1, 0, 0, 0, 0, ''), -- 112718
(@CGUID+270, 0, 0, 0, 1, 0, 0, 0, 0, ''), -- 112638
(@CGUID+271, 0, 0, 0, 1, 0, 0, 0, 0, ''), -- 112718
(@CGUID+272, 0, 0, 0, 1, 0, 0, 0, 0, ''), -- 112718
(@CGUID+273, 0, 0, 0, 1, 0, 0, 0, 0, ''), -- 112671
(@CGUID+274, 0, 0, 0, 1, 0, 0, 0, 0, '224439'), -- 112655 - 224439 - 224439
(@CGUID+275, 0, 0, 0, 1, 0, 0, 0, 0, ''), -- 112655
(@CGUID+276, 0, 0, 0, 1, 0, 0, 0, 0, '224814'), -- 112655 - 224814 - 224814
(@CGUID+277, 0, 0, 0, 1, 0, 0, 0, 0, ''), -- 112675
(@CGUID+278, 0, 0, 0, 1, 0, 0, 0, 0, ''), -- 112660
(@CGUID+279, 0, 0, 0, 1, 0, 0, 0, 0, ''), -- 112804
(@CGUID+280, 0, 0, 0, 1, 0, 0, 0, 0, ''), -- 112767
(@CGUID+281, 0, 0, 0, 1, 0, 0, 0, 0, ''), -- 112718
(@CGUID+282, 0, 0, 0, 1, 0, 0, 0, 0, ''), -- 112655
(@CGUID+283, 0, 0, 0, 1, 0, 0, 0, 0, ''), -- 112660
(@CGUID+284, 0, 0, 0, 1, 0, 0, 0, 0, ''), -- 112804
(@CGUID+285, 0, 0, 0, 1, 0, 0, 0, 0, ''), -- 112660
(@CGUID+286, 0, 0, 0, 0, 0, 0, 0, 0, ''), -- 112804
(@CGUID+287, 0, 0, 0, 1, 0, 0, 0, 0, ''), -- 112767
(@CGUID+288, 0, 0, 0, 1, 0, 0, 0, 0, ''), -- 112767
(@CGUID+289, 0, 0, 0, 1, 0, 0, 0, 0, ''), -- 112655
(@CGUID+290, 0, 0, 0, 1, 0, 0, 0, 0, ''), -- 112638
(@CGUID+291, 0, 0, 0, 1, 0, 0, 0, 0, ''), -- 112767
(@CGUID+292, 0, 0, 0, 1, 0, 0, 0, 0, ''), -- 112767
(@CGUID+293, 0, 0, 0, 1, 0, 0, 0, 0, ''), -- 112767
(@CGUID+294, 0, 0, 0, 1, 0, 0, 0, 0, ''), -- 112767
(@CGUID+295, 0, 0, 0, 1, 0, 0, 0, 0, ''), -- 112767
(@CGUID+296, 0, 0, 0, 1, 0, 0, 0, 0, ''), -- 112655
(@CGUID+297, 0, 0, 0, 1, 0, 0, 0, 0, ''), -- 112767
(@CGUID+298, 0, 0, 0, 1, 0, 0, 0, 0, ''), -- 112767
(@CGUID+299, 0, 0, 0, 1, 0, 0, 0, 0, ''), -- 112638
(@CGUID+300, 0, 0, 0, 1, 0, 0, 0, 0, ''), -- 112767
(@CGUID+301, 0, 0, 0, 1, 0, 0, 0, 0, ''), -- 112767
(@CGUID+302, 0, 0, 0, 1, 0, 0, 0, 0, ''), -- 112767
(@CGUID+303, 0, 0, 0, 1, 0, 0, 0, 0, ''), -- 112767
(@CGUID+304, 0, 0, 0, 1, 0, 0, 0, 0, ''), -- 112767
(@CGUID+305, 0, 0, 0, 1, 0, 0, 0, 0, ''), -- 112767
(@CGUID+306, 0, 0, 0, 1, 0, 0, 0, 0, ''), -- 112767
(@CGUID+307, 0, 0, 0, 1, 0, 0, 0, 0, ''), -- 112655
(@CGUID+308, 0, 0, 0, 1, 0, 0, 0, 0, ''), -- 112718
(@CGUID+309, 0, 0, 0, 1, 0, 0, 0, 0, ''), -- 112767
(@CGUID+310, 0, 0, 0, 1, 0, 0, 0, 0, ''), -- 112767
(@CGUID+311, 0, 0, 0, 1, 0, 0, 0, 0, ''), -- 112767
(@CGUID+312, 0, 0, 0, 1, 0, 0, 0, 0, ''), -- 112767
(@CGUID+313, 0, 0, 0, 1, 0, 0, 0, 0, ''), -- 112767
(@CGUID+314, 0, 0, 0, 1, 0, 0, 0, 0, ''), -- 112767
(@CGUID+315, 0, 0, 0, 1, 0, 0, 0, 0, ''), -- 112767
(@CGUID+316, 0, 0, 0, 1, 0, 0, 0, 0, ''), -- 112638
(@CGUID+317, 0, 0, 8, 1, 0, 0, 0, 0, ''), -- 112655
(@CGUID+318, 0, 0, 0, 1, 0, 0, 0, 0, ''), -- 112767
(@CGUID+319, 0, 0, 0, 1, 0, 0, 0, 0, ''), -- 113307
(@CGUID+320, 0, 0, 0, 1, 0, 0, 0, 0, ''), -- 112767
(@CGUID+321, 0, 0, 0, 1, 0, 0, 0, 0, '188236'), -- 112603 - 188236 - 188236
(@CGUID+322, 0, 0, 0, 1, 0, 0, 0, 0, ''), -- 112767
(@CGUID+323, 0, 0, 0, 1, 0, 0, 0, 0, ''), -- 112767
(@CGUID+324, 0, 0, 0, 1, 0, 0, 0, 0, '224840'), -- 68553 - 224840 - 224840
(@CGUID+325, 0, 0, 0, 1, 0, 0, 0, 0, ''), -- 112767
(@CGUID+326, 0, 0, 0, 1, 0, 0, 0, 0, ''), -- 112767
(@CGUID+327, 0, 0, 8, 1, 0, 0, 0, 0, ''), -- 112655
(@CGUID+328, 0, 0, 0, 1, 0, 0, 0, 0, ''), -- 111221
(@CGUID+329, 0, 0, 0, 1, 0, 0, 0, 0, ''), -- 112638
(@CGUID+330, 0, 0, 0, 1, 0, 0, 0, 0, ''), -- 112718
(@CGUID+331, 0, 0, 0, 1, 0, 0, 0, 0, ''), -- 112655
(@CGUID+332, 0, 0, 0, 1, 0, 0, 0, 0, ''), -- 112655
(@CGUID+333, 0, 0, 0, 1, 0, 0, 0, 0, ''), -- 112718
(@CGUID+334, 0, 0, 0, 1, 0, 0, 0, 0, ''), -- 112767
(@CGUID+335, 0, 0, 0, 1, 0, 0, 0, 0, ''), -- 112665
(@CGUID+336, 0, 0, 0, 1, 0, 0, 0, 0, '225579'), -- 113406 - 225579 - 225579
(@CGUID+337, 0, 0, 0, 1, 0, 0, 0, 0, '225579'), -- 113406 - 225579 - 225579
(@CGUID+338, 0, 0, 0, 1, 0, 0, 0, 0, '188236'), -- 112603 - 188236 - 188236
(@CGUID+339, 0, 0, 0, 1, 0, 0, 0, 0, ''), -- 111936
(@CGUID+340, 0, 0, 1, 1, 0, 0, 0, 0, ''), -- 112655
(@CGUID+341, 0, 0, 1, 1, 0, 0, 0, 0, ''), -- 112638
(@CGUID+342, 0, 0, 0, 1, 0, 0, 0, 0, '188236'), -- 112603 - 188236 - 188236
(@CGUID+343, 0, 0, 50331648, 1, 0, 0, 0, 0, ''), -- 92870
(@CGUID+344, 0, 0, 0, 1, 0, 0, 0, 0, '232277'), -- 116667 - 232277 - 232277
(@CGUID+345, 0, 0, 0, 1, 0, 0, 0, 0, ''), -- 111833
(@CGUID+346, 0, 0, 0, 1, 0, 0, 0, 0, '225579'), -- 113406 - 225579 - 225579
(@CGUID+347, 0, 0, 0, 1, 0, 0, 0, 0, '225579'), -- 113406 - 225579 - 225579
(@CGUID+348, 0, 0, 0, 1, 0, 0, 0, 0, '232277'), -- 116662 - 232277 - 232277
(@CGUID+349, 0, 0, 0, 0, 0, 0, 0, 0, ''), -- 112804
(@CGUID+350, 0, 0, 0, 1, 0, 0, 0, 0, ''), -- 112660
(@CGUID+351, 0, 0, 0, 1, 0, 0, 0, 0, ''), -- 112660
(@CGUID+352, 0, 0, 0, 1, 0, 0, 0, 0, ''), -- 111936
(@CGUID+353, 0, 0, 0, 1, 0, 0, 0, 0, ''), -- 113307
(@CGUID+354, 0, 0, 0, 1, 0, 0, 0, 0, '232277'), -- 116662 - 232277 - 232277
(@CGUID+355, 0, 0, 0, 1, 0, 0, 0, 0, '232277'), -- 116662 - 232277 - 232277
(@CGUID+356, 0, 0, 0, 1, 0, 0, 0, 0, '232277'), -- 116667 - 232277 - 232277
(@CGUID+357, 0, 0, 0, 1, 0, 0, 0, 0, ''), -- 112675
(@CGUID+358, 0, 0, 0, 1, 0, 0, 0, 0, ''), -- 111374
(@CGUID+359, 0, 0, 0, 1, 0, 0, 0, 0, '232277'), -- 116667 - 232277 - 232277
(@CGUID+360, 0, 0, 0, 1, 0, 0, 0, 0, '232277'), -- 116662 - 232277 - 232277
(@CGUID+361, 0, 0, 0, 1, 0, 0, 0, 0, ''), -- 112718
(@CGUID+362, 0, 0, 0, 1, 0, 0, 0, 0, ''), -- 112655
(@CGUID+363, 0, 0, 0, 1, 0, 0, 0, 0, ''), -- 112638
(@CGUID+364, 0, 0, 0, 1, 0, 0, 0, 0, '232277'), -- 116670 - 232277 - 232277
(@CGUID+365, 0, 0, 0, 1, 0, 0, 0, 0, '232277'), -- 116820 - 232277 - 232277
(@CGUID+366, 0, 0, 0, 1, 0, 0, 0, 0, '213179'), -- 107980 - 213179 - 213179
(@CGUID+367, 0, 0, 0, 1, 0, 0, 0, 0, '213179'), -- 107980 - 213179 - 213179
(@CGUID+368, 0, 0, 0, 1, 0, 0, 0, 0, '213179'), -- 107980 - 213179 - 213179
(@CGUID+369, 0, 0, 0, 1, 0, 0, 0, 0, '213179'), -- 107980 - 213179 - 213179
(@CGUID+370, 0, 0, 0, 1, 0, 0, 0, 0, ''), -- 110792
(@CGUID+371, 0, 0, 0, 1, 0, 0, 0, 0, ''), -- 114841
(@CGUID+372, 0, 0, 0, 1, 0, 0, 0, 0, ''), -- 114838
(@CGUID+373, 0, 0, 0, 257, 0, 0, 0, 0, ''), -- 114883
(@CGUID+374, 0, 0, 0, 1, 0, 0, 0, 0, ''), -- 116256
(@CGUID+375, 0, 0, 0, 1, 0, 0, 0, 0, ''), -- 115772
(@CGUID+376, 0, 0, 0, 1, 0, 0, 0, 0, ''), -- 115840
(@CGUID+377, 0, 0, 0, 1, 0, 0, 0, 0, ''), -- 116372
(@CGUID+378, 0, 0, 0, 1, 0, 0, 0, 0, ''), -- 107997
(@CGUID+379, 0, 0, 0, 1, 0, 0, 0, 0, '61424'), -- 32642 - 61424 - 61424
(@CGUID+380, 0, 0, 0, 1, 0, 0, 0, 0, '160758'), -- 112595 - 160758 - 160758
(@CGUID+381, 0, 0, 0, 1, 0, 0, 0, 0, ''), -- 112596
(@CGUID+382, 0, 0, 0, 1, 0, 0, 0, 0, ''), -- 112596
(@CGUID+383, 0, 0, 0, 1, 0, 0, 0, 0, '188236'), -- 111303 - 188236 - 188236
(@CGUID+384, 0, 0, 0, 1, 0, 0, 0, 0, ''), -- 112596
(@CGUID+385, 0, 0, 50331648, 1, 0, 0, 0, 0, ''), -- 112955
(@CGUID+386, 0, 0, 0, 1, 0, 0, 0, 0, '188236'), -- 112603 - 188236 - 188236
(@CGUID+387, 0, 0, 0, 1, 0, 0, 0, 0, '188236'), -- 112603 - 188236 - 188236
(@CGUID+388, 0, 0, 50331648, 1, 0, 0, 0, 0, ''), -- 92870
(@CGUID+389, 0, 0, 0, 1, 0, 0, 0, 0, '61424'), -- 32642 - 61424 - 61424
(@CGUID+390, 0, 0, 50331648, 1, 0, 1626, 0, 0, '232550'), -- 103758 - 232550 - 232550
(@CGUID+391, 0, 0, 50331648, 1, 0, 0, 0, 0, ''), -- 92870
(@CGUID+392, 0, 0, 50331648, 1, 0, 1626, 0, 0, '232550'), -- 103758 - 232550 - 232550
(@CGUID+393, 0, 0, 50331648, 1, 0, 0, 0, 0, ''), -- 92870
(@CGUID+394, 0, 0, 0, 1, 0, 0, 0, 0, '61424'), -- 32642 - 61424 - 61424
(@CGUID+395, 0, 0, 50331648, 1, 0, 0, 0, 0, ''), -- 112955
(@CGUID+396, 0, 0, 50331648, 1, 0, 0, 0, 0, ''), -- 112955
(@CGUID+397, 0, 0, 0, 1, 0, 0, 0, 0, '160758 224861'), -- 112973 - 160758 - 160758, 224861 - 224861
(@CGUID+398, 0, 0, 0, 1, 0, 0, 0, 0, '160758 224861'), -- 112973 - 160758 - 160758, 224861 - 224861
(@CGUID+399, 0, 0, 0, 1, 0, 0, 0, 0, '188236'), -- 112678 - 188236 - 188236
(@CGUID+400, 0, 0, 3, 1, 0, 0, 0, 0, ''), -- 111295
(@CGUID+401, 0, 0, 0, 1, 0, 0, 0, 0, '160758 224861'), -- 112973 - 160758 - 160758, 224861 - 224861
(@CGUID+402, 0, 0, 0, 1, 0, 0, 0, 0, '188236'), -- 112603 - 188236 - 188236
(@CGUID+403, 0, 0, 0, 1, 0, 0, 0, 0, '188236'), -- 111303 - 188236 - 188236
(@CGUID+404, 0, 0, 0, 1, 0, 0, 0, 0, '160758 224861'), -- 112973 - 160758 - 160758, 224861 - 224861
(@CGUID+405, 0, 0, 50331648, 1, 0, 0, 0, 0, ''), -- 112955
(@CGUID+406, 0, 0, 0, 1, 0, 0, 0, 0, '160758'), -- 112595 - 160758 - 160758
(@CGUID+407, 0, 0, 0, 1, 0, 0, 0, 0, '188236'), -- 111303 - 188236 - 188236
(@CGUID+408, 0, 0, 0, 1, 0, 0, 0, 0, '160758 224861'), -- 112973 - 160758 - 160758, 224861 - 224861
(@CGUID+409, 0, 0, 0, 1, 0, 0, 0, 0, '160758'), -- 112595 - 160758 - 160758
(@CGUID+410, 0, 0, 0, 1, 0, 0, 0, 0, '188236'), -- 111303 - 188236 - 188236
(@CGUID+411, 0, 0, 0, 1, 0, 0, 0, 0, '160758 224861'), -- 112973 - 160758 - 160758, 224861 - 224861
(@CGUID+412, 0, 0, 0, 1, 0, 0, 0, 0, '188236'), -- 111303 - 188236 - 188236
(@CGUID+413, 0, 0, 0, 1, 0, 0, 0, 0, ''), -- 111295
(@CGUID+414, 0, 0, 0, 1, 0, 0, 0, 0, '188236'), -- 112603 - 188236 - 188236
(@CGUID+415, 0, 0, 0, 1, 0, 0, 0, 0, '188236'), -- 112603 - 188236 - 188236
(@CGUID+416, 0, 0, 0, 1, 0, 0, 0, 0, '188236'), -- 112603 - 188236 - 188236
(@CGUID+417, 0, 0, 0, 1, 0, 0, 0, 0, '160758 224861'), -- 112973 - 160758 - 160758, 224861 - 224861
(@CGUID+418, 0, 0, 0, 1, 0, 0, 0, 0, '160758'), -- 112595 - 160758 - 160758
(@CGUID+419, 0, 0, 0, 1, 0, 0, 0, 0, '160758 224861'), -- 112973 - 160758 - 160758, 224861 - 224861
(@CGUID+420, 0, 0, 0, 1, 0, 0, 0, 0, '160758 224861'), -- 112973 - 160758 - 160758, 224861 - 224861
(@CGUID+421, 0, 0, 0, 1, 0, 0, 0, 0, ''), -- 112596
(@CGUID+422, 0, 0, 0, 1, 0, 0, 0, 0, ''), -- 112596
(@CGUID+423, 0, 0, 0, 1, 0, 0, 0, 0, ''), -- 112956
(@CGUID+424, 0, 0, 0, 1, 0, 0, 0, 0, ''), -- 112596
(@CGUID+425, 0, 0, 3, 1, 0, 0, 0, 0, ''), -- 111295
(@CGUID+426, 0, 0, 0, 1, 0, 0, 0, 0, '218502'), -- 104528 - 218502 - 218502
(@CGUID+427, 0, 0, 0, 1, 0, 0, 0, 0, '188236'), -- 112678 - 188236 - 188236
(@CGUID+428, 0, 0, 0, 1, 0, 0, 0, 0, ''), -- 111295
(@CGUID+429, 0, 0, 0, 1, 0, 0, 0, 0, '188236'), -- 111303 - 188236 - 188236
(@CGUID+430, 0, 0, 0, 1, 0, 0, 0, 0, '188236'), -- 112678 - 188236 - 188236
(@CGUID+431, 0, 0, 0, 1, 0, 0, 0, 0, '216897'), -- 109164 - 216897 - 216897
(@CGUID+432, 0, 0, 0, 1, 0, 0, 0, 0, '160758'), -- 112595 - 160758 - 160758
(@CGUID+433, 0, 0, 1, 1, 0, 0, 0, 0, '160758'), -- 112595 - 160758 - 160758
(@CGUID+434, 0, 0, 0, 1, 0, 0, 0, 0, '160758'), -- 112595 - 160758 - 160758
(@CGUID+435, 0, 0, 0, 1, 0, 0, 0, 0, '188236'), -- 112603 - 188236 - 188236
(@CGUID+436, 0, 0, 0, 1, 0, 0, 0, 0, ''), -- 112596
(@CGUID+437, 0, 0, 0, 1, 0, 0, 0, 0, '188236'), -- 112603 - 188236 - 188236
(@CGUID+438, 0, 0, 1, 1, 0, 0, 0, 0, ''), -- 111295
(@CGUID+439, 0, 0, 0, 1, 0, 0, 0, 0, ''), -- 112596
(@CGUID+440, 0, 0, 0, 1, 0, 0, 0, 0, ''), -- 112956
(@CGUID+441, 0, 0, 0, 1, 0, 0, 0, 0, '160758'), -- 112595 - 160758 - 160758
(@CGUID+442, 0, 0, 0, 1, 0, 0, 0, 0, '188236'), -- 112678 - 188236 - 188236
(@CGUID+443, 0, 0, 0, 1, 0, 0, 0, 0, '188236'), -- 112678 - 188236 - 188236
(@CGUID+444, 0, 0, 0, 1, 0, 0, 0, 0, '160758'), -- 112595 - 160758 - 160758
(@CGUID+445, 0, 0, 0, 1, 0, 0, 0, 0, '188236'), -- 111303 - 188236 - 188236
(@CGUID+446, 0, 0, 0, 1, 0, 0, 0, 0, '188236'), -- 111303 - 188236 - 188236
(@CGUID+447, 0, 0, 0, 1, 0, 0, 0, 0, '188236'), -- 112678 - 188236 - 188236
(@CGUID+448, 0, 0, 0, 1, 0, 0, 0, 0, ''), -- 112596
(@CGUID+449, 0, 0, 50331648, 1, 0, 0, 0, 0, ''), -- 112955
(@CGUID+450, 0, 0, 0, 1, 0, 0, 0, 0, ''), -- 112596
(@CGUID+451, 0, 0, 50331648, 1, 0, 0, 0, 0, ''), -- 92870
(@CGUID+452, 0, 0, 0, 1, 0, 0, 0, 0, ''), -- 112956
(@CGUID+453, 0, 0, 0, 1, 0, 0, 0, 0, ''), -- 112956
(@CGUID+454, 0, 0, 50331648, 1, 0, 0, 0, 0, ''), -- 112955
(@CGUID+455, 0, 0, 0, 1, 0, 0, 0, 0, ''), -- 112596
(@CGUID+456, 0, 0, 50331648, 1, 0, 0, 0, 0, ''), -- 112955
(@CGUID+457, 0, 0, 0, 1, 0, 0, 0, 0, '160758'), -- 112595 - 160758 - 160758
(@CGUID+458, 0, 0, 0, 1, 0, 0, 0, 0, '188236'), -- 111303 - 188236 - 188236
(@CGUID+459, 0, 0, 0, 1, 0, 0, 0, 0, ''), -- 110341
(@CGUID+460, 0, 0, 0, 1, 0, 0, 0, 0, ''), -- 112596
(@CGUID+461, 0, 0, 0, 1, 0, 0, 0, 0, '188236'), -- 112678 - 188236 - 188236
(@CGUID+462, 0, 0, 0, 1, 0, 0, 0, 0, '188236'), -- 112678 - 188236 - 188236
(@CGUID+463, 0, 0, 0, 1, 0, 0, 0, 0, '160758'), -- 112595 - 160758 - 160758
(@CGUID+464, 0, 0, 0, 1, 0, 0, 0, 0, ''), -- 112596
(@CGUID+465, 0, 0, 0, 1, 0, 0, 0, 0, ''), -- 112956
(@CGUID+466, 0, 0, 0, 1, 0, 0, 0, 0, '160758'), -- 112595 - 160758 - 160758
(@CGUID+467, 0, 0, 0, 1, 0, 0, 0, 0, ''), -- 112956
(@CGUID+468, 0, 0, 0, 1, 0, 0, 0, 0, ''), -- 112956
(@CGUID+469, 0, 0, 0, 1, 0, 0, 0, 0, ''), -- 112596
(@CGUID+470, 0, 0, 0, 1, 0, 0, 0, 0, '188236'), -- 112678 - 188236 - 188236
(@CGUID+471, 0, 0, 0, 1, 0, 0, 0, 0, '188236'), -- 111303 - 188236 - 188236
(@CGUID+472, 0, 0, 3, 1, 0, 0, 0, 0, ''), -- 111295
(@CGUID+473, 0, 0, 0, 1, 0, 0, 0, 0, '188236'), -- 111303 - 188236 - 188236
(@CGUID+474, 0, 0, 0, 1, 0, 0, 0, 0, '188236'), -- 111303 - 188236 - 188236
(@CGUID+475, 0, 0, 0, 1, 0, 0, 0, 0, '160758'), -- 112595 - 160758 - 160758
(@CGUID+476, 0, 0, 0, 1, 0, 0, 0, 0, '160758'), -- 112595 - 160758 - 160758
(@CGUID+477, 0, 0, 0, 1, 0, 0, 0, 0, '188236'), -- 112678 - 188236 - 188236
(@CGUID+478, 0, 0, 0, 1, 0, 0, 0, 0, '188236'), -- 111303 - 188236 - 188236
(@CGUID+479, 0, 0, 0, 1, 0, 0, 0, 0, ''), -- 112956
(@CGUID+480, 0, 0, 0, 1, 0, 0, 0, 0, '188236'), -- 111303 - 188236 - 188236
(@CGUID+481, 0, 0, 0, 1, 0, 0, 0, 0, ''), -- 109583
(@CGUID+482, 0, 0, 0, 1, 0, 0, 0, 0, '218357'), -- 109075 - 218357 - 218357
(@CGUID+483, 0, 0, 0, 1, 0, 0, 0, 0, ''), -- 109075
(@CGUID+484, 0, 0, 0, 1, 0, 0, 0, 0, '218520'), -- 109804 - 218520 - 218520
(@CGUID+485, 0, 0, 0, 1, 0, 0, 0, 0, '218520'), -- 109804 - 218520 - 218520
(@CGUID+486, 0, 0, 0, 1, 0, 0, 0, 0, '218520'), -- 109804 - 218520 - 218520
(@CGUID+487, 0, 0, 0, 1, 0, 0, 0, 0, ''), -- 109583
(@CGUID+488, 0, 0, 50331648, 1, 0, 0, 0, 0, ''), -- 92870
(@CGUID+489, 0, 0, 0, 1, 0, 0, 0, 0, '218357'), -- 109075 - 218357 - 218357
(@CGUID+490, 0, 0, 0, 1, 0, 0, 0, 0, ''), -- 109075
(@CGUID+491, 0, 0, 0, 1, 0, 0, 0, 0, ''), -- 109075
(@CGUID+492, 0, 0, 0, 1, 0, 0, 0, 0, '218520'), -- 109804 - 218520 - 218520
(@CGUID+493, 0, 0, 0, 1, 0, 0, 0, 0, '218520'), -- 109804 - 218520 - 218520
(@CGUID+494, 0, 0, 0, 1, 0, 0, 0, 0, '218520'), -- 109804 - 218520 - 218520
(@CGUID+495, 0, 0, 0, 1, 0, 0, 0, 0, '218357'), -- 109075 - 218357 - 218357
(@CGUID+496, 0, 0, 0, 1, 0, 0, 0, 0, ''), -- 109583
(@CGUID+497, 0, 0, 0, 1, 0, 0, 0, 0, ''), -- 109075
(@CGUID+498, 0, 0, 0, 1, 0, 0, 0, 0, '218520'), -- 109804 - 218520 - 218520
(@CGUID+499, 0, 0, 0, 1, 0, 0, 0, 0, '218520'); -- 109804 - 218520 - 218520


SET @CGUID := (SELECT max(guid) + 1 FROM creature_addon);
INSERT INTO `creature_addon` (`guid`, `path_id`, `mount`, `bytes1`, `bytes2`, `emote`, `aiAnimKit`, `movementAnimKit`, `meleeAnimKit`, `auras`) VALUES
(@CGUID+500, 0, 0, 0, 1, 0, 0, 0, 0, '218520'), -- 109804 - 218520 - 218520
(@CGUID+501, 0, 0, 0, 1, 0, 0, 0, 0, '218357'), -- 109075 - 218357 - 218357
(@CGUID+502, 0, 0, 0, 1, 0, 0, 0, 0, ''), -- 109583
(@CGUID+503, 0, 0, 0, 1, 0, 0, 0, 0, ''), -- 113268
(@CGUID+504, 0, 0, 0, 1, 0, 0, 0, 0, ''), -- 96679
(@CGUID+505, 0, 0, 0, 1, 0, 0, 0, 0, ''), -- 112392
(@CGUID+506, 0, 0, 0, 257, 0, 0, 0, 0, ''), -- 110437
(@CGUID+507, 0, 0, 0, 1, 0, 0, 0, 0, ''), -- 113268
(@CGUID+508, 0, 0, 0, 1, 0, 12290, 0, 0, ''), -- 116609
(@CGUID+509, 0, 0, 0, 1, 0, 0, 0, 0, ''), -- 113268
(@CGUID+510, 0, 0, 0, 1, 0, 0, 0, 0, ''), -- 97389
(@CGUID+511, 0, 0, 0, 257, 0, 0, 0, 0, ''), -- 106459
(@CGUID+512, 0, 0, 0, 1, 0, 0, 0, 0, ''), -- 113268
(@CGUID+513, 0, 0, 0, 1, 0, 0, 0, 0, ''), -- 107994
(@CGUID+514, 0, 0, 50331648, 1, 0, 0, 0, 0, ''), -- 93819
(@CGUID+515, 0, 0, 0, 1, 0, 0, 0, 0, '52642'), -- 96572 - 52642 - 52642
(@CGUID+516, 0, 0, 0, 1, 0, 0, 0, 0, '52642'), -- 96572 - 52642 - 52642
(@CGUID+517, 0, 0, 0, 1, 0, 0, 0, 0, '52642'), -- 96572 - 52642 - 52642
(@CGUID+518, 0, 0, 0, 1, 0, 0, 0, 0, ''), -- 113268
(@CGUID+519, 0, 0, 0, 1, 0, 0, 0, 0, ''), -- 100635
(@CGUID+520, 0, 0, 0, 1, 0, 0, 0, 0, '52642'), -- 96572 - 52642 - 52642
(@CGUID+521, 0, 0, 0, 1, 0, 0, 0, 0, ''), -- 111741
(@CGUID+522, 0, 0, 0, 1, 0, 0, 0, 0, '52642'), -- 96572 - 52642 - 52642
(@CGUID+523, 0, 0, 1, 1, 0, 0, 0, 0, ''), -- 96469
(@CGUID+524, 0, 0, 0, 1, 0, 0, 0, 0, '52642'), -- 96572 - 52642 - 52642
(@CGUID+525, 0, 0, 50331648, 1, 0, 0, 0, 0, ''), -- 93819
(@CGUID+526, 0, 0, 50331648, 1, 0, 0, 0, 0, ''); -- 93819


SET @OGUID := (SELECT max(guid) + 1 FROM gameobject);
DELETE FROM `gameobject` WHERE `guid` BETWEEN @OGUID+0 AND @OGUID+124;
INSERT INTO `gameobject` (`guid`, `id`, `map`, `zoneId`, `areaId`, `spawnDifficulties`, `PhaseId`, `PhaseGroup`, `position_x`, `position_y`, `position_z`, `orientation`, `rotation0`, `rotation1`, `rotation2`, `rotation3`, `spawntimesecs`, `animprogress`, `state`, `VerifiedBuild`) VALUES
(@OGUID+0, 256898, 1530, 8025, 8025, '0', '', 0, 391.184, 3399.031, 142.888, 4.686212, 0, 0, -0.716301, 0.6977915, 7200, 255, 1, 26365), -- 256898 (Area: 8025 - Difficulty: 17)
(@OGUID+1, 256899, 1530, 8025, 8025, '0', '', 0, 371.934, 3399.325, 142.888, 4.712392, 0, 0, -0.7071056, 0.7071079, 7200, 255, 1, 26365), -- 256899 (Area: 8025 - Difficulty: 17)
(@OGUID+2, 253989, 1530, 8025, 8025, '0', '', 0, 577.7986, 3430.879, 108.9107, 3.926996, 0, 0, -0.9238787, 0.3826855, 7200, 255, 1, 26365), -- 253989 (Area: 8025 - Difficulty: 17)
(@OGUID+3, 266173, 1530, 8025, 8025, '0', '', 0, 323.8571, 3385.087, 148.778, 3.926996, 0, 0, -0.9238787, 0.3826855, 7200, 255, 0, 26365), -- 266173 (Area: 8025 - Difficulty: 17)
(@OGUID+4, 243403, 1530, 8025, 8025, '0', '', 0, 580.4636, 3433.166, 109.5174, 3.945412, 0, 0, -0.9203157, 0.3911764, 7200, 255, 1, 26365), -- 243403 (Area: 8025 - Difficulty: 17)
(@OGUID+5, 254241, 1530, 8025, 8025, '0', '', 0, 549.4325, 3208.228, 109.3602, 4.677484, 0, 0, -0.7193394, 0.6946588, 7200, 255, 1, 26365), -- 254241 (Area: 8025 - Difficulty: 17)
(@OGUID+6, 251983, 1530, 8025, 8025, '0', '', 0, 461.1105, 3181.485, 148.6086, 5.497789, 0, 0, -0.3826828, 0.9238798, 7200, 255, 0, 26365), -- 251983 (Area: 8025 - Difficulty: 17)
(@OGUID+7, 251981, 1530, 8025, 8025, '0', '', 0, 326.7794, 3179.859, 146.7911, 3.926996, 0, 0, -0.9238787, 0.3826855, 7200, 255, 1, 26365), -- 251981 (Area: 8025 - Difficulty: 17)
(@OGUID+8, 251683, 1530, 8025, 8025, '0', '', 0, 255.5524, 3316.563, 148.778, 0.7853968, 0, 0, 0.3826828, 0.9238798, 7200, 255, 0, 26365), -- 251683 (Area: 8025 - Difficulty: 17)
(@OGUID+9, 253923, 1530, 8025, 8025, '0', '', 0, 226.5702, 3357.473, 173.6266, 3.926996, 0, 0, -0.9238787, 0.3826855, 7200, 255, 1, 26365), -- 253923 (Area: 8025 - Difficulty: 17)
(@OGUID+10, 251686, 1530, 8025, 8025, '0', '', 0, 250.6351, 3347.35, 173.6026, 5.497789, 0, 0, -0.3826828, 0.9238798, 7200, 255, 1, 26365), -- 251686 (Area: 8025 - Difficulty: 17)
(@OGUID+11, 251687, 1530, 8025, 8025, '0', '', 0, 293.2661, 3389.957, 173.6026, 5.497789, 0, 0, -0.3826828, 0.9238798, 7200, 255, 1, 26365), -- 251687 (Area: 8025 - Difficulty: 17)
(@OGUID+12, 251684, 1530, 8025, 8025, '0', '', 0, 531.4665, 3176.843, 148.5205, 3.926996, 0, 0, -0.9238787, 0.3826855, 7200, 255, 0, 26365), -- 251684 (Area: 8025 - Difficulty: 17)
(@OGUID+13, 253924, 1530, 8025, 8025, '0', '', 0, 283.1976, 3414.101, 173.6266, 3.926996, 0, 0, -0.9238787, 0.3826855, 7200, 255, 1, 26365), -- 253924 (Area: 8025 - Difficulty: 17)
(@OGUID+14, 256857, 1530, 8025, 8025, '0', '', 0, 545.0555, 3246.65, 142.888, 3.211419, 0, 0, -0.9993906, 0.03490613, 7200, 255, 1, 26365), -- 256857 (Area: 8025 - Difficulty: 17)
(@OGUID+15, 251610, 1530, 8025, 8025, '0', '', 0, 341.0448, 3076.998, 227.2206, 5.497789, 0, 0, -0.3826828, 0.9238798, 7200, 255, 0, 26365), -- 251610 (Area: 8025 - Difficulty: 17)
(@OGUID+16, 251608, 1530, 8025, 8025, '0', '', 0, 223.9024, 3194.115, 227.2206, 2.356195, 0, 0, 0.9238796, 0.3826832, 7200, 255, 1, 26365), -- 251608 (Area: 8025 - Difficulty: 17)
(@OGUID+17, 251984, 1530, 8025, 8025, '0', '', 0, 558.0551, 3084.648, 148.5949, 2.35619, 0, 0, 0.9238787, 0.3826855, 7200, 255, 1, 26365), -- 251984 (Area: 8025 - Difficulty: 17)
(@OGUID+18, 251609, 1530, 8025, 8025, '0', '', 0, 246.8431, 3171.535, 296.6438, 2.35619, 0, 0, 0.9238787, 0.3826855, 7200, 255, 1, 26365), -- 251609 (Area: 8025 - Difficulty: 17)
(@OGUID+19, 251612, 1530, 8025, 8025, '0', '', 0, 323.3441, 3176.392, 227.2296, 3.926996, 0, 0, -0.9238787, 0.3826855, 7200, 255, 1, 26365), -- 251612 (Area: 8025 - Difficulty: 17)
(@OGUID+20, 250242, 1530, 8025, 8025, '0', '', 0, 406.7078, 3323.288, -225.5616, 1.291544, 0, 0, 0.6018152, 0.7986354, 7200, 255, 1, 26365), -- 250242 (Area: 8025 - Difficulty: 17)
(@OGUID+21, 250243, 1530, 8025, 8025, '0', '', 0, 495.4475, 3347.274, -225.5616, 5.497789, 0, 0, -0.3826828, 0.9238798, 7200, 255, 1, 26365), -- 250243 (Area: 8025 - Difficulty: 17)
(@OGUID+22, 250241, 1530, 8025, 8025, '0', '', 0, 470.9596, 3258.617, -225.5616, 3.368496, 0, 0, -0.9935713, 0.1132084, 7200, 255, 1, 26365), -- 250241 (Area: 8025 - Difficulty: 17)
(@OGUID+23, 254242, 1530, 8025, 8025, '0', '', 0, 479.9489, 3114.229, 173.4126, 5.497789, 0, 0, -0.3826828, 0.9238798, 7200, 255, 1, 26365), -- 254242 (Area: 8025 - Difficulty: 17)
(@OGUID+24, 254243, 1530, 8025, 8025, '0', '', 0, 492.0308, 3127.706, 150.6529, 5.497789, 0, 0, -0.3826828, 0.9238798, 7200, 255, 1, 26365), -- 254243 (Area: 8025 - Difficulty: 17)
(@OGUID+25, 251982, 1530, 8025, 8025, '0', '', 0, 238.2275, 3091.308, 146.7911, 0.7853968, 0, 0, 0.3826828, 0.9238798, 7200, 255, 1, 26365), -- 251982 (Area: 8025 - Difficulty: 17)
(@OGUID+26, 254145, 1530, 8025, 8025, '0', '', 0, 441.9613, 3749.586, 0.1015638, 5.79802, 0, 0, -0.2402105, 0.9707208, 7200, 255, 24, 26365), -- 0 (Area: 8025 - Difficulty: 17)
(@OGUID+27, 252315, 1530, 8025, 8025, '0', '', 0, 241.6717, 3176.306, 227.2206, 5.497789, 0, 0, -0.3826828, 0.9238798, 7200, 255, 1, 26365), -- 252315 (Area: 8025 - Difficulty: 17)
(@OGUID+28, 251398, 1530, 8025, 8025, '0', '', 0, 400.2345, 3251.705, -224.4245, 3.926996, 0, 0, -0.9238787, 0.3826855, 7200, 255, 0, 26365), -- 251398 (Area: 8025 - Difficulty: 17)
(@OGUID+29, 252316, 1530, 8025, 8025, '0', '', 0, 323.241, 3094.773, 227.2206, 2.35619, 0, 0, 0.9238787, 0.3826855, 7200, 255, 0, 26365), -- 252316 (Area: 8025 - Difficulty: 17)
(@OGUID+30, 251397, 1530, 8025, 8025, '0', '', 0, 418.2524, 3269.747, -224.5699, 3.926996, 0, 0, -0.9238787, 0.3826855, 7200, 255, 0, 26365), -- 251397 (Area: 8025 - Difficulty: 17)
(@OGUID+31, 251401, 1530, 8025, 8025, '0', '', 0, 607.7684, 3188.001, 195.9593, 3.926996, 0, 0, -0.9238787, 0.3826855, 7200, 255, 1, 26365), -- 251401 (Area: 8025 - Difficulty: 17)
(@OGUID+32, 252348, 1530, 8025, 8025, '0', '', 0, 370.3077, 3221.555, -225.7804, 3.926996, 0, 0, -0.9238787, 0.3826855, 7200, 255, 1, 26365), -- 252348 (Area: 8025 - Difficulty: 17)
(@OGUID+33, 248932, 1530, 8025, 8025, '0', '', 0, 586.8807, 3167.008, 198.0612, 0.7853968, 0, 0, 0.3826828, 0.9238798, 7200, 255, 0, 26365), -- 248932 (Area: 8025 - Difficulty: 17)
(@OGUID+34, 258847, 1530, 8025, 8025, '0', '', 0, 142.0349, 3186.997, 110.9805, 6.187194, 0, 0, -0.04797745, 0.9988484, 7200, 255, 1, 26365), -- 258847 (Area: 8025 - Difficulty: 17)
(@OGUID+35, 251685, 1530, 8025, 8025, '0', '', 0, 466.3971, 3111.554, 148.5205, 0.7853968, 0, 0, 0.3826828, 0.9238798, 7200, 255, 0, 26365), -- 251685 (Area: 8025 - Difficulty: 17)
(@OGUID+36, 252435, 1530, 8025, 8025, '0', '', 0, 607.7684, 3188.001, 195.9593, 3.926996, 0, 0, -0.9238787, 0.3826855, 7200, 255, 1, 26365), -- 252435 (Area: 8025 - Difficulty: 17)
(@OGUID+37, 251611, 1530, 8025, 8025, '0', '', 0, 318.4244, 3099.897, 296.6438, 5.497789, 0, 0, -0.3826828, 0.9238798, 7200, 255, 1, 26365), -- 251611 (Area: 8025 - Difficulty: 17)
(@OGUID+38, 253988, 1530, 8025, 8025, '0', '', 0, 101.1124, 2954.192, 108.9107, 0.7853968, 0, 0, 0.3826828, 0.9238798, 7200, 255, 1, 26365), -- 253988 (Area: 8025 - Difficulty: 17)
(@OGUID+39, 247970, 1530, 8025, 8025, '0', '', 0, -34.88195, 2830.159, -80.3633, 3.665196, 0, 0, -0.9659252, 0.2588213, 7200, 255, 1, 26365), -- 247970 (Area: 8025 - Difficulty: 17)
(@OGUID+40, 247971, 1530, 8025, 8025, '0', '', 0, -34.88195, 2830.159, -80.3633, 3.665196, 0, 0, -0.9659252, 0.2588213, 7200, 255, 1, 26365), -- 247971 (Area: 8025 - Difficulty: 17)
(@OGUID+41, 265469, 1530, 8025, 8025, '0', '', 0, 817.1643, 3901.796, 0.1015638, 1.287947, 0, 0, 0.600378, 0.7997164, 7200, 255, 24, 26365), -- 0 (Area: 8025 - Difficulty: 17)
(@OGUID+42, 265470, 1530, 8025, 8025, '0', '', 0, 638.838, 4056.745, 0.1015638, 3.599044, 0, 0, -0.9739561, 0.2267366, 7200, 255, 24, 26365), -- 0 (Area: 8025 - Difficulty: 17)
(@OGUID+43, 247973, 1530, 8025, 8025, '0', '', 0, -34.88195, 2830.159, -80.3633, 3.665196, 0, 0, -0.9659252, 0.2588213, 7200, 255, 1, 26365), -- 247973 (Area: 8025 - Difficulty: 17)
(@OGUID+44, 254240, 1530, 8025, 8025, '0', '', 0, -69.1153, 3420.236, -265.1301, 0.7853968, 0, 0, 0.3826828, 0.9238798, 7200, 255, 1, 26365), -- 254240 (Area: 8025 - Difficulty: 17)
(@OGUID+45, 251844, 1530, 8025, 8025, '0', '', 0, 1100.5, 3435.926, 20.76277, 4.537859, 0, 0, -0.7660437, 0.6427886, 7200, 255, 1, 26365), -- 251844 (Area: 8025 - Difficulty: 17)
(@OGUID+46, 254149, 1530, 8025, 8025, '0', '', 0, 1007.973, 3777.788, 0.1015171, 2.947497, 0, 0, 0.9952946, 0.09689554, 7200, 255, 24, 26365), -- 0 (Area: 8025 - Difficulty: 17)
(@OGUID+47, 254238, 1530, 8025, 8025, '0', '', 0, 324.9208, 3909.51, 0.1015638, 0.7855206, 0, 0, 0.38274, 0.9238561, 7200, 255, 24, 26365), -- 0 (Area: 8025 - Difficulty: 17)
(@OGUID+48, 254276, 1530, 8025, 8025, '0', '', 0, 684.0871, 3851.781, 0.1015638, 0.1824199, 0, 0, 0.09108353, 0.9958433, 7200, 255, 24, 26365), -- 0 (Area: 8025 - Difficulty: 17)
(@OGUID+49, 252319, 1530, 8025, 8025, '0', '', 0, 326.3026, 3179.779, 438.9406, 2.356195, 0, 0, 0.9238796, 0.3826832, 7200, 255, 1, 26365), -- 252319 (Area: 8025 - Difficulty: 17)
(@OGUID+50, 252349, 1530, 8025, 8025, '0', '', 0, 162.0253, 3220.875, -225.7804, 5.497789, 0, 0, -0.3826828, 0.9238798, 7200, 255, 0, 26365), -- 252349 (Area: 8025 - Difficulty: 17)
(@OGUID+51, 251832, 1530, 8025, 8025, '0', '', 0, 610.5018, 2761.565, 125.2497, 3.936826, 0, 0, -0.9219866, 0.3872218, 7200, 255, 0, 26365), -- 251832 (Area: 8025 - Difficulty: 17)
(@OGUID+52, 252322, 1530, 8025, 8025, '0', '', 0, 273.4002, 3135.166, -237.0647, 3.926996, 0, 0, -0.9238787, 0.3826855, 7200, 255, 1, 26365), -- 252322 (Area: 8025 - Difficulty: 17)
(@OGUID+53, 251833, 1530, 8025, 8025, '0', '', 0, 674.507, 2828.929, 125.2497, 3.948512, 0, 0, -0.9197083, 0.3926025, 7200, 255, 0, 26365), -- 251833 (Area: 8025 - Difficulty: 17)
(@OGUID+54, 252321, 1530, 8025, 8025, '0', '', 0, 238.1476, 3179.334, 438.9406, 3.926996, 0, 0, -0.9238787, 0.3826855, 7200, 255, 1, 26365), -- 252321 (Area: 8025 - Difficulty: 17)
(@OGUID+55, 252103, 1530, 8025, 8025, '0', '', 0, 60.61374, 3411.804, -250.389, 3.926996, 0, 0, -0.9238787, 0.3826855, 7200, 255, 1, 26365), -- 252103 (Area: 8025 - Difficulty: 17)
(@OGUID+56, 252105, 1530, 8025, 8025, '0', '', 0, 60.7536, 3475.996, -249.9783, 5.458011, 0, 0, -0.4009809, 0.9160864, 7200, 255, 0, 26365), -- 252105 (Area: 8025 - Difficulty: 17)
(@OGUID+57, 259929, 1530, 8025, 8025, '0', '', 0, 617.3421, 3812.091, 0.1015638, 2.185189, -0.001873493, -0.0005922318, 0.8878231, 0.4601807, 7200, 255, 24, 26365), -- 0 (Area: 8025 - Difficulty: 17)
(@OGUID+58, 253462, 1530, 8025, 8025, '0', '', 0, 347.9774, 3201.056, 72.66277, 3.926996, 0, 0, -0.9238787, 0.3826855, 7200, 255, 1, 26365), -- 253462 (Area: 8025 - Difficulty: 17)
(@OGUID+59, 251519, 1530, 8025, 8025, '0', '', 0, 128.6196, 3254.374, -225.6117, 2.35619, 0, 0, 0.9238787, 0.3826855, 7200, 255, 1, 26365), -- 251519 (Area: 8025 - Difficulty: 17)
(@OGUID+60, 247972, 1530, 8025, 8025, '0', '', 0, -34.88195, 2830.159, -80.3633, 3.665196, 0, 0, -0.9659252, 0.2588213, 7200, 255, 1, 26365), -- 247972 (Area: 8025 - Difficulty: 17)
(@OGUID+61, 254147, 1530, 8025, 8025, '0', '', 0, 1234.817, 3738.016, 0.1514663, 2.694059, 0.001013756, -0.001674652, 0.9750662, 0.2219057, 7200, 255, 24, 26365), -- 0 (Area: 8025 - Difficulty: 17)
(@OGUID+62, 254148, 1530, 8025, 8025, '0', '', 0, 869.861, 4216.877, 0.1015637, 2.203046, 0, 0, 0.8918972, 0.4522382, 7200, 255, 24, 26365), -- 0 (Area: 8025 - Difficulty: 17)
(@OGUID+63, 254239, 1530, 8025, 8025, '0', '', 0, 492.3362, 4064.585, 0.1015638, 2.93364, 0, 0, 0.9945993, 0.1037891, 7200, 255, 24, 26365), -- 0 (Area: 8025 - Difficulty: 17)
(@OGUID+64, 266919, 1530, 8025, 8025, '0', '', 0, 1235.946, 4205.98, -65.18047, 2.617989, 0, 0, 0.9659252, 0.2588213, 7200, 255, 1, 26365), -- 266919 (Area: 8025 - Difficulty: 17)
(@OGUID+65, 251988, 1530, 8025, 8025, '0', '', 0, 326.7474, 3091.624, 438.9406, 0.7853989, 0, 0, 0.3826838, 0.9238794, 7200, 255, 1, 26365), -- 251988 (Area: 8025 - Difficulty: 17)
(@OGUID+66, 260985, 1530, 8025, 8025, '0', '', 0, 282.3512, 3135.402, 465.82, 4.01426, 0, 0, -0.9063072, 0.4226195, 7200, 255, 1, 26365), -- 260985 (Area: 8025 - Difficulty: 17)
(@OGUID+67, 252318, 1530, 8025, 8025, '0', '', 0, 282.3512, 3135.402, 465.82, 4.01426, 0, 0, -0.9063072, 0.4226195, 7200, 255, 1, 26365), -- 252318 (Area: 8025 - Difficulty: 17)
(@OGUID+68, 252320, 1530, 8025, 8025, '0', '', 0, 238.5924, 3091.179, 438.9406, 5.497791, 0, 0, -0.3826818, 0.9238802, 7200, 255, 1, 26365), -- 252320 (Area: 8025 - Difficulty: 17)
(@OGUID+69, 266959, 1530, 8025, 8025, '0', '', 0, 279.3195, 3361.545, 145.4735, 5.476628, 0, 0, -0.392436, 0.9197793, 7200, 255, 1, 26365), -- 266959 (Area: 8025 - Difficulty: 17)
(@OGUID+70, 266174, 1530, 8025, 8025, '0', '', 0, 282.3485, 3135.405, 464.9805, 3.839725, 0, 0, -0.9396925, 0.3420205, 7200, 255, 1, 26365), -- 266174 (Area: 8025 - Difficulty: 17)
(@OGUID+71, 266395, 1530, 8025, 8025, '0', '', 0, 282.3512, 3135.402, 465.8199, 1.570796, 0, 0, 0.7071066, 0.7071069, 7200, 255, 1, 26365), -- 266395 (Area: 8025 - Difficulty: 17)
(@OGUID+72, 266182, 1530, 8025, 8025, '0', '', 0, 282.3512, 3135.402, 465.8344, 0.7853968, 0, 0, 0.3826828, 0.9238798, 7200, 255, 1, 26365), -- 266182 (Area: 8025 - Difficulty: 17)
(@OGUID+73, 266183, 1530, 8025, 8025, '0', '', 0, 282.3512, 3135.402, 465.8344, 2.35619, 0, 0, 0.9238787, 0.3826855, 7200, 255, 1, 26365), -- 266183 (Area: 8025 - Difficulty: 17)
(@OGUID+74, 266180, 1530, 8025, 8025, '0', '', 0, 282.3512, 3135.402, 465.8344, 5.497789, 0, 0, -0.3826828, 0.9238798, 7200, 255, 1, 26365), -- 266180 (Area: 8025 - Difficulty: 17)
(@OGUID+75, 266181, 1530, 8025, 8025, '0', '', 0, 282.3512, 3135.402, 465.8344, 3.926996, 0, 0, -0.9238787, 0.3826855, 7200, 255, 1, 26365), -- 266181 (Area: 8025 - Difficulty: 17)
(@OGUID+76, 256872, 1530, 8025, 8025, '0', '', 0, 545.9011, 3227.465, 142.888, 3.159062, 0, 0, -0.9999619, 0.008734641, 7200, 255, 1, 26365), -- 256872 (Area: 8025 - Difficulty: 17)
-- (@OGUID+77, 233282, 1530, 8025, 8025, '0', '', 0, 409.0222, 3340.977, 59.90671, 4.434246, 0, 0, -0.7983017, 0.6022578, 7200, 255, 1, 26365), -- 233282 (Area: 8025 - Difficulty: 17) - !!! might be temporary spawn !!!
(@OGUID+78, 256893, 1530, 8025, 8025, '0', '', 0, 453.2465, 3028.293, 143.9747, 1.099554, 0, 0, 0.5224972, 0.852641, 7200, 255, 1, 26365), -- 256893 (Area: 8025 - Difficulty: 17)
(@OGUID+79, 258843, 1530, 8025, 8025, '0', '', 0, 333.9767, 3186.937, 227.0093, 3.926996, 0, 0, -0.9238787, 0.3826855, 7200, 255, 1, 26365), -- 258843 (Area: 8025 - Difficulty: 17)
(@OGUID+80, 252317, 1530, 8025, 8025, '0', '', 0, 282.4816, 3135.584, 145.1956, 3.926996, 0, 0, -0.9238787, 0.3826855, 7200, 255, 1, 26365), -- 252317 (Area: 8025 - Difficulty: 17)
(@OGUID+81, 266835, 1530, 8025, 8025, '0', '', 0, 250.9965, 3166.857, 146.8096, 5.488924, 0, 0, -0.3867741, 0.9221745, 7200, 255, 1, 26365), -- 266835 (Area: 8025 - Difficulty: 17)
(@OGUID+82, 266835, 1530, 8025, 8025, '0', '', 0, 314.0764, 3104.135, 146.8002, 5.50553, 0, 0, -0.3791037, 0.9253542, 7200, 255, 1, 26365), -- 266835 (Area: 8025 - Difficulty: 17)
(@OGUID+83, 255925, 1530, 8025, 8025, '0', '', 0, 199.1752, 3218.978, 216.2109, 3.926996, 0, 0, -0.9238787, 0.3826855, 7200, 255, 1, 26365), -- 255925 (Area: 8025 - Difficulty: 17)
(@OGUID+84, 255928, 1530, 8025, 8025, '0', '', 0, 178.4451, 3239.732, 171.2827, 3.926996, 0, 0, -0.9238787, 0.3826855, 7200, 255, 1, 26365), -- 255928 (Area: 8025 - Difficulty: 17)
(@OGUID+85, 256894, 1530, 8025, 8025, '0', '', 0, 187.9931, 3302.002, 142.0069, 1.221729, 0, 0, 0.573576, 0.8191524, 7200, 255, 1, 26365), -- 256894 (Area: 8025 - Difficulty: 17)
(@OGUID+86, 251330, 1530, 8025, 8025, '0', '', 0, 282.5057, 3135.575, 226.8588, 3.926996, 0, 0, -0.9238787, 0.3826855, 7200, 255, 1, 26365), -- 251330 (Area: 8025 - Difficulty: 17)
(@OGUID+87, 255927, 1530, 8025, 8025, '0', '', 0, 365.8532, 3052.3, 216.2109, 3.926996, 0, 0, -0.9238787, 0.3826855, 7200, 255, 1, 26365), -- 255927 (Area: 8025 - Difficulty: 17)
(@OGUID+88, 255926, 1530, 8025, 8025, '0', '', 0, 386.6223, 3031.555, 171.277, 3.926996, 0, 0, -0.9238787, 0.3826855, 7200, 255, 1, 26365), -- 255926 (Area: 8025 - Difficulty: 17)
(@OGUID+89, 266835, 1530, 8025, 8025, '0', '', 0, 339.1215, 3079.109, 289.4147, 5.488924, 0, 0, -0.3867741, 0.9221745, 7200, 255, 1, 26365), -- 266835 (Area: 8025 - Difficulty: 17)
(@OGUID+90, 258848, 1530, 8025, 8025, '0', '', 0, 155.5739, 3185.836, 110.6049, 3.050267, 0, 0, 0.9989576, 0.04564711, 7200, 255, 1, 26365), -- 258848 (Area: 8025 - Difficulty: 17)
(@OGUID+91, 253128, 1530, 8025, 8025, '0', '', 0, 575.1962, 3429.055, 111.8554, 0.6834636, 0, 0, 0.3351192, 0.9421757, 7200, 255, 1, 26365), -- 253128 (Area: 8025 - Difficulty: 17)
(@OGUID+92, 242174, 1530, 8025, 8025, '0', '', 0, -960.4443, 4324.997, 740.1581, 0.8901166, 0, 0, 0.4305105, 0.9025856, 7200, 255, 1, 26365), -- 242174 (Area: 8025 - Difficulty: 17)
-- (@OGUID+93, 233282, 1530, 8025, 8389, '0', '', 0, 593.8906, 3171.15, 196.1067, 0.09255853, 0, 0, 0.04626274, 0.9989293, 7200, 255, 1, 26365), -- 233282 (Area: 8389 - Difficulty: 17) - !!! might be temporary spawn !!!
(@OGUID+94, 256887, 1530, 8025, 8389, '0', '', 0, 707.8802, 2978.503, 126.3758, 5.823803, 0.01405478, 0.06422043, -0.2271242, 0.9716444, 7200, 255, 1, 26365), -- 256887 (Area: 8389 - Difficulty: 17)
(@OGUID+95, 256884, 1530, 8025, 0, '0', '', 0, 742.0278, 2863.109, 126.0489, 5.567601, 0, 0, -0.3502073, 0.9366722, 7200, 255, 1, 26365), -- 256884 (Area: 0 - Difficulty: 17)
(@OGUID+96, 256885, 1530, 8025, 0, '0', '', 0, 743.809, 2861.793, 126.0489, 1.998401, 0, 0, 0.8410387, 0.540975, 7200, 255, 1, 26365), -- 256885 (Area: 0 - Difficulty: 17)
(@OGUID+97, 256874, 1530, 8025, 8348, '0', '', 0, 549.1129, 2773.201, 127.4111, 2.871064, 0, 0, 0.9908657, 0.1348523, 7200, 255, 1, 26365), -- 256874 (Area: 8348 - Difficulty: 17)
(@OGUID+98, 256901, 1530, 8025, 8348, '0', '', 0, 545.132, 2775.331, 127.411, 5.489065, 0, 0, -0.3867092, 0.9222017, 7200, 255, 1, 26365), -- 256901 (Area: 8348 - Difficulty: 17)
(@OGUID+99, 256875, 1530, 8025, 8348, '0', '', 0, 537.1094, 2772.642, 127.4111, 1.832598, 0, 0, 0.793354, 0.6087605, 7200, 255, 1, 26365), -- 256875 (Area: 8348 - Difficulty: 17)
(@OGUID+100, 256873, 1530, 8025, 8348, '0', '', 0, 547.6406, 2771.663, 127.4111, 2.190388, 0, 0, 0.8890171, 0.457874, 7200, 255, 1, 26365), -- 256873 (Area: 8348 - Difficulty: 17)
(@OGUID+101, 256902, 1530, 8025, 8348, '0', '', 0, 534.6702, 2773.232, 127.4111, 0.8203075, 0, 0, 0.3987503, 0.9170595, 7200, 255, 1, 26365), -- 256902 (Area: 8348 - Difficulty: 17)
(@OGUID+102, 256903, 1530, 8025, 8348, '0', '', 0, 533.9861, 2775.249, 127.4111, 0.1396245, 0, 0, 0.06975555, 0.9975641, 7200, 255, 1, 26365), -- 256903 (Area: 8348 - Difficulty: 17)
(@OGUID+103, 256882, 1530, 8025, 8348, '0', '', 0, 586.7656, 2678.87, 120.5707, 2.757613, 0, 0, 0.9816265, 0.1908124, 7200, 255, 1, 26365), -- 256882 (Area: 8348 - Difficulty: 17)
(@OGUID+104, 256883, 1530, 8025, 8348, '0', '', 0, 586.118, 2681.305, 120.5696, 4.651306, 0, 0, -0.7283697, 0.6851843, 7200, 255, 1, 26365), -- 256883 (Area: 8348 - Difficulty: 17)
(@OGUID+105, 256880, 1530, 8025, 8348, '0', '', 0, 581.6875, 2682.776, 120.5694, 4.555311, 0, 0, -0.7604055, 0.6494485, 7200, 255, 1, 26365), -- 256880 (Area: 8348 - Difficulty: 17)
(@OGUID+106, 256881, 1530, 8025, 8348, '0', '', 0, 579.0903, 2681.67, 120.5732, 5.925394, 0, 0, -0.1779432, 0.9840407, 7200, 255, 1, 26365), -- 256881 (Area: 8348 - Difficulty: 17)
(@OGUID+107, 256878, 1530, 8025, 8348, '0', '', 0, 584.7778, 2677.812, 120.5694, 1.282817, 0, 0, 0.5983248, 0.8012537, 7200, 255, 1, 26365), -- 256878 (Area: 8348 - Difficulty: 17)
(@OGUID+108, 256879, 1530, 8025, 8348, '0', '', 0, 583.7587, 2681.917, 120.5694, 4.337147, 0, 0, -0.8265886, 0.5628065, 7200, 255, 1, 26365), -- 256879 (Area: 8348 - Difficulty: 17)
(@OGUID+109, 256876, 1530, 8025, 8348, '0', '', 0, 580.3438, 2679.314, 120.5694, 0.802851, 0, 0, 0.3907309, 0.920505, 7200, 255, 1, 26365), -- 256876 (Area: 8348 - Difficulty: 17)
(@OGUID+110, 256877, 1530, 8025, 8348, '0', '', 0, 582.4896, 2678.551, 120.5694, 1.221729, 0, 0, 0.573576, 0.8191524, 7200, 255, 1, 26365), -- 256877 (Area: 8348 - Difficulty: 17)
(@OGUID+111, 246280, 1479, 7813, 7813, '0', '7968 - 7596 - 7019 - 5997 - 7705 - 7581 - 7519 - 5200 - 5107 - 7278 - 6628 - 6629 - 5173', 0, 1067.097, 7240.936, 100.5904, 0, 0, 0, 0, 1, 7200, 255, 1, 26365), -- 246280 (Area: 7813 - Difficulty: 0)
(@OGUID+112, 252016, 1479, 7813, 7813, '0', '7968 - 7596 - 7019 - 5997 - 7705 - 7581 - 7519 - 5200 - 5107 - 7278 - 6628 - 6629 - 5173', 0, 1069.146, 7204.144, 97.69034, 0.8474326, 0, 0, 0.4111509, 0.9115673, 7200, 255, 1, 26365), -- 252016 (Area: 7813 - Difficulty: 0)
(@OGUID+113, 250879, 1479, 7813, 7813, '0', '7968 - 7596 - 7019 - 5997 - 7705 - 7581 - 7519 - 5200 - 5107 - 7278 - 6628 - 6629 - 5173', 0, 1128.748, 7249.465, 99.71822, 3.968774, 0, 0, -0.9156837, 0.4018996, 7200, 255, 1, 26365), -- 250879 (Area: 7813 - Difficulty: 0)
(@OGUID+114, 244516, 1479, 7813, 7813, '0', '7968 - 7596 - 7019 - 5997 - 7705 - 7581 - 7519 - 5200 - 5107 - 7278 - 6628 - 6629 - 5173', 0, 1085.462, 7228.605, 47.26785, 1.315875, 0.522438, 0.354455, 0.4989128, 0.5937223, 7200, 255, 1, 26365), -- 244516 (Area: 7813 - Difficulty: 0)
(@OGUID+115, 250880, 1479, 7813, 7813, '0', '7968 - 7596 - 7019 - 5997 - 7705 - 7581 - 7519 - 5200 - 5107 - 7278 - 6628 - 6629 - 5173', 0, 1122.059, 7253.297, 99.71768, 3.91156, 0, 0, -0.9268045, 0.3755441, 7200, 255, 1, 26365), -- 250880 (Area: 7813 - Difficulty: 0)
(@OGUID+116, 267922, 1479, 7813, 7813, '0', '7968 - 7596 - 7019 - 5997 - 7705 - 7581 - 7519 - 5200 - 5107 - 7278 - 6628 - 6629 - 5173', 0, 1068.727, 7311.191, 109.4267, 0, 0, 0, 0, 1, 7200, 255, 1, 26365), -- 267922 (Area: 7813 - Difficulty: 0)
(@OGUID+117, 267923, 1479, 7813, 7813, '0', '7968 - 7596 - 7019 - 5997 - 7705 - 7581 - 7519 - 5200 - 5107 - 7278 - 6628 - 6629 - 5173', 0, 1068.278, 7334.356, 109.4267, 0, 0, 0, 0, 1, 7200, 255, 1, 26365), -- 267923 (Area: 7813 - Difficulty: 0)
(@OGUID+118, 259095, 1479, 7813, 7813, '0', '7968 - 7596 - 7019 - 5997 - 7705 - 7581 - 7519 - 5200 - 5107 - 7278 - 6628 - 6629 - 5173', 0, 1142.71, 7223.2, 101.819, 0, 0, 0, 0, 1, 7200, 255, 1, 26365), -- 259095 (Area: 7813 - Difficulty: 0)
(@OGUID+119, 248979, 1479, 7813, 7813, '0', '7968 - 7596 - 7019 - 5997 - 7705 - 7581 - 7519 - 5200 - 5107 - 7278 - 6628 - 6629 - 5173', 0, 1074.019, 7322.522, 109.4267, 0, 0, 0, 0, 1, 7200, 255, 1, 26365), -- 248979 (Area: 7813 - Difficulty: 0)
(@OGUID+120, 248980, 1479, 7813, 7813, '0', '7968 - 7596 - 7019 - 5997 - 7705 - 7581 - 7519 - 5200 - 5107 - 7278 - 6628 - 6629 - 5173', 0, 1068.616, 7334.295, 109.4267, 5.433888, 0, 0, -0.4120007, 0.9111835, 7200, 255, 1, 26365), -- 248980 (Area: 7813 - Difficulty: 0)
(@OGUID+121, 250878, 1479, 7813, 7813, '0', '7968 - 7596 - 7019 - 5997 - 7705 - 7581 - 7519 - 5200 - 5107 - 7278 - 6628 - 6629 - 5173', 0, 1127.615, 7196.929, 99.71751, 2.335665, 0, 0, 0.9199028, 0.3921465, 7200, 255, 1, 26365), -- 250878 (Area: 7813 - Difficulty: 0)
(@OGUID+122, 248981, 1479, 7813, 7813, '0', '7968 - 7596 - 7019 - 5997 - 7705 - 7581 - 7519 - 5200 - 5107 - 7278 - 6628 - 6629 - 5173', 0, 1069.054, 7311.249, 109.4267, 0.9491548, 0, 0, 0.4569626, 0.8894859, 7200, 255, 1, 26365), -- 248981 (Area: 7813 - Difficulty: 0)
(@OGUID+123, 252801, 1479, 7813, 7813, '0', '7968 - 7596 - 7019 - 5997 - 7705 - 7581 - 7519 - 5200 - 5107 - 7278 - 6628 - 6629 - 5173', 0, 1069.151, 7328.28, 109.4267, 0, 0, 0, 0, 1, 7200, 255, 1, 26365), -- 252801 (Area: 7813 - Difficulty: 0)
(@OGUID+124, 245726, 1479, 7813, 7813, '0', '7968 - 7596 - 7019 - 5997 - 7705 - 7581 - 7519 - 5200 - 5107 - 7278 - 6628 - 6629 - 5173', 0, 1030.769, 7361.063, 107.3078, 4.673286, -0.001883507, -0.01285458, -0.7206783, 0.6931479, 7200, 255, 1, 26365); -- 245726 (Area: 7813 - Difficulty: 0)

SET @OGUID := (SELECT max(guid) + 1 FROM gameobject_addon);
DELETE FROM `gameobject_addon` WHERE `guid` BETWEEN @OGUID+0 AND @OGUID+124;
INSERT INTO `gameobject_addon` (`guid`, `parent_rotation0`, `parent_rotation1`, `parent_rotation2`, `parent_rotation3`) VALUES
(@OGUID+2, 0, 0, 0.9238795, -0.3826835), -- 253989
(@OGUID+3, 0, 0, 0.9238795, -0.3826835), -- 266173
(@OGUID+5, 0, 0, 0.9238795, -0.3826835), -- 254241
(@OGUID+6, 0, 0, 0.9238795, -0.3826835), -- 251983
(@OGUID+7, 0, 0, 0.9238795, -0.3826835), -- 251981
(@OGUID+8, 0, 0, 0.9238795, -0.3826835), -- 251683
(@OGUID+9, 0, 0, 0.9238795, -0.3826835), -- 253923
(@OGUID+10, 0, 0, 0.9238795, -0.3826835), -- 251686
(@OGUID+11, 0, 0, 0.9238795, -0.3826835), -- 251687
(@OGUID+12, 0, 0, 0.9238795, -0.3826835), -- 251684
(@OGUID+13, 0, 0, 0.9238795, -0.3826835), -- 253924
(@OGUID+15, 0, 0, 0.9238795, -0.3826835), -- 251610
(@OGUID+16, 0, 0, 0.9238795, -0.3826835), -- 251608
(@OGUID+17, 0, 0, 0.9238795, -0.3826835), -- 251984
(@OGUID+18, 0, 0, 0.9238795, -0.3826835), -- 251609
(@OGUID+19, 0, 0, 0.9238795, -0.3826835), -- 251612
(@OGUID+20, 0, 0, 0.9238795, -0.3826835), -- 250242
(@OGUID+21, 0, 0, 0.9238795, -0.3826835), -- 250243
(@OGUID+22, 0, 0, 0.9238795, -0.3826835), -- 250241
(@OGUID+23, 0, 0, 0.9238795, -0.3826835), -- 254242
(@OGUID+24, 0, 0, 0.9238795, -0.3826835), -- 254243
(@OGUID+25, 0, 0, 0.9238795, -0.3826835), -- 251982
(@OGUID+26, 0, 0, 0.9238795, -0.3826835), -- 0
(@OGUID+27, 0, 0, 0.9238795, -0.3826835), -- 252315
(@OGUID+28, 0, 0, 0.9238795, -0.3826835), -- 251398
(@OGUID+29, 0, 0, 0.9238795, -0.3826835), -- 252316
(@OGUID+30, 0, 0, 0.9238795, -0.3826835), -- 251397
(@OGUID+31, 0, 0, 0.9238795, -0.3826835), -- 251401
(@OGUID+32, 0, 0, 0.9238795, -0.3826835), -- 252348
(@OGUID+33, 0, 0, 0.9238795, -0.3826835), -- 248932
(@OGUID+34, 0, 0, 0.9238795, -0.3826835), -- 258847
(@OGUID+35, 0, 0, 0.9238795, -0.3826835), -- 251685
(@OGUID+36, 0, 0, 0.9238795, -0.3826835), -- 252435
(@OGUID+37, 0, 0, 0.9238795, -0.3826835), -- 251611
(@OGUID+38, 0, 0, 0.9238795, -0.3826835), -- 253988
(@OGUID+39, 0, 0, 0, 1), -- 247970
(@OGUID+40, 0, 0, 0, 1), -- 247971
(@OGUID+41, 0, 0, 0.9238795, -0.3826835), -- 0
(@OGUID+42, 0, 0, 0.9238795, -0.3826835), -- 0
(@OGUID+43, 0, 0, -0.3746065, 0.9271839), -- 247973
(@OGUID+44, 0, 0, 0.9238795, -0.3826835), -- 254240
(@OGUID+45, 0, 0, 0.9238795, -0.3826835), -- 251844
(@OGUID+46, 0, 0, 0.9238795, -0.3826835), -- 0
(@OGUID+47, 0, 0, 0.9238795, -0.3826835), -- 0
(@OGUID+48, 0, 0, 0.9238795, -0.3826835), -- 0
(@OGUID+49, 0, 0, 0.9238795, -0.3826835), -- 252319
(@OGUID+50, 0, 0, 0.9238795, -0.3826835), -- 252349
(@OGUID+52, 0, 0, 0.9238795, -0.3826835), -- 252322
(@OGUID+54, 0, 0, 0.9238795, -0.3826835), -- 252321
(@OGUID+55, 0, 0, 0.9238795, -0.3826835), -- 252103
(@OGUID+56, 0, 0, 0.9238795, -0.3826835), -- 252105
(@OGUID+57, 0, 0, 0.9238795, -0.3826835), -- 0
(@OGUID+58, 0, 0, 0, 1), -- 253462
(@OGUID+59, 0, 0, 0.9238795, -0.3826835), -- 251519
(@OGUID+60, 0, 0, 0.9238795, -0.3826835), -- 247972
(@OGUID+61, 0, 0, 0.9238795, -0.3826835), -- 0
(@OGUID+62, 0, 0, 0.9238795, -0.3826835), -- 0
(@OGUID+63, 0, 0, 0.9238795, -0.3826835), -- 0
(@OGUID+64, 0, 0, -0.8660253, 0.5000002), -- 266919
(@OGUID+65, 0, 0, 0.9238795, -0.3826835), -- 251988
(@OGUID+66, 0, 0, 0.9238795, -0.3826835), -- 260985
(@OGUID+67, 0, 0, 0.9238795, -0.3826835), -- 252318
(@OGUID+68, 0, 0, 0.9238795, -0.3826835), -- 252320
(@OGUID+70, 0, 0, 0.9238795, -0.3826835), -- 266174
(@OGUID+71, 0, 0, 0.9238795, -0.3826835), -- 266395
(@OGUID+72, 0, 0, 0.9238795, -0.3826835), -- 266182
(@OGUID+73, 0, 0, 0.9238795, -0.3826835), -- 266183
(@OGUID+74, 0, 0, 0.9238795, -0.3826835), -- 266180
(@OGUID+75, 0, 0, 0.9238795, -0.3826835), -- 266181
(@OGUID+79, 0, 0, 0.9238795, -0.3826835), -- 258843
(@OGUID+80, 0, 0, 0.9238795, -0.3826835), -- 252317
(@OGUID+83, 0, 0, 0.9238795, -0.3826835), -- 255925
(@OGUID+84, 0, 0, 0.9238795, -0.3826835), -- 255928
(@OGUID+86, 0, 0, 0.9238795, -0.3826835), -- 251330
(@OGUID+87, 0, 0, 0.9238795, -0.3826835), -- 255927
(@OGUID+88, 0, 0, 0.9238795, -0.3826835), -- 255926
(@OGUID+90, 0, 0, 0.9238795, -0.3826835), -- 258848
(@OGUID+92, 0, 0, -0.333807, 0.9426414); -- 242174


DELETE FROM `creature_template_addon` WHERE `entry` IN (96469 /*96469*/, 111741 /*111741*/, 100635 /*100635*/, 96572 /*96572 - 52642*/, 107994 /*107994*/, 106459 /*106459*/, 97389 /*97389*/, 116609 /*116609*/, 110437 /*110437*/, 112392 /*112392*/, 96679 /*96679*/, 109804 /*109804 - 218520*/, 109075 /*109075 - 218357*/, 109583 /*109583*/, 110341 /*110341*/, 109164 /*109164 - 216897*/, 104528 /*104528 - 218502*/, 112956 /*112956*/, 111295 /*111295*/, 112678 /*112678 - 188236*/, 112973 /*112973 - 160758, 224861*/, 62821 /*62821 - 122729*/, 62822 /*62822 - 122729*/, 112955 /*112955*/, 111303 /*111303 - 188236*/, 112596 /*112596*/, 112595 /*112595 - 160758*/, 32641 /*32641 - 61424*/, 32642 /*32642 - 61424*/, 107997 /*107997*/, 116372 /*116372*/, 115840 /*115840*/, 115772 /*115772*/, 116256 /*116256*/, 114883 /*114883*/, 114838 /*114838*/, 114841 /*114841*/, 110792 /*110792*/, 107980 /*107980 - 213179*/, 116820 /*116820 - 232277*/, 116670 /*116670 - 232277*/, 111374 /*111374*/, 116662 /*116662 - 232277*/, 111833 /*111833*/, 116667 /*116667 - 232277*/, 92870 /*92870*/, 111936 /*111936*/, 112767 /*112767*/, 113406 /*113406 - 225579*/, 117085 /*117085*/, 92879 /*92879*/, 68553 /*68553*/, 103758 /*103758 - 232550*/, 112803 /*112803 - 224655*/, 104881 /*104881*/, 111587 /*111587*/, 112638 /*112638*/, 112718 /*112718*/, 112665 /*112665*/, 112655 /*112655*/, 111221 /*111221*/, 112660 /*112660*/, 112603 /*112603 - 188236*/, 112709 /*112709*/, 113307 /*113307*/, 112804 /*112804*/, 110791 /*110791 - 211064*/, 112671 /*112671*/, 112676 /*112676 - 160758*/, 113608 /*113608 - 211064*/, 113383 /*113383*/, 113605 /*113605 - 211064*/, 112675 /*112675*/, 113321 /*113321*/, 113128 /*113128*/, 32639 /*32639 - 61424*/, 32638 /*32638 - 61424*/, 113268 /*113268*/, 93819 /*93819*/);
INSERT INTO `creature_template_addon` (`entry`, `path_id`, `mount`, `bytes1`, `bytes2`, `emote`, `aiAnimKit`, `movementAnimKit`, `meleeAnimKit`, `auras`) VALUES
(96469, 0, 0, 1, 1, 0, 0, 0, 0, ''), -- 96469
(111741, 0, 0, 0, 1, 0, 0, 0, 0, ''), -- 111741
(100635, 0, 0, 0, 1, 0, 0, 0, 0, ''), -- 100635
(96572, 0, 0, 0, 1, 0, 0, 0, 0, '52642'), -- 96572 - 52642
(107994, 0, 0, 0, 1, 0, 0, 0, 0, ''), -- 107994
(106459, 0, 0, 0, 257, 0, 0, 0, 0, ''), -- 106459
(97389, 0, 0, 0, 1, 0, 0, 0, 0, ''), -- 97389
(116609, 0, 0, 0, 1, 0, 12290, 0, 0, ''), -- 116609
(110437, 0, 0, 0, 257, 0, 0, 0, 0, ''), -- 110437
(112392, 0, 0, 0, 1, 0, 0, 0, 0, ''), -- 112392
(96679, 0, 0, 0, 1, 0, 0, 0, 0, ''), -- 96679
(109804, 0, 0, 0, 1, 0, 0, 0, 0, '218520'), -- 109804 - 218520
(109075, 0, 0, 0, 1, 0, 0, 0, 0, '218357'), -- 109075 - 218357
(109583, 0, 0, 0, 1, 0, 0, 0, 0, ''), -- 109583
(110341, 0, 0, 0, 1, 0, 0, 0, 0, ''), -- 110341
(109164, 0, 0, 0, 1, 0, 0, 0, 0, '216897'), -- 109164 - 216897
(104528, 0, 0, 0, 1, 0, 0, 0, 0, '218502'), -- 104528 - 218502
(112956, 0, 0, 0, 1, 0, 0, 0, 0, ''), -- 112956
(111295, 0, 0, 3, 1, 0, 0, 0, 0, ''), -- 111295
(112678, 0, 0, 0, 1, 0, 0, 0, 0, '188236'), -- 112678 - 188236
(112973, 0, 0, 0, 1, 0, 0, 0, 0, '160758 224861'), -- 112973 - 160758, 224861
(62821, 0, 0, 0, 1, 0, 0, 0, 0, '122729'), -- 62821 - 122729
(62822, 0, 0, 0, 1, 0, 0, 0, 0, '122729'), -- 62822 - 122729
(112955, 0, 0, 50331648, 1, 0, 0, 0, 0, ''), -- 112955
(111303, 0, 0, 0, 1, 0, 0, 0, 0, '188236'), -- 111303 - 188236
(112596, 0, 0, 0, 1, 0, 0, 0, 0, ''), -- 112596
(112595, 0, 0, 0, 1, 0, 0, 0, 0, '160758'), -- 112595 - 160758
(32641, 0, 0, 0, 1, 0, 0, 0, 0, '61424'), -- 32641 - 61424
(32642, 0, 0, 0, 1, 0, 0, 0, 0, '61424'), -- 32642 - 61424
(107997, 0, 0, 0, 1, 0, 0, 0, 0, ''), -- 107997
(116372, 0, 0, 0, 1, 0, 0, 0, 0, ''), -- 116372
(115840, 0, 0, 0, 1, 0, 0, 0, 0, ''), -- 115840
(115772, 0, 0, 0, 1, 0, 0, 0, 0, ''), -- 115772
(116256, 0, 0, 0, 1, 0, 0, 0, 0, ''), -- 116256
(114883, 0, 0, 0, 257, 0, 0, 0, 0, ''), -- 114883
(114838, 0, 0, 0, 1, 0, 0, 0, 0, ''), -- 114838
(114841, 0, 0, 0, 1, 0, 0, 0, 0, ''), -- 114841
(110792, 0, 0, 0, 1, 0, 0, 0, 0, ''), -- 110792
(107980, 0, 0, 0, 1, 0, 0, 0, 0, '213179'), -- 107980 - 213179
(116820, 0, 0, 0, 1, 0, 0, 0, 0, '232277'), -- 116820 - 232277
(116670, 0, 0, 0, 1, 0, 0, 0, 0, '232277'), -- 116670 - 232277
(111374, 0, 0, 0, 1, 0, 0, 0, 0, ''), -- 111374
(116662, 0, 0, 0, 1, 0, 0, 0, 0, '232277'), -- 116662 - 232277
(111833, 0, 0, 0, 1, 0, 0, 0, 0, ''), -- 111833
(116667, 0, 0, 0, 1, 0, 0, 0, 0, '232277'), -- 116667 - 232277
(92870, 0, 0, 50331648, 1, 0, 0, 0, 0, ''), -- 92870
(111936, 0, 0, 0, 1, 0, 0, 0, 0, ''), -- 111936
(112767, 0, 0, 0, 1, 0, 0, 0, 0, ''), -- 112767
(113406, 0, 0, 0, 1, 0, 0, 0, 0, '225579'), -- 113406 - 225579
(117085, 0, 0, 0, 1, 0, 0, 0, 0, ''), -- 117085
(92879, 0, 0, 0, 1, 0, 0, 0, 0, ''), -- 92879
(68553, 0, 0, 0, 1, 0, 0, 0, 0, ''), -- 68553
(103758, 0, 0, 50331648, 1, 0, 0, 0, 0, '232550'), -- 103758 - 232550
(112803, 0, 0, 0, 1, 0, 0, 0, 0, '224655'), -- 112803 - 224655
(104881, 0, 0, 0, 1, 0, 0, 0, 0, ''), -- 104881
(111587, 0, 0, 0, 1, 0, 0, 0, 0, ''), -- 111587
(112638, 0, 0, 0, 1, 0, 0, 0, 0, ''), -- 112638
(112718, 0, 0, 0, 1, 0, 0, 0, 0, ''), -- 112718
(112665, 0, 0, 0, 1, 0, 0, 0, 0, ''), -- 112665
(112655, 0, 0, 0, 1, 0, 0, 0, 0, ''), -- 112655
(111221, 0, 0, 0, 1, 0, 0, 0, 0, ''), -- 111221
(112660, 0, 0, 0, 1, 0, 0, 0, 0, ''), -- 112660
(112603, 0, 0, 0, 1, 0, 0, 0, 0, '188236'), -- 112603 - 188236
(112709, 0, 0, 0, 1, 0, 0, 0, 0, ''), -- 112709
(113307, 0, 0, 0, 1, 0, 0, 0, 0, ''), -- 113307
(112804, 0, 0, 0, 0, 0, 0, 0, 0, ''), -- 112804
(110791, 0, 0, 0, 1, 0, 0, 0, 0, '211064'), -- 110791 - 211064
(112671, 0, 0, 0, 0, 0, 0, 0, 0, ''), -- 112671
(112676, 0, 0, 0, 0, 0, 0, 0, 0, '160758'), -- 112676 - 160758
(113608, 0, 0, 0, 1, 0, 0, 0, 0, '211064'), -- 113608 - 211064
(113383, 0, 0, 7, 1, 0, 0, 0, 0, ''), -- 113383
(113605, 0, 0, 0, 1, 0, 0, 0, 0, '211064'), -- 113605 - 211064
(112675, 0, 0, 0, 1, 0, 0, 0, 0, ''), -- 112675
(113321, 0, 0, 0, 1, 0, 0, 0, 0, ''), -- 113321
(113128, 0, 0, 0, 1, 0, 0, 0, 0, ''), -- 113128
(32639, 0, 0, 0, 1, 0, 0, 0, 0, '61424'), -- 32639 - 61424
(32638, 0, 0, 0, 1, 0, 0, 0, 0, '61424'), -- 32638 - 61424
(113268, 0, 0, 0, 1, 0, 0, 0, 0, ''), -- 113268
(93819, 0, 0, 50331648, 1, 0, 0, 0, 0, ''); -- 93819


DELETE FROM `creature_template_scaling` WHERE `Entry` IN (100635, 107994, 112392, 116372, 113268);
INSERT INTO `creature_template_scaling` (`Entry`, `LevelScalingMin`, `LevelScalingMax`, `LevelScalingDeltaMin`, `LevelScalingDeltaMax`, `VerifiedBuild`) VALUES
(100635, 98, 110, 0, 0, 26365),
(107994, 98, 110, 0, 0, 26365),
(112392, 98, 110, 0, 0, 26365),
(116372, 110, 110, 0, 0, 26365),
(113268, 98, 110, 0, 0, 26365);


DELETE FROM `creature_model_info` WHERE `DisplayID` IN (67230, 73429, 72034, 72035, 67937, 69052, 67361, 74255, 67938, 65678, 72055, 71214, 71423, 44466, 68963, 64304, 72124, 66275, 66586, 42720, 42722, 19285, 66589, 69435, 66266, 28120, 28118, 68890, 73864, 73854, 64629, 73514, 19706, 39623, 61971, 65834, 70367, 64487, 27710, 17200, 70210, 11686, 68378, 72342, 66547, 70079, 70243, 70548, 72131, 72773, 72211, 72145, 67001, 66255, 70038, 70082, 70080, 66246, 72201, 67340, 71176, 47997, 72162, 27215, 55233, 62387, 27216, 67345, 72161, 66555, 27217, 72163, 47999, 72164, 70279, 70161, 28282, 28111, 70110, 67161, 67162);
INSERT INTO `creature_model_info` (`DisplayID`, `BoundingRadius`, `CombatReach`, `DisplayID_Other_Gender`, `VerifiedBuild`) VALUES
(67230, 4.404582, 9, UNKNOWN, 26365),
(73429, 1.831403, 1.729, UNKNOWN, 26365),
(72034, 0.3645831, 1.575, UNKNOWN, 26365),
(72035, 0.3819442, 1.65, UNKNOWN, 26365),
(67937, 1.449397, 1.8, UNKNOWN, 26365),
(69052, 3.380034, 2, UNKNOWN, 26365),
(67361, 1.328614, 1.65, UNKNOWN, 26365),
(74255, 0.306, 1.5, UNKNOWN, 26365),
(67938, 1.509789, 1.875, UNKNOWN, 26365),
(65678, 0.3124998, 1.35, UNKNOWN, 26365),
(72055, 0.3645831, 1.575, UNKNOWN, 26365),
(71214, 5, 6, UNKNOWN, 26365),
(71423, 2.232307, 1.3, UNKNOWN, 26365),
(44466, 0.5, 1, UNKNOWN, 26365),
(68963, 1.346166, 4.5, UNKNOWN, 26365),
(64304, 1, 1.5, UNKNOWN, 26365),
(72124, 1.800289, 2.625, UNKNOWN, 26365),
(66275, 1.088063, 1.725, UNKNOWN, 26365),
(66586, 0.9797121, 1.725, UNKNOWN, 26365),
(42720, 0.6557648, 1.2, UNKNOWN, 26365),
(42722, 0.6557648, 1.2, UNKNOWN, 26365),
(19285, 1.201863, 1.5, UNKNOWN, 26365),
(66589, 0.9797121, 1.725, UNKNOWN, 26365),
(69435, 1.322611, 2.32875, UNKNOWN, 26365),
(66266, 1.088062, 1.725, UNKNOWN, 26365),
(28120, 0.306, 1.5, UNKNOWN, 26365),
(28118, 0.3672, 1.8, UNKNOWN, 26365),
(68890, 0.9797121, 1.725, UNKNOWN, 26365),
(73864, 0.5088412, 1.15, UNKNOWN, 26365),
(73854, 1.088063, 1.725, UNKNOWN, 26365),
(64629, 1.65039, 1.5, UNKNOWN, 26365),
(73514, 1.088063, 1.725, UNKNOWN, 26365),
(19706, 0.4596, 1.8, UNKNOWN, 26365),
(39623, 0.31, 1, UNKNOWN, 26365),
(61971, 0.4596, 1.8, UNKNOWN, 26365),
(65834, 0.4284973, 1.5, UNKNOWN, 26365),
(70367, 1.612829, 1.5, UNKNOWN, 26365),
(64487, 2, 2, UNKNOWN, 26365),
(27710, 3.829555, 2.625, UNKNOWN, 26365),
(17200, 0.125, 0.25, UNKNOWN, 26365),
(70210, 0.5088412, 1.15, UNKNOWN, 26365),
(11686, 0.5, 1, UNKNOWN, 26365),
(68378, 1.937479, 7, UNKNOWN, 26365),
(72342, 1.567539, 2.76, UNKNOWN, 26365),
(66547, 0.9797121, 1.725, UNKNOWN, 26365),
(70079, 0.6106094, 1.38, UNKNOWN, 26365),
(70243, 1.612829, 6, UNKNOWN, 26365),
(70548, 0.6975, 2.25, UNKNOWN, 26365),
(72131, 1.273626, 2.2425, UNKNOWN, 26365),
(72773, 1.775124, 4.375, UNKNOWN, 26365),
(72211, 2.31563, 2, UNKNOWN, 26365),
(72145, 1.795303, 2.84625, UNKNOWN, 26365),
(67001, 0.5, 1, UNKNOWN, 26365),
(66255, 1.088062, 1.725, UNKNOWN, 26365),
(70038, 0.6587033, 1.5, UNKNOWN, 26365),
(70082, 0.6587033, 1.5, UNKNOWN, 26365),
(70080, 0.6106094, 1.38, UNKNOWN, 26365),
(66246, 1.088063, 1.725, UNKNOWN, 26365),
(72201, 0.9797121, 1.725, UNKNOWN, 26365),
(67340, 1.088063, 1.725, UNKNOWN, 26365),
(71176, 1.4539, 1.25, UNKNOWN, 26365),
(47997, 0.4213, 1.65, UNKNOWN, 26365),
(72162, 1.468884, 2.32875, UNKNOWN, 26365),
(27215, 0.3366, 1.65, UNKNOWN, 26365),
(55233, 1.014356, 2.5, UNKNOWN, 26365),
(62387, 0.8012421, 1.5, UNKNOWN, 26365),
(27216, 0.3366, 1.65, UNKNOWN, 26365),
(67345, 1.088063, 1.725, UNKNOWN, 26365),
(72161, 1.322611, 2.32875, UNKNOWN, 26365),
(66555, 0.9797121, 1.725, UNKNOWN, 26365),
(27217, 0.3366, 1.65, UNKNOWN, 26365),
(72163, 1.468884, 2.32875, UNKNOWN, 26365),
(47999, 0.2288, 1.65, UNKNOWN, 26365),
(72164, 1.322611, 2.32875, UNKNOWN, 26365),
(70279, 0.87234, 0.75, UNKNOWN, 26365),
(70161, 1.4539, 1.25, UNKNOWN, 26365),
(28282, 0.465, 1.5, UNKNOWN, 26365),
(28111, 1, 1.5, UNKNOWN, 26365),
(70110, 1.811747, 2.25, UNKNOWN, 26365),
(67161, 2.03999, 0.7, UNKNOWN, 26365),
(67162, 1.748563, 0.6, UNKNOWN, 26365);


DELETE FROM `npc_vendor` WHERE (`entry`=112392 AND `item`=143727 AND `ExtendedCost`=6183 AND `type`=1) OR (`entry`=112392 AND `item`=140985 AND `ExtendedCost`=6102 AND `type`=1) OR (`entry`=112392 AND `item`=140946 AND `ExtendedCost`=6101 AND `type`=1) OR (`entry`=112392 AND `item`=140984 AND `ExtendedCost`=5952 AND `type`=1) OR (`entry`=112392 AND `item`=139686 AND `ExtendedCost`=6125 AND `type`=1) OR (`entry`=112392 AND `item`=139687 AND `ExtendedCost`=6125 AND `type`=1) OR (`entry`=112392 AND `item`=139682 AND `ExtendedCost`=6125 AND `type`=1) OR (`entry`=112392 AND `item`=139681 AND `ExtendedCost`=6125 AND `type`=1) OR (`entry`=112392 AND `item`=139685 AND `ExtendedCost`=6125 AND `type`=1) OR (`entry`=112392 AND `item`=139683 AND `ExtendedCost`=6125 AND `type`=1) OR (`entry`=112392 AND `item`=139688 AND `ExtendedCost`=6125 AND `type`=1) OR (`entry`=112392 AND `item`=139684 AND `ExtendedCost`=6125 AND `type`=1) OR (`entry`=112392 AND `item`=140537 AND `ExtendedCost`=0 AND `type`=1) OR (`entry`=112392 AND `item`=140557 AND `ExtendedCost`=0 AND `type`=1) OR (`entry`=112392 AND `item`=140559 AND `ExtendedCost`=0 AND `type`=1) OR (`entry`=112392 AND `item`=124124 AND `ExtendedCost`=6214 AND `type`=1);
INSERT INTO `npc_vendor` (`entry`, `slot`, `item`, `maxcount`, `ExtendedCost`, `type`, `PlayerConditionID`, `IgnoreFiltering`, `VerifiedBuild`) VALUES
(112392, 16, 143727, 0, 6183, 1, 0, 0, 26365), -- 143727
(112392, 15, 140985, 0, 6102, 1, 0, 0, 26365), -- 140985
(112392, 14, 140946, 0, 6101, 1, 0, 0, 26365), -- 140946
(112392, 13, 140984, 0, 5952, 1, 0, 0, 26365), -- 140984
(112392, 12, 139686, 0, 6125, 1, 0, 0, 26365), -- 139686
(112392, 11, 139687, 0, 6125, 1, 0, 0, 26365), -- 139687
(112392, 10, 139682, 0, 6125, 1, 43054, 0, 26365), -- 139682
(112392, 9, 139681, 0, 6125, 1, 43118, 0, 26365), -- 139681
(112392, 8, 139685, 0, 6125, 1, 43111, 0, 26365), -- 139685
(112392, 7, 139683, 0, 6125, 1, 0, 0, 26365), -- 139683
(112392, 6, 139688, 0, 6125, 1, 43117, 0, 26365), -- 139688
(112392, 5, 139684, 0, 6125, 1, 0, 0, 26365), -- 139684
(112392, 4, 140537, 0, 0, 1, 0, 0, 26365), -- 140537
(112392, 3, 140557, 0, 0, 1, 0, 0, 26365), -- 140557
(112392, 2, 140559, 0, 0, 1, 0, 0, 26365), -- 140559
(112392, 1, 124124, 0, 6214, 1, 0, 0, 26365); -- 124124


DELETE FROM `creature_equip_template` WHERE (`CreatureID`=96572 AND `ID`=1) OR (`CreatureID`=106459 AND `ID`=1) OR (`CreatureID`=110437 AND `ID`=1) OR (`CreatureID`=112392 AND `ID`=1) OR (`CreatureID`=96679 AND `ID`=1) OR (`CreatureID`=112678 AND `ID`=1) OR (`CreatureID`=112973 AND `ID`=1) OR (`CreatureID`=111303 AND `ID`=1) OR (`CreatureID`=112596 AND `ID`=1) OR (`CreatureID`=112595 AND `ID`=1) OR (`CreatureID`=107997 AND `ID`=1) OR (`CreatureID`=116372 AND `ID`=1) OR (`CreatureID`=116256 AND `ID`=1) OR (`CreatureID`=114883 AND `ID`=1) OR (`CreatureID`=114841 AND `ID`=1) OR (`CreatureID`=110792 AND `ID`=1) OR (`CreatureID`=107980 AND `ID`=1) OR (`CreatureID`=112803 AND `ID`=1) OR (`CreatureID`=104881 AND `ID`=1) OR (`CreatureID`=112638 AND `ID`=1) OR (`CreatureID`=112603 AND `ID`=1) OR (`CreatureID`=112709 AND `ID`=1) OR (`CreatureID`=110791 AND `ID`=1) OR (`CreatureID`=112671 AND `ID`=1) OR (`CreatureID`=112676 AND `ID`=1) OR (`CreatureID`=113608 AND `ID`=1) OR (`CreatureID`=113605 AND `ID`=1) OR (`CreatureID`=112675 AND `ID`=1) OR (`CreatureID`=113268 AND `ID`=1);
INSERT INTO `creature_equip_template` (`CreatureID`, `ID`, `ItemID1`, `AppearanceModID1`, `ItemVisual1`, `ItemID2`, `AppearanceModID2`, `ItemVisual2`, `ItemID3`, `AppearanceModID3`, `ItemVisual3`) VALUES
(96572, 1, 137174, 0, 0, 140748, 0, 0, 0, 0, 0), -- 96572
(106459, 1, 137263, 0, 0, 140748, 0, 0, 0, 0, 0), -- 106459
(110437, 1, 122078, 0, 0, 126883, 0, 0, 0, 0, 0), -- 110437
(112392, 1, 140747, 0, 0, 0, 0, 0, 0, 0, 0), -- 112392
(96679, 1, 140345, 0, 0, 0, 0, 0, 0, 0, 0), -- 96679
(112678, 1, 45613, 0, 0, 0, 0, 0, 0, 0, 0), -- 112678
(112973, 1, 133175, 0, 0, 0, 0, 0, 0, 0, 0), -- 112973
(111303, 1, 133175, 0, 0, 0, 0, 0, 0, 0, 0), -- 111303
(112596, 1, 132170, 0, 0, 137253, 0, 0, 0, 0, 0), -- 112596
(112595, 1, 133175, 0, 0, 0, 0, 0, 0, 0, 0), -- 112595
(107997, 1, 132170, 0, 0, 0, 0, 0, 0, 0, 0), -- 107997
(116372, 1, 132170, 0, 0, 0, 0, 0, 0, 0, 0), -- 116372
(116256, 1, 137254, 0, 0, 0, 0, 0, 0, 0, 0), -- 116256
(114883, 1, 29114, 0, 0, 0, 0, 0, 0, 0, 0), -- 114883
(114841, 1, 49767, 0, 0, 0, 0, 0, 0, 0, 0), -- 114841
(110792, 1, 28067, 0, 0, 0, 0, 0, 0, 0, 0), -- 110792
(107980, 1, 137256, 0, 0, 137259, 0, 0, 0, 0, 0), -- 107980
(112803, 1, 124381, 0, 0, 0, 0, 0, 0, 0, 0), -- 112803
(104881, 1, 137255, 0, 0, 137258, 0, 0, 0, 0, 0), -- 104881
(112638, 1, 132170, 0, 0, 132249, 0, 0, 0, 0, 0), -- 112638
(112603, 1, 133176, 0, 0, 0, 0, 0, 0, 0, 0), -- 112603
(112709, 1, 133177, 0, 0, 0, 0, 0, 0, 0, 0), -- 112709
(110791, 1, 132171, 0, 0, 0, 0, 0, 0, 0, 0), -- 110791
(112671, 1, 132170, 0, 0, 132171, 0, 0, 0, 0, 0), -- 112671
(112676, 1, 133175, 0, 0, 0, 0, 0, 0, 0, 0), -- 112676
(113608, 1, 43091, 0, 0, 43092, 0, 0, 0, 0, 0), -- 113608
(113605, 1, 43617, 0, 0, 0, 0, 0, 0, 0, 0), -- 113605
(112675, 1, 133177, 0, 0, 137253, 0, 0, 0, 0, 0), -- 112675
(113268, 1, 137174, 0, 0, 137264, 0, 0, 0, 0, 0); -- 113268


DELETE FROM `gossip_menu` WHERE (`MenuId`=20407 AND `TextId`=30511) OR (`MenuId`=20408 AND `TextId`=30513) OR (`MenuId`=20375 AND `TextId`=30468);
INSERT INTO `gossip_menu` (`MenuId`, `TextId`, `VerifiedBuild`) VALUES
(20407, 30511, 26365), -- 110792
(20408, 30513, 26365), -- 110791
(20375, 30468, 26365); -- 112392

DELETE FROM `gossip_menu_option` WHERE (`MenuId`=20375 AND `OptionIndex`=0);
INSERT INTO `gossip_menu_option` (`MenuId`, `OptionIndex`, `OptionIcon`, `OptionText`, `OptionBroadcastTextId`, `VerifiedBuild`) VALUES
(20375, 0, 1, 'Let\'s see what you have.', 0, 26365);

DELETE FROM `creature_template` WHERE `entry` IN (96469 /*96469*/, 111741 /*111741*/, 100635 /*100635*/, 96572 /*96572*/, 107994 /*107994*/, 106459 /*106459*/, 97389 /*97389*/, 116609 /*116609*/, 110437 /*110437*/, 112392 /*112392*/, 96679 /*96679*/, 109804 /*109804*/, 109075 /*109075*/, 109583 /*109583*/, 110341 /*110341*/, 109164 /*109164*/, 104528 /*104528*/, 112956 /*112956*/, 111295 /*111295*/, 112678 /*112678*/, 112973 /*112973*/, 62821 /*62821*/, 62822 /*62822*/, 112955 /*112955*/, 111303 /*111303*/, 112596 /*112596*/, 112595 /*112595*/, 32641 /*32641*/, 32642 /*32642*/, 107997 /*107997*/, 116372 /*116372*/, 115840 /*115840*/, 115772 /*115772*/, 116256 /*116256*/, 114883 /*114883*/, 114838 /*114838*/, 114841 /*114841*/, 110792 /*110792*/, 107980 /*107980*/, 116820 /*116820*/, 116670 /*116670*/, 111374 /*111374*/, 116662 /*116662*/, 111833 /*111833*/, 116667 /*116667*/, 92870 /*92870*/, 111936 /*111936*/, 112767 /*112767*/, 113406 /*113406*/, 117085 /*117085*/, 92879 /*92879*/, 68553 /*68553*/, 103758 /*103758*/, 112803 /*112803*/, 104881 /*104881*/, 111587 /*111587*/, 112638 /*112638*/, 112718 /*112718*/, 112665 /*112665*/, 112655 /*112655*/, 111221 /*111221*/, 112660 /*112660*/, 112603 /*112603*/, 112709 /*112709*/, 113307 /*113307*/, 112804 /*112804*/, 110791 /*110791*/, 112671 /*112671*/, 112676 /*112676*/, 113608 /*113608*/, 113383 /*113383*/, 113605 /*113605*/, 112675 /*112675*/, 113321 /*113321*/, 113128 /*113128*/, 32639 /*32639*/, 32638 /*32638*/, 113268 /*113268*/, 93819 /*93819*/);
INSERT INTO `creature_template` (`entry`, `gossip_menu_id`, `minlevel`, `maxlevel`, `faction`, `npcflag`, `speed_walk`, `speed_run`, `BaseAttackTime`, `RangeAttackTime`, `unit_class`, `unit_flags`, `unit_flags2`, `unit_flags3`, `dynamicflags`, `VehicleId`, `HoverHeight`) VALUES
(96469, 0, 111, 111, 35, 3, 1, 1.142857, 1500, 2000, 1, 32832, 4196352, 0, UNKNOWN, 0, 1), -- 96469
(111741, 0, 110, 110, 35, 1099511627779, 1, 1.142857, 2000, 2000, 8, 33536, 2048, 0, UNKNOWN, 0, 1), -- 111741
(100635, 0, 98, 110, 35, 3, 1, 1.142857, 2000, 2000, 2, 33536, 2048, 0, UNKNOWN, 0, 1), -- 100635
(96572, 0, 110, 110, 35, 0, 1, 1.142857, 2000, 2000, 1, 32832, 2099200, 0, UNKNOWN, 0, 1), -- 96572
(107994, 0, 98, 110, 35, 2199023255553, 1, 1.142857, 2000, 2000, 2, 33536, 2048, 0, UNKNOWN, 0, 1), -- 107994
(106459, 0, 110, 110, 35, 1168231104513, 1, 1.142857, 2000, 2000, 2, 32832, 2048, 0, UNKNOWN, 0, 1), -- 106459
(97389, 0, 100, 100, 190, 137438953473, 1, 1, 2000, 2000, 1, 768, 67143680, 0, UNKNOWN, 0, 1), -- 97389
(116609, 0, 110, 110, 35, 0, 1, 1.142857, 2000, 2000, 1, 768, 67110912, 0, UNKNOWN, 0, 1), -- 116609
(110437, 0, 110, 110, 35, 1168231104515, 1, 1.142857, 2000, 2000, 2, 32832, 2048, 0, UNKNOWN, 0, 1), -- 110437
(112392, 0, 98, 110, 35, 4227, 1, 1.142857, 2000, 2000, 2, 33536, 2048, 0, UNKNOWN, 0, 1), -- 112392
(96679, 0, 100, 100, 35, 1, 1, 1.142857, 2000, 2000, 2, 33536, 18432, 0, UNKNOWN, 0, 2.8), -- 96679
(109804, 0, 112, 112, 16, 0, 1, 1.142857, 2000, 2000, 1, 0, 2654208, 0, UNKNOWN, 0, 1), -- 109804
(109075, 0, 113, 113, 14, 0, 1.6, 0.5714286, 2000, 2000, 2, 0, 2097152, 0, UNKNOWN, 0, 1), -- 109075
(109583, 0, 113, 113, 14, 0, 1, 1.142857, 2000, 2000, 1, 33555200, 2099200, 1, UNKNOWN, 0, 1), -- 109583
(110341, 0, 113, 113, 16, 0, 1, 1.428571, 2000, 2000, 1, 33554496, 67108864, 1, UNKNOWN, 0, 1), -- 110341
(109164, 0, 113, 113, 16, 0, 1, 1.428571, 2000, 2000, 1, 33554496, 69206016, 1, UNKNOWN, 0, 1), -- 109164
(104528, 0, 113, 113, 16, 0, 2.8, 2, 1500, 2000, 2, 32768, 2097152, 0, UNKNOWN, 0, 1), -- 104528
(112956, 0, 110, 110, 2136, 0, 1, 1.142857, 2000, 2000, 1, 32768, 2048, 0, UNKNOWN, 0, 1), -- 112956
(111295, 0, 110, 110, 16, 0, 1, 1.142857, 2000, 2000, 1, 32768, 2048, 0, UNKNOWN, 0, 1), -- 111295
(112678, 0, 110, 110, 16, 0, 1.6, 1.571429, 2000, 2000, 8, 32768, 33556480, 0, UNKNOWN, 0, 1), -- 112678
(112973, 0, 110, 110, 16, 0, 1.6, 1.571429, 2000, 2000, 8, 32768, 35653632, 0, UNKNOWN, 0, 1), -- 112973
(62821, 0, 91, 91, 35, 268435456, 1, 1.142857, 2000, 2000, 8, 33536, 2048, 0, UNKNOWN, 0, 1), -- 62821
(62822, 0, 90, 90, 35, 6784, 1, 1.142857, 2000, 2000, 1, 33536, 2048, 0, UNKNOWN, 0, 1), -- 62822
(112955, 0, 110, 110, 16, 0, 1, 1.142857, 2000, 2000, 1, 32768, 2099200, 0, UNKNOWN, 0, 1), -- 112955
(111303, 0, 110, 110, 16, 0, 1.6, 1.571429, 2000, 2000, 8, 32768, 33556480, 0, UNKNOWN, 0, 1), -- 111303
(112596, 0, 110, 110, 16, 0, 1.6, 1.571429, 2000, 2000, 8, 32768, 33556480, 0, UNKNOWN, 0, 1), -- 112596
(112595, 0, 110, 110, 16, 0, 1.6, 1.571429, 2000, 2000, 8, 32768, 33556480, 0, UNKNOWN, 0, 1), -- 112595
(32641, 0, 80, 80, 1735, 7296, 1, 1.142857, 2000, 2000, 1, 33536, 2048, 0, UNKNOWN, 0, 1), -- 32641
(32642, 0, 80, 80, 1735, 640, 1, 1.142857, 2000, 2000, 1, 33536, 2048, 0, UNKNOWN, 0, 1), -- 32642
(107997, 0, 110, 110, 35, 0, 1, 1.142857, 2000, 2000, 2, 33280, 2048, 1, UNKNOWN, 0, 1), -- 107997
(116372, 0, 110, 110, 2885, 0, 1, 1.142857, 2000, 2000, 8, 33280, 2048, 1, UNKNOWN, 0, 1), -- 116372
(115840, 0, 110, 110, 2799, 0, 1, 1.142857, 2000, 2000, 8, 33280, 2048, 1, UNKNOWN, 0, 1), -- 115840
(115772, 0, 110, 110, 35, 0, 1, 1.142857, 2000, 2000, 1, 33280, 2048, 1, UNKNOWN, 0, 1), -- 115772
(116256, 0, 110, 110, 2855, 0, 1, 1.142857, 2000, 2000, 8, 33536, 2048, 1, UNKNOWN, 0, 1), -- 116256
(114883, 0, 113, 113, 2361, 0, 1, 1.142857, 2000, 2000, 2, 33344, 18432, 1, UNKNOWN, 0, 1), -- 114883
(114838, 0, 110, 110, 534, 0, 1, 1.142857, 2000, 2000, 2, 33600, 18432, 1, UNKNOWN, 0, 1), -- 114838
(114841, 0, 110, 110, 2361, 0, 1, 1.142857, 2000, 2000, 2, 33536, 18432, 1, UNKNOWN, 0, 1), -- 114841
(110792, 20407, 110, 110, 35, 3, 1, 1.142857, 2000, 2000, 8, 33536, 18432, 1, UNKNOWN, 0, 1), -- 110792
(107980, 0, 113, 113, 16, 0, 2, 1.714286, 2000, 2000, 2, 33587264, 0, 1, UNKNOWN, 0, 1), -- 107980
(116820, 0, 110, 110, 35, 1, 1, 1.142857, 2000, 2000, 1, 512, 67143680, 1, UNKNOWN, 0, 1), -- 116820
(116670, 0, 110, 110, 35, 1, 1, 1.142857, 2000, 2000, 1, 512, 67143680, 1, UNKNOWN, 0, 1), -- 116670
(111374, 0, 1, 1, 35, 0, 1, 1.142857, 2000, 2000, 1, 33554944, 2048, 1, UNKNOWN, 0, 1), -- 111374
(116662, 0, 110, 110, 35, 1, 1, 1.142857, 2000, 2000, 1, 512, 67143680, 1, UNKNOWN, 0, 1), -- 116662
(111833, 0, 1, 1, 35, 0, 1, 1.142857, 2000, 2000, 1, 33554944, 2048, 1, UNKNOWN, 0, 1), -- 111833
(116667, 0, 110, 110, 35, 1, 1, 1.142857, 2000, 2000, 1, 512, 67143680, 1, UNKNOWN, 0, 1), -- 116667
(92870, 0, 1, 1, 35, 0, 1, 1.142857, 2000, 2000, 1, 33554432, 2048, 0, UNKNOWN, 0, 3.5), -- 92870
(111936, 0, 1, 1, 35, 0, 1, 1.142857, 2000, 2000, 1, 33554944, 2048, 1, UNKNOWN, 0, 1), -- 111936
(112767, 0, 111, 111, 14, 0, 1, 1.142857, 2000, 2000, 1, 33554432, 34816, 1, UNKNOWN, 0, 1), -- 112767
(113406, 0, 110, 110, 2847, 0, 1.6, 1.571429, 2000, 2000, 8, 33024, 33556480, 0, UNKNOWN, 0, 1), -- 113406
(117085, 0, 110, 110, 2799, 0, 1, 1.142857, 2000, 2000, 8, 33536, 2048, 0, UNKNOWN, 0, 1), -- 117085
(92879, 0, 100, 100, 14, 0, 1, 1.142857, 2000, 2000, 1, 33555200, 1077938176, 1, UNKNOWN, 0, 1), -- 92879
(68553, 0, 90, 90, 14, 0, 1, 1.142857, 2000, 2000, 1, 33555200, 4196352, 1, UNKNOWN, 0, 1), -- 68553
(103758, 0, 113, 113, 16, 0, 1, 1.142857, 2000, 2000, 1, 0, 2099200, 0, UNKNOWN, 0, 1), -- 103758
(112803, 0, 112, 112, 14, 0, 1, 1.142857, 2000, 2000, 2, 32768, 2099200, 0, UNKNOWN, 0, 1), -- 112803
(104881, 0, 113, 113, 14, 0, 2.8, 2.285714, 2000, 2000, 2, 32832, 6291456, 0, UNKNOWN, 4827, 1), -- 104881
(111587, 0, 112, 112, 16, 0, 1, 1.142857, 2000, 2000, 1, 33024, 2099200, 1, UNKNOWN, 0, 1), -- 111587
(112638, 0, 111, 111, 14, 0, 1, 1.142857, 2000, 2000, 1, 32768, 2048, 0, UNKNOWN, 0, 1), -- 112638
(112718, 0, 111, 111, 14, 0, 1, 1.142857, 2000, 2000, 2, 32768, 2048, 0, UNKNOWN, 0, 1), -- 112718
(112665, 0, 111, 111, 16, 0, 1, 1.428571, 2000, 2000, 2, 32768, 0, 0, UNKNOWN, 0, 1), -- 112665
(112655, 0, 111, 111, 14, 0, 1, 1.142857, 2000, 2000, 2, 32768, 33556480, 0, UNKNOWN, 0, 1), -- 112655
(111221, 0, 1, 1, 35, 0, 1, 1.142857, 2000, 2000, 1, 33554944, 2048, 1, UNKNOWN, 0, 1), -- 111221
(112660, 0, 110, 110, 2847, 0, 1.6, 1.571429, 2000, 2000, 8, 33024, 33556480, 0, UNKNOWN, 0, 1), -- 112660
(112603, 0, 110, 110, 16, 0, 1.6, 1.571429, 2000, 2000, 8, 32768, 35653632, 0, UNKNOWN, 0, 1), -- 112603
(112709, 0, 110, 110, 16, 0, 2.8, 2, 2000, 2000, 8, 32768, 33556480, 0, UNKNOWN, 0, 1), -- 112709
(113307, 0, 111, 111, 16, 0, 2.4, 1.571429, 2000, 2000, 1, 32768, 2048, 0, UNKNOWN, 0, 1), -- 113307
(112804, 0, 111, 111, 16, 0, 1, 1.142857, 2000, 2000, 1, 32768, 2048, 0, UNKNOWN, 0, 1), -- 112804
(110791, 20408, 110, 110, 2799, 3, 1, 1.142857, 2000, 2000, 8, 33536, 2048, 1, UNKNOWN, 0, 1), -- 110791
(112671, 0, 111, 111, 16, 0, 1, 1.142857, 2000, 2000, 2, 32768, 2048, 0, UNKNOWN, 0, 1), -- 112671
(112676, 0, 111, 111, 16, 0, 1.6, 1.571429, 2000, 2000, 8, 32768, 33556480, 0, UNKNOWN, 0, 1), -- 112676
(113608, 0, 110, 110, 2007, 0, 1, 1.142857, 2000, 2000, 8, 33536, 2048, 1, UNKNOWN, 0, 1), -- 113608
(113383, 0, 111, 111, 35, 0, 1, 1.142857, 2000, 2000, 2, 33554688, 2048, 1, UNKNOWN, 0, 1), -- 113383
(113605, 0, 110, 110, 2007, 0, 1, 1.142857, 2000, 2000, 8, 33536, 2048, 1, UNKNOWN, 0, 1), -- 113605
(112675, 0, 111, 111, 16, 0, 1.6, 1.571429, 2000, 2000, 1, 32768, 33556480, 0, UNKNOWN, 0, 1), -- 112675
(113321, 0, 111, 111, 16, 0, 1, 1.142857, 2000, 2000, 1, 32768, 2048, 0, UNKNOWN, 0, 1), -- 113321
(113128, 0, 111, 111, 16, 0, 0.8, 2, 2000, 2000, 2, 32768, 33556480, 0, UNKNOWN, 0, 1), -- 113128
(32639, 0, 80, 80, 1732, 7296, 1, 1.142857, 2000, 2000, 1, 33536, 2048, 0, UNKNOWN, 0, 1), -- 32639
(32638, 0, 80, 80, 1732, 640, 1, 1.142857, 2000, 2000, 1, 33536, 2048, 0, UNKNOWN, 0, 1), -- 32638
(113268, 0, 98, 110, 35, 0, 1.2, 0.7142857, 1000, 2000, 1, 0, 2048, 0, UNKNOWN, 0, 1), -- 113268
(93819, 0, 100, 100, 35, 0, 1, 1.142857, 2000, 2000, 2, 33536, 18432, 0, UNKNOWN, 0, 2.4); -- 93819

SET @@GROUP_ID := (SELECT max(guid) + 1 FROM creature_text);
INSERT INTO `creature_text` (`CreatureID`, `GroupID`, `ID`, `Text`, `Type`, `Language`, `Probability`, `Emote`, `Duration`, `Sound`, `BroadcastTextId`, `comment`) VALUES
(103758, @GROUP_ID+0, @ID+, 'If only you knew what lay beyond...', 14, 0, 100, 0, 0, 58430, UNKNOWN, 'Star Augur Etraeus'),
(103758, @GROUP_ID+1, @ID+, 'As the stars wax, so your lives wane!', 14, 0, 100, 0, 0, 58435, UNKNOWN, 'Star Augur Etraeus'),
(103758, @GROUP_ID+2, @ID+, 'The stars have judged you, and found you wanting.', 14, 0, 100, 0, 0, 58445, UNKNOWN, 'Star Augur Etraeus'),
(103758, @GROUP_ID+3, @ID+, 'The stars align! Fear their portents!', 14, 0, 100, 0, 0, 58433, UNKNOWN, 'Star Augur Etraeus'),
(103758, @GROUP_ID+4, @ID+, 'Return to nothing.', 14, 0, 100, 0, 0, 58446, UNKNOWN, 'Star Augur Etraeus to Player'),
(103758, @GROUP_ID+5, @ID+, 'You can not avoid annihilation.', 14, 0, 100, 0, 0, 58447, UNKNOWN, 'Star Augur Etraeus to Player'),
(103758, @GROUP_ID+6, @ID+, 'Do not think... the future will be so easy.', 14, 0, 100, 0, 0, 58448, UNKNOWN, 'Star Augur Etraeus to Player'),
(104528, @GROUP_ID+0, @ID+, 'Suramar owes its beauty to my blooms! I alone have mastered the delicate intertwining of magic into nature\'s grand cycle.', 14, 0, 100, 0, 0, 68626, UNKNOWN, 'High Botanist Tel\'arn to Player'),
(104528, @GROUP_ID+1, @ID+, 'It seems I\'ve a bit of pruning to do!', 14, 0, 100, 0, 0, 68633, UNKNOWN, 'High Botanist Tel\'arn to Player'),
(104528, @GROUP_ID+2, @ID+, 'Careful not to singe the buds as you burn!', 14, 0, 100, 0, 0, 68642, UNKNOWN, 'High Botanist Tel\'arn'),
(104528, @GROUP_ID+3, @ID+, 'One garden pest deserves another!', 14, 0, 100, 0, 0, 68641, UNKNOWN, 'High Botanist Tel\'arn'),
(104528, @GROUP_ID+4, @ID+, 'The sun warms my beauties... but it shall scorch your bones!', 14, 0, 100, 0, 0, 68630, UNKNOWN, 'High Botanist Tel\'arn'),
(104528, @GROUP_ID+5, @ID+, 'Can you hope to stand against the three primal forces that shape life itself?', 14, 0, 100, 0, 0, 68627, UNKNOWN, 'High Botanist Tel\'arn'),
(104528, @GROUP_ID+6, @ID+, '|TINTERFACE\\ICONS\\Spell_Arcane_PrismaticCloak:20|t Arcanist Tel\'arn begins to cast |cFFF00000|Hspell:218807|h[Call of Night]|h|r!', 41, 0, 100, 0, 0, 68635, UNKNOWN, 'Arcanist Tel\'arn'),
(104528, @GROUP_ID+7, @ID+, 'Night falls upon you!', 14, 0, 100, 0, 0, 68635, UNKNOWN, 'Arcanist Tel\'arn'),
(104528, @GROUP_ID+8, @ID+, 'At least power is something your feeble minds comprehend!', 14, 0, 100, 0, 0, 68640, UNKNOWN, 'Arcanist Tel\'arn'),
(104528, @GROUP_ID+9, @ID+, 'A bitter... harvest...', 14, 0, 100, 0, 0, 68632, UNKNOWN, 'Arcanist Tel\'arn to Player'),
(104880, @GROUP_ID+0, @ID+, '|TINTERFACE\\ICONS\\SHA_ABILITY_ROGUE_BLOODYEYE:20|tLook away when Things That Should Not Be cast |cFFFF0000|Hspell:207720|h[Witness the Void]|h|r to avoid being feared!', 42, 0, 100, 0, 0, 0, UNKNOWN, 'Thing That Should Not Be to Player'),
(104881, @GROUP_ID+0, @ID+, 'Entire armies have fallen by my sword. What chance could you possibly have against me?', 14, 0, 100, 0, 0, 58392, UNKNOWN, 'Spellblade Aluriel'),
(104881, @GROUP_ID+1, @ID+, 'Behold a true mistress of the blade!', 14, 0, 100, 0, 0, 58410, UNKNOWN, 'Spellblade Aluriel'),
(104881, @GROUP_ID+2, @ID+, 'Let your fates be bound together!', 14, 0, 100, 0, 0, 58422, UNKNOWN, 'Spellblade Aluriel'),
(104881, @GROUP_ID+3, @ID+, 'Replicate!', 14, 0, 100, 0, 0, 58398, UNKNOWN, 'Spellblade Aluriel'),
(104881, @GROUP_ID+4, @ID+, 'Feel the fury of a thousand blades!', 14, 0, 100, 0, 0, 58409, UNKNOWN, 'Spellblade Aluriel'),
(104881, @GROUP_ID+5, @ID+, 'Detonate!', 14, 0, 100, 0, 0, 58399, UNKNOWN, 'Spellblade Aluriel'),
(104881, @GROUP_ID+6, @ID+, 'Animate!', 14, 0, 100, 0, 0, 58400, UNKNOWN, 'Spellblade Aluriel'),
(104881, @GROUP_ID+7, @ID+, 'You cannot hope to match my skill!', 14, 0, 100, 0, 0, 58419, UNKNOWN, 'Spellblade Aluriel'),
(104881, @GROUP_ID+8, @ID+, 'Consider this a lesson in swordplay!', 14, 0, 100, 0, 0, 58418, UNKNOWN, 'Spellblade Aluriel'),
(104881, @GROUP_ID+9, @ID+, 'I must... concede...', 14, 0, 100, 0, 0, 58417, UNKNOWN, 'Spellblade Aluriel to Player'),
(109038, @GROUP_ID+0, @ID+, 'When the light dies... so do you!', 14, 0, 100, 0, 0, 68638, UNKNOWN, 'Solarist Tel\'arn'),
(109041, @GROUP_ID+0, @ID+, 'Nature nourishes those who truly appreciate it.', 14, 0, 100, 0, 0, 68637, UNKNOWN, 'Naturalist Tel\'arn'),
(112660, @GROUP_ID+0, @ID+, 'Outsiders, here?!', 14, 0, 100, 273, 0, 0, UNKNOWN, 'Nighthold Citizen to Player'),
(112660, @GROUP_ID+1, @ID+, 'Guards!  Save us!', 14, 0, 100, 273, 0, 0, UNKNOWN, 'Nighthold Citizen to Player'),
(115785, @GROUP_ID+0, @ID+, 'Erk!', 12, 0, 100, 0, 0, 0, UNKNOWN, 'Direbeak Hatchling to Direbeak Hatchling'),
(117085, @GROUP_ID+0, @ID+, 'Ah, free at last! Thank you, Outlander.', 12, 0, 100, 603, 0, 78646, UNKNOWN, 'Ly\'leth Lunastre to Player'),
(117085, @GROUP_ID+1, @ID+, 'I told Aluriel you would come to rescue me and she merely laughed. Well who is laughing now?', 12, 0, 100, 1, 0, 78647, UNKNOWN, 'Ly\'leth Lunastre to Player');

DELETE FROM `quest_template` WHERE `ID` IN (44466 /*44466*/, 43517 /*43517*/, 42444 /*42444*/, 41877 /*41877*/, 40401 /*40401*/, 39792 /*39792*/, 39764 /*39764*/, 38612 /*38612*/, 48605 /*48605*/, 48277 /*48277*/, 48078 /*48078*/, 46244 /*46244*/, 44479 /*44479*/, 40208 /*40208*/, 40142 /*40142*/, 46682 /*46682*/, 46680 /*46680*/, 46679 /*46679*/, 42971 /*42971*/, 42255 /*42255*/, 24629 /*24629*/, 42452 /*42452*/, 42703 /*42703*/, 49930 /*49930*/, 31902 /*31902*/, 46744 /*46744*/, 44480 /*44480*/, 43604 /*43604*/, 43341 /*43341*/, 42650 /*42650*/, 41778 /*41778*/, 41149 /*41149*/, 41105 /*41105*/, 40326 /*40326*/, 39791 /*39791*/, 39789 /*39789*/, 37290 /*37290*/);
INSERT INTO `quest_template` (`ID`, `QuestType`, `QuestLevel`, `MaxScalingLevel`, `QuestPackageID`, `MinLevel`, `QuestSortID`, `QuestInfoID`, `SuggestedGroupNum`, `RewardNextQuest`, `RewardXPDifficulty`, `RewardXPMultiplier`, `RewardMoney`, `RewardMoneyDifficulty`, `RewardMoneyMultiplier`, `RewardBonusMoney`, `RewardDisplaySpell1`, `RewardDisplaySpell2`, `RewardDisplaySpell3`, `RewardSpell`, `RewardHonor`, `RewardKillHonor`, `StartItem`, `RewardArtifactXPDifficulty`, `RewardArtifactXPMultiplier`, `RewardArtifactCategoryID`, `Flags`, `FlagsEx`, `RewardSkillLineID`, `RewardNumSkillUps`, `PortraitGiver`, `PortraitTurnIn`, `RewardItem1`, `RewardItem2`, `RewardItem3`, `RewardItem4`, `RewardAmount1`, `RewardAmount2`, `RewardAmount3`, `RewardAmount4`, `ItemDrop1`, `ItemDrop2`, `ItemDrop3`, `ItemDrop4`, `ItemDropQuantity1`, `ItemDropQuantity2`, `ItemDropQuantity3`, `ItemDropQuantity4`, `RewardChoiceItemID1`, `RewardChoiceItemID2`, `RewardChoiceItemID3`, `RewardChoiceItemID4`, `RewardChoiceItemID5`, `RewardChoiceItemID6`, `RewardChoiceItemQuantity1`, `RewardChoiceItemQuantity2`, `RewardChoiceItemQuantity3`, `RewardChoiceItemQuantity4`, `RewardChoiceItemQuantity5`, `RewardChoiceItemQuantity6`, `RewardChoiceItemDisplayID1`, `RewardChoiceItemDisplayID2`, `RewardChoiceItemDisplayID3`, `RewardChoiceItemDisplayID4`, `RewardChoiceItemDisplayID5`, `RewardChoiceItemDisplayID6`, `POIContinent`, `POIx`, `POIy`, `POIPriority`, `RewardTitle`, `RewardArenaPoints`, `RewardFactionID1`, `RewardFactionID2`, `RewardFactionID3`, `RewardFactionID4`, `RewardFactionID5`, `RewardFactionValue1`, `RewardFactionValue2`, `RewardFactionValue3`, `RewardFactionValue4`, `RewardFactionValue5`, `RewardFactionCapIn1`, `RewardFactionCapIn2`, `RewardFactionCapIn3`, `RewardFactionCapIn4`, `RewardFactionCapIn5`, `RewardFactionOverride1`, `RewardFactionOverride2`, `RewardFactionOverride3`, `RewardFactionOverride4`, `RewardFactionOverride5`, `RewardFactionFlags`, `AreaGroupID`, `TimeAllowed`, `AllowableRaces`, `QuestRewardID`, `Expansion`, `LogTitle`, `LogDescription`, `QuestDescription`, `AreaDescription`, `QuestCompletionLog`, `RewardCurrencyID1`, `RewardCurrencyID2`, `RewardCurrencyID3`, `RewardCurrencyID4`, `RewardCurrencyQty1`, `RewardCurrencyQty2`, `RewardCurrencyQty3`, `RewardCurrencyQty4`, `PortraitGiverText`, `PortraitGiverName`, `PortraitTurnInText`, `PortraitTurnInName`, `AcceptedSoundKitID`, `CompleteSoundKitID`, `VerifiedBuild`) VALUES
(44466, 2, 110, 255, 0, 110, -427, 0, 0, 44479, 6, 1, 388000, 6, 1, 228550, 0, 0, 0, 0, 0, 0, 0, 0, 1, 0, 37748736, 33562624, 0, 0, 0, 0, 0, 0, 0, 0, 0, 0, 0, 0, 0, 0, 0, 0, 0, 0, 0, 0, 0, 0, 0, 0, 0, 0, 0, 0, 0, 0, 0, 0, 0, 0, 0, 0, 0, 0, 0, 0, 0, 0, 0, 0, 0, 0, 0, 0, 0, 0, 0, 0, 0, 0, 7, 7, 7, 7, 7, 0, 0, 0, 0, 0, 0, 0, 0, 18446744073709551615, 0, 6, 'An Unclear Path', 'Witness Illidan\'s Resilience at the Dreamgrove in Val\'sharah.', 'Much of Illidan\'s formative years were spent in Val\'sharah, alongside his twin brother, Malfurion.$B$BAs young night elves, the twins vied for the affection of the young priestess, Tyrande, as they underwent the trials of the demi-god, Cenarius.$B$BWe must travel to the Dreamgrove now, where Illidan\'s true path would be forged.', '', '', 0, 0, 0, 0, 0, 0, 0, 0, '', '', '', '', 890, 878, 26365), -- 44466
(43517, 2, -1, 255, 0, 110, -406, 81, 5, 0, 5, 1, 194000, 5, 1, 0, 0, 0, 0, 228574, 0, 0, 0, 0, 1, 0, 35651840, 37748992, 0, 0, 0, 0, 0, 0, 0, 0, 0, 0, 0, 0, 0, 0, 0, 0, 0, 0, 0, 0, 0, 0, 0, 0, 0, 0, 0, 0, 0, 0, 0, 0, 0, 0, 0, 0, 0, 0, 0, 0, 0, 0, 0, 0, 0, 0, 0, 0, 0, 0, 0, 0, 0, 0, 7, 7, 7, 7, 7, 0, 0, 0, 0, 0, 0, 0, 0, 18446744073709551615, 0, 6, 'Darkheart Thicket: Fallen Power', 'Recover a Corrupted Essence from Oakheart and defeat the Shade of Xavius in Darkheart Thicket on Mythic difficulty.', 'Once we have the proper implements we can use the Heart to infuse great power into your artifact. We need only a source.$B$BDeep within the Darkheart Thicket lies the ancient Oakheart, once a great and mighty protector of Shaladrassil. He has regrettably fallen to the nightmare like so many of his kin.$B$BAs the darkness within him has taken root, an essence of the corruption has manifested. I ask that you recover the essence so that we may draw from its power, and put noble Oakheart to rest.', '', '', 0, 0, 0, 0, 0, 0, 0, 0, '', '', '', '', 890, 878, 26365), -- 43517
(42444, 2, -1, 255, 0, 98, 7541, 0, 0, 0, 5, 1, 194000, 5, 1, 182850, 0, 0, 0, 0, 0, 0, 0, 0, 1, 0, 37748744, 0, 0, 0, 0, 0, 0, 0, 0, 0, 0, 0, 0, 0, 0, 0, 0, 0, 0, 0, 0, 0, 0, 0, 0, 0, 0, 0, 0, 0, 0, 0, 0, 0, 0, 0, 0, 0, 0, 0, 0, 0, 0, 0, 0, 0, 0, 0, 0, 0, 0, 0, 0, 0, 0, 0, 7, 7, 7, 7, 7, 0, 0, 0, 0, 0, 0, 0, 0, 18446744073709551615, 0, 6, 'Plight of the Blackfeather', 'Follow the frightened ravenbear to the Blackfeather chieftain.', '<The ravenbear frantically gestures and points down the path. \n\nIt seems he wants you to follow him.>', '', '', 0, 0, 0, 0, 0, 0, 0, 0, '', '', '', '', 890, 878, 26365), -- 42444
(41877, 2, 113, 255, 0, 110, 7637, 0, 0, 0, 0, 1, 0, 0, 1, 0, 0, 0, 0, 0, 0, 0, 0, 0, 1, 0, 33554440, 0, 0, 0, 0, 0, 0, 0, 0, 0, 0, 0, 0, 0, 0, 0, 0, 0, 0, 0, 0, 0, 0, 0, 0, 0, 0, 0, 0, 0, 0, 0, 0, 0, 0, 0, 0, 0, 0, 0, 0, 0, 0, 0, 0, 0, 1859, 0, 0, 0, 0, 2, 0, 0, 0, 0, 7, 7, 7, 7, 7, 0, 0, 0, 0, 0, 0, 0, 0, 18446744073709551615, 0, 6, 'Lady Lunastre', 'Seek out Ly\'leth at the Grand Promenade.', 'Our friend Ly\'leth contacted me. She requested that you meet her atop the Grand Promenade as it overlooks the city.\n\nHave your disguise ready just in case, $n.', '', '', 0, 0, 0, 0, 0, 0, 0, 0, '', '', '', '', 890, 878, 26365), -- 41877
(40401, 2, 110, 255, 0, 110, 7637, 0, 0, 40469, 5, 1, 194000, 5, 1, 182850, 0, 0, 0, 0, 0, 0, 0, 0, 1, 0, 37748744, 8192, 0, 0, 0, 0, 0, 0, 0, 0, 0, 0, 0, 0, 0, 0, 0, 0, 0, 0, 0, 0, 0, 0, 0, 0, 0, 0, 0, 0, 0, 0, 0, 0, 0, 0, 0, 0, 0, 0, 0, 0, 0, 0, 0, 0, 0, 0, 0, 0, 0, 0, 0, 0, 0, 0, 7, 7, 7, 7, 7, 0, 0, 0, 0, 0, 0, 0, 0, 18446744073709551615, 0, 6, 'A Way Back In', 'Find the smuggler.', 'I must get back into Suramar.$b$bI was exiled unfairly! I cannot live out here like this. I need the Nightwell\'s energies...$b$bI saw a message carved into a wall a few days ago. There is someone in the Water Gardens who can smuggle people into the city.$b$bIt said \"We shall drink of the Well again.\"$b$bI cannot survive a confrontation with the guards again. Will you go in my stead? Once I am back in the city I can repay you.', 'Find the smuggler.', '', 0, 0, 0, 0, 0, 0, 0, 0, '', '', '', '', 890, 878, 26365), -- 40401
(39792, 2, -1, 255, 17908, 98, 7541, 0, 0, 0, 5, 1, 194000, 5, 1, 182850, 0, 0, 0, 0, 0, 0, 0, 0, 1, 0, 33554440, 0, 0, 0, 0, 0, 0, 0, 0, 0, 0, 0, 0, 0, 0, 0, 0, 0, 0, 0, 0, 0, 0, 0, 0, 0, 0, 0, 0, 0, 0, 0, 0, 0, 0, 0, 0, 0, 0, 0, 0, 0, 0, 0, 0, 0, 0, 0, 0, 0, 0, 0, 0, 0, 0, 0, 7, 7, 7, 7, 7, 0, 0, 0, 0, 0, 0, 0, 0, 18446744073709551615, 0, 6, 'A Stack of Racks', 'Collect $1oa Meaty Racks of Musken Ribs from Stout Highland Runehorns in Jotunnwood.', 'So while we\'re waiting here, maybe you could fetch us up some grub. Them tauren were runnin low on meats, so I\'m sure they\'d be thankful to have more.\n\nI hear that musken ribs are the specialty here.  The wild musken here are too lean for any good meat, but across the river there are some nice fat ones. Maybe you should check those out!\n\nDon\'t worry, I\'m pretty sure there aren\'t any dragons over there...', '', '', 0, 0, 0, 0, 0, 0, 0, 0, '', '', '', '', 890, 878, 26365), -- 39792
(39764, 2, -1, 255, 0, 98, 7503, 0, 0, 0, 5, 1, 194000, 5, 1, 182850, 0, 0, 0, 0, 0, 0, 0, 0, 1, 0, 33554440, 0, 0, 0, 0, 0, 0, 0, 0, 0, 0, 0, 0, 0, 0, 0, 0, 0, 0, 0, 0, 0, 0, 0, 0, 0, 0, 0, 0, 0, 0, 0, 0, 0, 0, 0, 0, 0, 0, 0, 0, 0, 0, 0, 0, 0, 0, 0, 0, 0, 0, 0, 0, 0, 0, 0, 7, 7, 7, 7, 7, 0, 0, 0, 0, 0, 0, 0, 0, 18446744073709551615, 0, 6, 'Shiny, But Deadly', 'Collect Soul Chambers from kobolds within Mucksnout Den.', 'Soulkeeper Uriah and I were transporting demon prisoners to Allari in Azsuna when our caravan was attacked by kobolds.\n\nThose mindless vermin made off with the soul chambers that house our demonic captives.\n\nThe crystals may be shiny, but they\'re also deadly. If they are damaged in any way, the demons trapped within may escape.\n\nHead into the cave nearby and recover the soul chambers before it\'s too late.', '', '', 0, 0, 0, 0, 0, 0, 0, 0, '', '', '', '', 890, 878, 26365), -- 39764
(38612, 2, -1, 255, 0, 98, 7541, 0, 0, 38613, 5, 1, 194000, 5, 1, 182850, 0, 0, 0, 191831, 0, 0, 0, 0, 1, 0, 35651592, 8192, 0, 0, 0, 0, 0, 0, 0, 0, 0, 0, 0, 0, 0, 0, 0, 0, 0, 0, 0, 0, 0, 0, 0, 0, 0, 0, 0, 0, 0, 0, 0, 0, 0, 0, 0, 0, 0, 0, 0, 0, 0, 0, 0, 0, 1948, 0, 0, 0, 0, 4, 0, 0, 0, 0, 7, 7, 7, 7, 7, 0, 0, 0, 0, 0, 0, 0, 0, 234881970, 0, 6, 'A Grapple a Day', 'Pick up a Stormforged Grapple Launcher and meet Dread-Rider Cullen outside the wall of Hrydshal.', 'So some old magic vrykul is helping us out? I guess that\'s good, but this trial of yours might be tricky. You see, the only way up that mountain, is through those big walls.\n\nYou know, the ones with the mean-looking drakes on them.\n\nI scouted a bit, but couldn\'t get too far without those drakes trying to make lunch out of poor Duchess. The vrykul have them trained, which can\'t be good.\n\nI say we sneak in. I managed to snag a few grapple launchers earlier. Grab one and meet me outside the city walls.', '', '', 0, 0, 0, 0, 0, 0, 0, 0, '', '', '', '', 890, 878, 26365), -- 38612
(48605, 2, 110, 255, 0, 110, 9024, 0, 0, 0, 0, 1, 0, 0, 1, 0, 0, 0, 0, 0, 0, 0, 0, 0, 1, 0, 33554440, 0, 0, 0, 0, 0, 0, 0, 0, 0, 0, 0, 0, 0, 0, 0, 0, 0, 0, 0, 0, 0, 0, 0, 0, 0, 0, 0, 0, 0, 0, 0, 0, 0, 0, 0, 0, 0, 0, 0, 0, 0, 0, 0, 0, 0, 2165, 0, 0, 0, 0, 8, 0, 0, 0, 0, 7, 7, 7, 7, 7, 0, 0, 0, 0, 0, 0, 0, 0, 18446744073709551615, 0, 6, 'Commander\'s Downfall', 'Complete a Greater Invasion Point scenario.', 'A champion of the Legion is vulnerable within an invasion point! Track it down and destroy it before it can return to fight on Argus.', '', '', 0, 0, 0, 0, 0, 0, 0, 0, '', '', '', '', 890, 878, 26365), -- 48605
(48277, 2, 110, 255, 0, 110, 8574, 0, 0, 0, 0, 1, 48500, 2, 1, 0, 0, 0, 0, 0, 0, 0, 0, 0, 1, 0, 33554696, 0, 0, 0, 0, 0, 0, 0, 0, 0, 0, 0, 0, 0, 0, 0, 0, 0, 0, 0, 0, 0, 0, 0, 0, 0, 0, 0, 0, 0, 0, 0, 0, 0, 0, 0, 0, 0, 0, 0, 0, 0, 0, 0, 0, 0, 0, 0, 0, 0, 0, 0, 0, 0, 0, 0, 7, 7, 7, 7, 7, 0, 0, 0, 0, 0, 0, 0, 0, 18446744073709551615, 0, 6, 'The Speaker Seeks', 'Meet Magni in the Krokul Hovel.', 'Our forces are ready for battle, but we still do not know where Eonar\'s spirit lies.\n\nYou should seek Magni out at once and see if you can find her while we still have a chance. If she falls, nothing we muster will be able stand against Sargeras.', '', 'Meet Magni in the Krokul Hovel.', 0, 0, 0, 0, 0, 0, 0, 0, '', '', '', '', 890, 878, 26365), -- 48277
(48078, 2, -1, 255, 0, 110, -182, 0, 0, 0, 0, 1, 0, 0, 1, 0, 248798, 0, 0, 248798, 0, 0, 151880, 0, 1, 0, 33554440, 0, 0, 0, 0, 0, 0, 0, 0, 0, 0, 0, 0, 0, 151880, 0, 0, 0, 1, 0, 0, 0, 0, 0, 0, 0, 0, 0, 0, 0, 0, 0, 0, 0, 0, 0, 0, 0, 0, 0, 0, 0, 0, 0, 0, 0, 0, 0, 0, 0, 0, 0, 0, 0, 0, 0, 7, 7, 7, 7, 7, 0, 0, 0, 0, 0, 0, 0, 0, 18446744073709551615, 0, 6, 'Counterbalancing', 'Gather Fiendish Leather and Lightweave Cloth and use Enstraa\'s Tanning Oil to create $1oa Purified Fiendish Leather.', 'In the past, I was able to make glorious items from the beasts of this land. But then the Legion came and wiped out all those amazing beasts.$b$bNow I\'m forced to use their polluted hides to craft armor for my allies. I have, however, found a way to remove their taint.$b$bThe cloth we use is made from special thread infused with Light energy. I devised an oil which when combined with the cloth purifies the leather and makes it usable.$b$bHere, take my oil and see for yourself.', '', '', 0, 0, 0, 0, 0, 0, 0, 0, '', '', '', '', 890, 878, 26365), -- 48078
(46244, 2, 110, 255, 18567, 110, 8527, 81, 0, 0, 0, 1, 0, 0, 1, 0, 0, 0, 0, 0, 0, 0, 0, 0, 1, 0, 38797320, 0, 0, 0, 0, 0, 0, 0, 0, 0, 0, 0, 0, 0, 0, 0, 0, 0, 0, 0, 0, 0, 0, 0, 0, 0, 0, 0, 0, 0, 0, 0, 0, 0, 0, 0, 0, 0, 0, 0, 0, 0, 0, 0, 0, 0, 2045, 0, 0, 0, 0, 5, 0, 0, 0, 0, 7, 7, 7, 7, 7, 100000, 0, 0, 0, 0, 0, 0, 0, 18446744073709551615, 0, 6, 'Cathedral of Eternal Night: Altar of the Aegis', 'Defeat Lord Mephistroth and place the Aegis of Aggramar upon the Altar of Eternal Night.', 'Champion, we are ready to assault the Tomb of Sargeras.\n\nI studied the writings of Aegwynn, the Guardian who defeated the Dark Titan\'s avatar. She said that if her wards were compromised, a failsafe could be triggered by placing the Aegis of Aggramar upon an altar in the Cathedral of Eternal Night.\n\nYou are the hero who acquired the Pillars of Creation, $n. Gather your allies and enter the Cathedral. Be warned: Mephistroth will use all his power to stop you from placing the Aegis. You must prevail!', '', '', 0, 0, 0, 0, 0, 0, 0, 0, '', '', '', '', 890, 878, 26365), -- 46244
(44479, 2, 110, 255, 18420, 110, -427, 98, 0, 0, 7, 3, 1746000, 7, 3, 823000, 0, 0, 0, 0, 0, 0, 0, 0, 1, 0, 37748736, 33562624, 0, 0, 0, 0, 0, 0, 0, 0, 0, 0, 0, 0, 0, 0, 0, 0, 0, 0, 0, 0, 0, 0, 0, 0, 0, 0, 0, 0, 0, 0, 0, 0, 0, 0, 0, 0, 0, 0, 0, 0, 0, 0, 0, 0, 0, 0, 0, 0, 0, 0, 0, 0, 0, 0, 7, 7, 7, 7, 7, 0, 0, 0, 0, 0, 0, 0, 0, 18446744073709551615, 0, 6, 'Ravencrest\'s Legacy', 'Experience Ravencrest\'s Legacy at Black Rook Hold in Val\'sharah.', 'Years later, as the War of the Ancients raged on and the Burning Legion\'s grip upon this world took hold, Illidan would meet a military leader known as Kur\'talos Ravencrest. He too would see the potential within Illidan, eventually promoting him to captain of the Moon Guard: a powerful group of night elf sorcerers.$B$BWe must experience this memory in Black Rook Hold, located on the western shores of Val\'sharah.', '', '', 0, 0, 0, 0, 0, 0, 0, 0, '', '', '', '', 890, 878, 26365), -- 44479
(40208, 2, 108, 255, 0, 108, -182, 81, 0, 40210, 5, 1, 186000, 5, 1, 179750, 216235, 0, 0, 216235, 0, 0, 0, 0, 1, 0, 167772168, 0, 0, 0, 65114, 0, 0, 0, 0, 0, 0, 0, 0, 0, 0, 0, 0, 0, 0, 0, 0, 0, 0, 0, 0, 0, 0, 0, 0, 0, 0, 0, 0, 0, 0, 0, 0, 0, 0, 0, 0, 0, 0, 0, 0, 0, 0, 0, 0, 0, 0, 0, 0, 0, 0, 0, 7, 7, 7, 7, 7, 0, 0, 0, 0, 0, 0, 0, 0, 18446744073709551615, 0, 6, 'Eye of Azshara: Scales of the Sea', 'Go to the Eye of Azshara and obtain Warlord Parjesh\'s Hauberk.', 'When we first met, I spoke of the naga, and the armor they\'re able to craft. No grander armor is worn, however, than by their top warlords.$b$bOne in particular resides within the Eye of Azshara itself. His name is Warlord Parjesh, and the hauberk he wears is one of legend.$b$bRepel his forces, and obtain his armor. Do this, and I will teach you more of the Azsunian way of leatherworking.', '', '', 0, 0, 0, 0, 0, 0, 0, 0, 'A fierce warrior who commands legions of naga.', 'Warlord Parjesh', '', '', 890, 878, 26365), -- 40208
(40142, 2, -1, 255, 0, 98, -411, 0, 0, 0, 5, 1, 194000, 5, 1, 182850, 194820, 0, 0, 194820, 0, 0, 0, 0, 1, 0, 33554440, 0, 0, 0, 0, 0, 0, 0, 0, 0, 0, 0, 0, 0, 0, 0, 0, 0, 0, 0, 0, 0, 0, 0, 0, 0, 0, 0, 0, 0, 0, 0, 0, 0, 0, 0, 0, 0, 0, 0, 0, 0, 0, 0, 0, 0, 0, 0, 0, 0, 0, 0, 0, 0, 0, 0, 7, 7, 7, 7, 7, 0, 0, 0, 0, 0, 0, 0, 0, 18446744073709551615, 0, 6, 'The Core of the Stormscale', 'Obtain $1oa Stormscale Sparks by skinning scaled creatures in the Broken Isles.', 'Ahh, yes. The elusive stormscale.$b$bI have seen similar scales in Northrend, and some in Skywall, but it would appear that such a scale is common here. My colleagues that specialize in mail armor will be happy to learn this.$b$bTo more efficiently harvest this type of scale, you must first understand its power. Look for broken, unusable scales on your quarry, and remove the sparks within them. Once you have seen the sparks, you will better understand the stormscale.', '', '', 0, 0, 0, 0, 0, 0, 0, 0, '', '', '', '', 890, 878, 26365), -- 40142
(46682, 2, 110, 255, 0, 110, -264, 83, 0, 46683, 5, 1, 194000, 5, 1, 182850, 0, 0, 0, 0, 0, 0, 0, 0, 1, 0, 33685504, 0, 0, 0, 0, 0, 0, 0, 0, 0, 0, 0, 0, 0, 146684, 0, 0, 0, 20, 0, 0, 0, 0, 0, 0, 0, 0, 0, 0, 0, 0, 0, 0, 0, 0, 0, 0, 0, 0, 0, 0, 0, 0, 0, 0, 0, 0, 0, 0, 0, 0, 0, 0, 0, 0, 0, 7, 7, 7, 7, 7, 0, 0, 0, 0, 0, 0, 0, 0, 18446744073709551615, 0, 6, 'Drapings of the Ancients', 'Obtain $1oa Ancient Imbued Silkweave from humanoids in Broken Shore.', '$n, we are going to need a high quality cloth to work with. Thankfully, the weaving quality of nightborne craftspeople from long ago was very good. It is a lost art to some degree but I feel like you can take their masterworks and do even more with it. $b$bSome of the hostiles in these parts still wear Ancient Imbued Silkweave Armor. Start to unstitch the silkweave cloth from any of that armor that you find on Broken Shore.', '', '', 0, 0, 0, 0, 0, 0, 0, 0, '', '', '', '', 890, 878, 26365), -- 46682
(46680, 2, 110, 255, 0, 110, -264, 83, 0, 46683, 5, 1, 194000, 5, 1, 182850, 0, 0, 0, 0, 0, 0, 0, 0, 1, 0, 33685504, 0, 0, 0, 0, 0, 0, 0, 0, 0, 0, 0, 0, 0, 146680, 0, 0, 0, 1, 0, 0, 0, 0, 0, 0, 0, 0, 0, 0, 0, 0, 0, 0, 0, 0, 0, 0, 0, 0, 0, 0, 0, 0, 0, 0, 0, 0, 0, 0, 0, 0, 0, 0, 0, 0, 0, 7, 7, 7, 7, 7, 0, 0, 0, 0, 0, 0, 0, 0, 18446744073709551615, 0, 6, 'The Thread of Starlight', 'Defeat Advisor Melandrus in the Court of Stars and extract Starlight Thread from his bracers.', 'Melandrus of the Nightborne is First Blade of Elisande. Perhaps you\'ve heard of him? He is a great hero to the Nightborne but, to be absolutely honest, he is a mess with regards to style. $b$bHis accoutrements are somewhat better and a particular pair or bracers are rather nice. In fact, the thead that binds them will be absolutely perfect for your pending outfits. Why don\'t you get that for me and we will talk further.', '', '', 0, 0, 0, 0, 0, 0, 0, 0, '', '', '', '', 890, 878, 26365), -- 46680
(46679, 2, 110, 255, 0, 110, -264, 83, 0, 46683, 5, 1, 194000, 5, 1, 182850, 0, 0, 0, 0, 0, 0, 0, 0, 1, 0, 33685504, 0, 0, 0, 0, 0, 0, 0, 0, 0, 0, 0, 0, 0, 146678, 0, 0, 0, 1, 0, 0, 0, 0, 0, 0, 0, 0, 0, 0, 0, 0, 0, 0, 0, 0, 0, 0, 0, 0, 0, 0, 0, 0, 0, 0, 0, 0, 0, 0, 0, 0, 0, 0, 0, 0, 0, 7, 7, 7, 7, 7, 0, 0, 0, 0, 0, 0, 0, 0, 18446744073709551615, 0, 6, 'The Thread of Shadow', 'Defeat Advisor Vandros in the Arcway in Mythic difficulty and extract Shadow Thread from his robes.', 'Vandros of the Nightborne. There is an elf who knows how to dress. Ever since he was a young noble in the Court of Farondis, Vandros has been known for snappy, fashion forward outfits. $b$bI\'ve never been able to see his garments up close but my research tells me that his tailor\'s technique is not so much in the fabric as it is in the thread. It appears to be spun of the very shadows themselves. $b$bYou have your methods to obtain it, I\'m sure. Get his robes and get the thread.', '', '', 0, 0, 0, 0, 0, 0, 0, 0, '', '', '', '', 890, 878, 26365), -- 46679
(42971, 2, 85, 255, 0, 80, -410, 0, 0, 0, 5, 1, 94000, 5, 1, 525, 217762, 0, 0, 217762, 0, 0, 0, 0, 1, 0, 33554440, 0, 0, 0, 0, 0, 0, 0, 0, 0, 0, 0, 0, 0, 0, 0, 0, 0, 0, 0, 0, 0, 0, 0, 0, 0, 0, 0, 0, 0, 0, 0, 0, 0, 0, 0, 0, 0, 0, 0, 0, 0, 0, 0, 0, 0, 1171, 0, 0, 0, 0, 5, 0, 0, 0, 0, 7, 7, 7, 7, 7, 0, 0, 0, 0, 0, 0, 0, 0, 18446744073709551615, 0, 0, 'Controlling the Elements', 'Retrieve Remnants of Fire, Water, and Air, and reach Revered status with Therazane.', 'Come closer, $r.$b$bRagnaros in the Firelands, Al\'Akir in his Throne of the Four Winds, and Neptulon in Throne of the Tides. They have been thorns in my hide since the world was new.$b$bProve to me your strength over the weaker elements, and I shall teach you how to display your power for all to see.', '', '', 0, 0, 0, 0, 0, 0, 0, 0, '', '', '', '', 890, 878, 26365), -- 42971
(42255, 2, 110, 255, 0, 98, -324, 0, 0, 0, 0, 0, 0, 0, 0, 0, 0, 0, 0, 232795, 0, 0, 0, 0, 0, 1, 6357248, 8192, 129, 5, 0, 0, 0, 0, 0, 0, 0, 0, 0, 0, 139522, 0, 0, 0, 1, 0, 0, 0, 0, 0, 0, 0, 0, 0, 0, 0, 0, 0, 0, 0, 0, 0, 0, 0, 0, 0, 0, 0, 0, 0, 0, 0, 1984, 0, 0, 0, 0, 4, 0, 0, 0, 0, 7, 7, 7, 7, 7, 0, 0, 0, 0, 0, 0, 0, 0, 18446744073709551615, 0, 6, 'Bloody Note', 'Bring 3 Silkweave Bandages and 1 Field Pack to the location marked on your map. Treat the Gravely Wounded Soldier when you arrive.', 'I\'m not sure how much longer I can keep pressure on this wound.$b$bIf you find this note, please bring bandages. Lots and lots of bandages.', '', '', 1220, 0, 0, 0, 20, 0, 0, 0, '', '', '', '', 890, 878, 26365), -- 42255
(24629, 2, -1, 255, 0, 0, -376, 0, 0, 0, 5, 1, 48500, 2, 1, 182850, 0, 0, 0, 0, 0, 0, 49668, 0, 1, 0, 4096, 0, 0, 0, 0, 0, 49927, 0, 0, 0, 5, 0, 0, 0, 49668, 0, 0, 0, 1, 0, 0, 0, 0, 0, 0, 0, 0, 0, 0, 0, 0, 0, 0, 0, 0, 0, 0, 0, 0, 0, 0, 0, 0, 0, 0, 0, 0, 0, 0, 0, 0, 0, 0, 0, 0, 0, 7, 7, 7, 7, 7, 0, 0, 0, 0, 0, 0, 0, 0, 18446744073709551615, 0, 0, 'A Perfect Puff of Perfume', 'Spray 10 people with the Crown Perfume Sprayer.', 'You look like a real go-getter, $c. How about we work out a little win-win scenario?$B$BCrown\'s looking to offer samples of our latest holiday-themed products to as many potential customers as possible. Help us share the love, and we\'ll give you discounts on some great Crown merchandise!$B$BYour time, our money, friend. What do you say?', '', '', 0, 0, 0, 0, 0, 0, 0, 0, '', '', '', '', 890, 878, 26365), -- 24629
(42452, 2, -1, 255, 0, 98, -406, 107, 0, 0, 5, 1, 194000, 5, 1, 182850, 0, 0, 0, 0, 0, 0, 0, 0, 1, 0, 38797312, 33562880, 0, 0, 0, 0, 0, 0, 0, 0, 0, 0, 0, 0, 0, 0, 0, 0, 0, 0, 0, 0, 0, 0, 0, 0, 0, 0, 0, 0, 0, 0, 0, 0, 0, 0, 0, 0, 0, 0, 0, 0, 0, 0, 0, 0, 0, 0, 0, 0, 0, 0, 0, 0, 0, 0, 7, 7, 7, 7, 7, 0, 0, 0, 0, 0, 0, 0, 0, 18446744073709551615, 0, 6, 'Finding Ebonchill', 'Investigate the forgotten stacks in the Hall of the Guardian for clues to Ebonchill\'s last known master, Arrexis.', 'Ebonchill bears a lineage of powerful wielders dating back to its maker, Alodi. He passed it on to his favorite apprentice and so on until... the archmage Arrexis, I believe.$b$bArrexis disappeared sometime around the First War. I know nothing of his fate, but the answer may well be somewhere in this library.$b$bStart by looking around here. Whatever you find should lead us to Ebonchill.', '', '', 0, 0, 0, 0, 0, 0, 0, 0, '', '', '', '', 890, 878, 26365), -- 42452
(42703, 2, -1, 255, 0, 101, -420, 0, 0, 42126, 1, 1, 19400, 1, 1, 18350, 0, 0, 0, 0, 0, 0, 0, 0, 1, 0, 37748736, 33562880, 0, 0, 0, 0, 0, 0, 0, 0, 0, 0, 0, 0, 0, 0, 0, 0, 0, 0, 0, 0, 0, 0, 0, 0, 0, 0, 0, 0, 0, 0, 0, 0, 0, 0, 0, 0, 0, 0, 0, 0, 0, 0, 0, 0, 0, 0, 0, 0, 0, 0, 0, 0, 0, 0, 7, 7, 7, 7, 7, 0, 0, 0, 0, 0, 0, 0, 0, 18446744073709551615, 0, 6, 'Technical Wizardry', 'Talk to Archmage Melis.', 'Now that you have your first two champions, there is an abundance of work they can do to help us.\n\nArchmage Melis has been hard at work getting our command room up and running. Head downstairs and ask her to show you what needs to be done.', '', '', 1220, 0, 0, 0, 100, 0, 0, 0, '', '', '', '', 890, 878, 26365), -- 42703
(49930, 2, -1, 110, 0, 110, -444, 0, 0, 50242, 1, 1, 19400, 1, 1, 18350, 0, 0, 0, 0, 0, 0, 0, 0, 1, 0, 38273024, 8192, 0, 0, 0, 0, 0, 0, 0, 0, 0, 0, 0, 0, 0, 0, 0, 0, 0, 0, 0, 0, 0, 0, 0, 0, 0, 0, 0, 0, 0, 0, 0, 0, 0, 0, 0, 0, 0, 0, 0, 0, 0, 0, 0, 0, 0, 0, 0, 0, 0, 0, 0, 0, 0, 0, 7, 7, 7, 7, 7, 0, 0, 0, 0, 0, 0, 0, 0, 234881970, 0, 6, 'The Call for Allies', 'Meet Warchief Sylvanas Windrunner at the Orgrimmar Embassy.', 'The Horde\'s selfless leadership in the war against the Legion has left our ranks depleted. Our enemies slaver at the thought of stealing what is ours. We will not let them.\n\nI\'ve authorized the building of an embassy in Orgrimmar. From it, we will win others to our cause. Meet me there at once.', '', '', 0, 0, 0, 0, 0, 0, 0, 0, '', '', '', '', 890, 878, 26365), -- 49930
(31902, 2, -1, 255, 0, 1, -394, 102, 0, 31915, 5, 1, 194000, 5, 1, 182850, 0, 0, 0, 0, 0, 0, 0, 0, 1, 0, 65536, 2176, 0, 0, 0, 4558, 89125, 0, 0, 0, 1, 0, 0, 0, 0, 0, 0, 0, 0, 0, 0, 0, 0, 0, 0, 0, 0, 0, 0, 0, 0, 0, 0, 0, 0, 0, 0, 0, 0, 0, 0, 0, 0, 0, 0, 0, 0, 0, 0, 0, 0, 0, 0, 0, 0, 0, 7, 7, 7, 7, 7, 0, 0, 0, 0, 0, 0, 0, 0, 824181837, 0, 0, 'Battle Pet Tamers: Eastern Kingdoms', 'Defeat David Kosse, Deiza Plaguehorn, Kortas Darkhammer, Everessa, and Durin Darkhammer in pet battles.', 'Now that you\'ve had a real chance to hone your skills, you\'re ready to venture out into the world of pet battles in full.$B$BThere are five tamers throughout the Eastern Kingdoms that I\'d like you to defeat: David Kosse in The Hinterlands, Deiza Plaguehorn in Eastern Plaguelands, Kortas Darkhammer in Searing Gorge, Everessa in Swamp of Sorrows, and Kortas\' brother, Durin Darkhammer, in Burning Steppes.$B$BIf you are able to best them, you will be ready to venture further.', '', '', 0, 0, 0, 0, 0, 0, 0, 0, '', '', 'Wow! You really are impressive.', 'Audrey Burnhep', 890, 878, 26365), -- 31902
(46744, 2, 110, 255, 0, 110, -406, 0, 0, 46765, 0, 1, 0, 0, 1, 0, 0, 0, 0, 0, 0, 0, 0, 0, 1, 0, 33554432, 256, 0, 0, 0, 0, 0, 0, 0, 0, 0, 0, 0, 0, 0, 0, 0, 0, 0, 0, 0, 0, 0, 0, 0, 0, 0, 0, 0, 0, 0, 0, 0, 0, 0, 0, 0, 0, 0, 0, 0, 0, 0, 0, 0, 0, 0, 0, 0, 0, 0, 0, 0, 0, 0, 0, 7, 7, 7, 7, 7, 0, 0, 0, 0, 0, 0, 0, 0, 18446744073709551615, 0, 6, 'Greater Power for Greater Threats', 'Unlock all traits on any of your artifact weapons.', '$n, the war against the Legion grows in intensity beyond what we have imagined. It is critical that we increase our strength to match that of our foes.\n\nIt is imperative that you strengthen your artifact as much as possible. It is the only way you can stay ahead of the threat the Legion poses.', '', '', 0, 0, 0, 0, 0, 0, 0, 0, '', '', '', '', 890, 878, 26365), -- 46744
(44480, 2, 110, 255, 0, 110, -427, 0, 0, 0, 6, 1, 388000, 6, 1, 228550, 0, 0, 0, 0, 0, 0, 0, 0, 1, 0, 37748736, 33562624, 0, 0, 0, 0, 0, 0, 0, 0, 0, 0, 0, 0, 0, 0, 0, 0, 0, 0, 0, 0, 0, 0, 0, 0, 0, 0, 0, 0, 0, 0, 0, 0, 0, 0, 0, 0, 0, 0, 0, 0, 0, 0, 0, 0, 0, 0, 0, 0, 0, 0, 0, 0, 0, 0, 7, 7, 7, 7, 7, 0, 0, 0, 0, 0, 0, 0, 0, 18446744073709551615, 0, 6, 'In My Father\'s House', 'Witness Illidan\'s Sacrifice in Azshara on the continent of Kalimdor.', 'Most mortals cannot comprehend the truth of the Legion. Those that recognize it, often refuse to accept its meaning. Such knowledge carries a weight that the mortal frame cannot bear. To sacrifice that much of ones self changes the soul.$B$BAmong your greatest heroes, a rare few understood that type of sacrifice. Let us witness it through Illidan\'s eyes.$B$BWe must go to Azshara, on the continent of Kalimdor.', '', '', 0, 0, 0, 0, 0, 0, 0, 0, '', '', '', '', 890, 878, 26365), -- 44480
(43604, 2, -1, 255, 0, 110, -426, 0, 0, 0, 8, 1, 776000, 8, 1, 365700, 214384, 0, 0, 214384, 0, 0, 139619, 0, 1, 0, 35651584, 33554688, 0, 0, 0, 0, 0, 0, 0, 0, 0, 0, 0, 0, 139619, 0, 0, 0, 1, 0, 0, 0, 0, 0, 0, 0, 0, 0, 0, 0, 0, 0, 0, 0, 0, 0, 0, 0, 0, 0, 0, 0, 0, 0, 0, 0, 0, 0, 0, 0, 0, 0, 0, 0, 0, 0, 7, 7, 7, 7, 7, 0, 0, 0, 0, 0, 0, 0, 0, 18446744073709551615, 0, 6, 'Maw of Souls: Ymiron\'s Broken Blade', 'Return to Skyhold and convince Odyn to raise King Ymiron.', 'You hold King Ymiron\'s blade and realize what a fierce combatant he would make, were he to fight on your side.$B$BPerhaps Odyn could be persuaded to force the vrykul King\'s spirit to fight along your army.', '', '', 0, 0, 0, 0, 0, 0, 0, 0, '', '', '', '', 890, 878, 26365), -- 43604
(43341, 2, -1, 255, 0, 110, -412, 0, 0, 0, 0, 1, 0, 0, 1, 0, 227303, 0, 0, 0, 0, 0, 0, 0, 1, 0, 34078720, 33554432, 0, 0, 64045, 0, 141605, 0, 0, 0, 1, 0, 0, 0, 0, 0, 0, 0, 0, 0, 0, 0, 0, 0, 0, 0, 0, 0, 0, 0, 0, 0, 0, 0, 0, 0, 0, 0, 0, 0, 0, 0, 0, 0, 0, 0, 0, 0, 0, 0, 0, 0, 0, 0, 0, 0, 7, 7, 7, 7, 7, 0, 0, 0, 0, 0, 0, 0, 0, 18446744073709551615, 0, 6, 'Uniting the Isles', 'Earn at least Friendly reputation with the factions of the Broken Isles.', 'There are a great number of factions here on the Broken Isles. We must unite them if we want to stand a chance against the Legion. Prove your worth to them and report back to me.', '', '', 0, 0, 0, 0, 0, 0, 0, 0, 'We need your help!', 'Archmage Khadgar', '', '', 890, 878, 26365), -- 43341
(42650, 2, -1, 255, 0, 101, -426, 0, 0, 0, 6, 1, 388000, 6, 1, 228550, 0, 0, 0, 0, 0, 0, 138204, 0, 1, 0, 33554432, 33554688, 0, 0, 0, 0, 0, 0, 0, 0, 0, 0, 0, 0, 138204, 0, 0, 0, 1, 0, 0, 0, 0, 0, 0, 0, 0, 0, 0, 0, 0, 0, 0, 0, 0, 0, 0, 0, 0, 0, 0, 0, 0, 0, 0, 0, 0, 0, 0, 0, 0, 0, 0, 0, 0, 0, 7, 7, 7, 7, 7, 0, 0, 0, 0, 0, 0, 0, 0, 18446744073709551615, 0, 6, 'Break the Bonds', 'Throw Svergan\'s Belongings into the Soul Pyre and complete the Ritual of Unbinding.', 'The Bonespeaker mystics used these heirlooms to tie my soul to this world.$B$BUnder their curse, my soul could not enter the Halls of Valor. Find the soul pyre in Haustvald and throw my belongings into the flames.$B$BThe fire that bound my soul through their foul magic will be the same fire that undoes this bond!', '', '', 0, 0, 0, 0, 0, 0, 0, 0, '', '', '', '', 890, 878, 26365), -- 42650
(41778, 2, 110, 255, 0, 110, 7502, 0, 0, 0, 5, 1, 194000, 5, 1, 182850, 0, 0, 0, 108997, 0, 0, 136352, 0, 1, 0, 35651592, 8192, 0, 0, 0, 0, 136342, 0, 0, 0, 100, 0, 0, 0, 136352, 0, 0, 0, 1, 0, 0, 0, 0, 0, 0, 0, 0, 0, 0, 0, 0, 0, 0, 0, 0, 0, 0, 0, 0, 0, 0, 0, 0, 0, 0, 0, 0, 0, 0, 0, 0, 0, 0, 0, 0, 0, 7, 7, 7, 7, 7, 0, 0, 0, 0, 0, 0, 0, 0, 18446744073709551615, 0, 6, 'Firing Up the Forge', 'Use the Obliterum Forge to obliterate Archmage Karlain\'s Imbued Silkweave Robes.', 'Are you familiar with the Obliterum Forge? It can be used to destroy crafted gear, yielding valuable Obliterum. I\'m personally quite curious to see it in action.$b$bOne of my many admirers recently gifted me a set of adventuring robes, but I\'m afraid they\'re not quite my style.$b$bPlace them inside the forge and see what happens.', '', '', 0, 0, 0, 0, 0, 0, 0, 0, '', '', '', '', 890, 878, 26365), -- 41778
(41149, 2, 110, 255, 0, 110, 7637, 0, 0, 0, 5, 1, 194000, 5, 1, 182850, 0, 0, 0, 0, 0, 0, 0, 0, 1, 0, 33619976, 0, 0, 0, 0, 0, 140349, 0, 0, 0, 1, 0, 0, 0, 0, 0, 0, 0, 0, 0, 0, 0, 0, 0, 0, 0, 0, 0, 0, 0, 0, 0, 0, 0, 0, 0, 0, 0, 0, 0, 0, 0, 0, 0, 0, 0, 1859, 0, 0, 0, 0, 3, 0, 0, 0, 0, 7, 7, 7, 7, 7, 5000, 0, 0, 0, 0, 0, 0, 0, 18446744073709551615, 0, 6, 'A Re-Warding Effort', 'Activate $1oa Arcane Wards in Ambervale.', '<This small device of elegant nightborne design crackles gently with arcane power.\n\nKel\'danath\'s notes mention wards that keep the withered at bay. It seems he found some form of spellcasting that does not tempt their ravenous appetite for magic.\n\nThese may prove useful in your search for the missing arcanist.>', '', '', 0, 0, 0, 0, 0, 0, 0, 0, '', '', '', '', 890, 878, 26365), -- 41149
(41105, 2, -1, 255, 0, 98, -406, 107, 0, 0, 6, 1, 388000, 6, 1, 228550, 0, 0, 0, 0, 0, 0, 0, 0, 1, 0, 40894464, 33564928, 0, 0, 0, 0, 0, 0, 0, 0, 0, 0, 0, 0, 0, 0, 0, 0, 0, 0, 0, 0, 0, 0, 0, 0, 0, 0, 0, 0, 0, 0, 0, 0, 0, 0, 0, 0, 0, 0, 0, 0, 0, 0, 0, 0, 0, 0, 0, 0, 0, 0, 0, 0, 0, 0, 7, 7, 7, 7, 7, 0, 0, 0, 0, 0, 0, 0, 0, 18446744073709551615, 0, 6, 'The Sword of Kings', 'Find Strom\'kar, the Warbreaker and deal with Zakajz.', 'The first king of the humans, Thoradin, performed many acts of heroism and valor. While on a personal quest near the end of his reign, he stumbled upon the tomb of my brother Tyr... and the grave-prison of the monstrosity he died fighting. Thoradin unintentionally awoke the beast and gave his life to keep it from escaping.\n\nIt is Thoradin\'s sword, Strom\'kar, that has kept the monster at bay. Retrieve it and finish what Tyr and Thoradin started. Kill Zakajz the Corrupted.', '', '', 0, 0, 0, 0, 0, 0, 0, 0, '', '', '', '', 890, 878, 26365), -- 41105
(40326, 2, 110, 255, 0, 110, 7637, 0, 0, 41702, 5, 1, 194000, 5, 1, 182850, 0, 0, 0, 205789, 0, 0, 0, 0, 1, 0, 36700168, 0, 0, 0, 0, 0, 0, 0, 0, 0, 0, 0, 0, 0, 0, 0, 0, 0, 0, 0, 0, 0, 0, 0, 0, 0, 0, 0, 0, 0, 0, 0, 0, 0, 0, 0, 0, 0, 0, 0, 0, 0, 0, 0, 0, 0, 1859, 0, 0, 0, 0, 3, 0, 0, 0, 0, 7, 7, 7, 7, 7, 5000, 0, 0, 0, 0, 0, 0, 0, 18446744073709551615, 0, 6, 'Scattered Memories', 'Inspect $1oa pages of Kel\'danath\'s Notes.', '<As your fingers trace the elegant symbols on the page, a voice dictates the words in your mind.\n\nIt seems the nightborne have elevated even simple note-taking to a sorcerous art.\n\nArcanist Kel\'danath was definitely working in this area. There must be more of his notes scattered around.>', '', '', 0, 0, 0, 0, 0, 0, 0, 0, '', '', '', '', 890, 878, 26365), -- 40326
(39791, 2, -1, 255, 0, 98, 7541, 0, 0, 38817, 5, 1, 194000, 5, 1, 182850, 0, 0, 0, 0, 0, 0, 128772, 0, 1, 0, 33685512, 0, 0, 0, 0, 0, 0, 0, 0, 0, 0, 0, 0, 0, 128772, 0, 0, 0, 1, 0, 0, 0, 0, 0, 0, 0, 0, 0, 0, 0, 0, 0, 0, 0, 0, 0, 0, 0, 0, 0, 0, 0, 0, 0, 0, 0, 1948, 0, 0, 0, 0, 4, 0, 0, 0, 0, 7, 7, 7, 7, 7, 0, 0, 0, 0, 0, 0, 0, 0, 18446744073709551615, 0, 6, 'Lay Them to Rest', 'Use the Branch of the Runewood to send 8 weakened Restless Ancestors back to the earth.', 'I would ask a favor, outsider.\n\nAs you step through the graves of ancient heroes, you will no doubt come across spirits of the restless dead, agitated by the Bonespeakers misdeeds. They must be returned to the earth where they are buried, so that they may be judged as well.\n\nTake this bough - it carries with it the essence of the Runewood. Channel its power into a weakened spirit, and it will return to rest.', '', '', 0, 0, 0, 0, 0, 0, 0, 0, '', '', '', '', 890, 878, 26365), -- 39791
(39789, 2, -1, 255, 17907, 98, 7541, 0, 0, 39793, 5, 1, 194000, 5, 1, 182850, 0, 0, 0, 0, 0, 0, 0, 0, 1, 0, 37748744, 2, 0, 0, 0, 0, 0, 0, 0, 0, 0, 0, 0, 0, 0, 0, 0, 0, 0, 0, 0, 0, 0, 0, 0, 0, 0, 0, 0, 0, 0, 0, 0, 0, 0, 0, 0, 0, 0, 0, 0, 0, 0, 0, 0, 0, 0, 0, 0, 0, 0, 0, 0, 0, 0, 0, 7, 7, 7, 7, 7, 0, 0, 0, 0, 0, 0, 0, 0, 18446744073709551615, 0, 6, 'Eating Into Our Business', 'Kill 10 Duskpelt worg in Amberfall Mesa.', 'Greetings traveler! You are welcome to rest at our camp, but if you plan on sticking around a while, I have a proposition for you.\n\nAs you can see, the land here has been very good to us, providing a great natural bounty. Lately, however, the worg have become problematic, and are thinning the herds to unacceptable levels.\n\nI can\'t take care of them all, so I will offer a bounty for every worg slain in the mesa. Return to me when you have culled their pack a bit.', '', '', 0, 0, 0, 0, 0, 0, 0, 0, '', '', '', '', 890, 878, 26365), -- 39789
(37290, 2, 100, 255, 0, 92, 7333, 0, 0, 0, 2, 1, 38500, 2, 1, 1400, 0, 0, 0, 0, 0, 0, 0, 0, 1, 0, 33554440, 0, 0, 0, 0, 0, 0, 0, 0, 0, 0, 0, 0, 0, 0, 0, 0, 0, 0, 0, 0, 0, 0, 0, 0, 0, 0, 0, 0, 0, 0, 0, 0, 0, 0, 0, 0, 0, 0, 0, 0, 0, 0, 0, 0, 0, 0, 0, 0, 0, 0, 0, 0, 0, 0, 0, 7, 7, 7, 7, 7, 0, 0, 0, 0, 0, 0, 0, 0, 234881970, 0, 5, 'Upgrades in Ashran', 'Speak with Torgg Flexington at Warspear in Ashran.', 'You got some construction guides or assembly notes on ya? Oh man that\'s good news!$b$bI know this guy in Ashran, goes by Torgg Flexington. He\'s got finished blueprints we need!$b$bGo talk to this guy and bring back some good stuff for us to build, ok?', '', '', 0, 0, 0, 0, 0, 0, 0, 0, '', '', '', '', 890, 878, 26365); -- 37290


DELETE FROM `quest_objectives` WHERE `ID` IN (286655 /*286655*/, 285633 /*285633*/, 285625 /*285625*/, 284321 /*284321*/, 280807 /*280807*/, 279959 /*279959*/, 279916 /*279916*/, 278219 /*278219*/, 292614 /*292614*/, 291814 /*291814*/, 291502 /*291502*/, 289603 /*289603*/, 286656 /*286656*/, 283074 /*283074*/, 280545 /*280545*/, 280375 /*280375*/, 289359 /*289359*/, 289356 /*289356*/, 289353 /*289353*/, 284958 /*284958*/, 284957 /*284957*/, 284956 /*284956*/, 284955 /*284955*/, 283984 /*283984*/, 265440 /*265440*/, 284283 /*284283*/, 284265 /*284265*/, 284275 /*284275*/, 284274 /*284274*/, 284273 /*284273*/, 284272 /*284272*/, 284271 /*284271*/, 269180 /*269180*/, 269179 /*269179*/, 269178 /*269178*/, 269177 /*269177*/, 269176 /*269176*/, 289544 /*289544*/, 286657 /*286657*/, 285537 /*285537*/, 285211 /*285211*/, 285210 /*285210*/, 285209 /*285209*/, 285208 /*285208*/, 286697 /*286697*/, 284536 /*284536*/, 282787 /*282787*/, 281968 /*281968*/, 282354 /*282354*/, 281863 /*281863*/, 286344 /*286344*/, 286343 /*286343*/, 281862 /*281862*/, 280687 /*280687*/, 279957 /*279957*/, 279952 /*279952*/);
INSERT INTO `quest_objectives` (`ID`, `QuestID`, `Type`, `Order`, `StorageIndex`, `ObjectID`, `Amount`, `Flags`, `Flags2`, `ProgressBarWeight`, `Description`, `VerifiedBuild`) VALUES
(286655, 44466, 0, 0, 0, 113857, 1, 0, 0, 0, 'Witness Illidan\'s Resilience', 26365), -- 286655
(285633, 43517, 14, 1, 1, 50211, 1, 0, 0, 0, 'Defeat the Shade of Xavius', 26365), -- 285633
(285625, 43517, 1, 0, 0, 139633, 1, 0, 1, 0, '', 26365), -- 285625
(284321, 41877, 0, 0, 0, 107632, 1, 0, 0, 0, 'Seek out Ly\'leth', 26365), -- 284321
(280807, 40401, 0, 0, 0, 100226, 1, 0, 0, 0, 'Find the smuggler', 26365), -- 280807
(279959, 39792, 1, 0, 0, 138020, 8, 0, 1, 0, '', 26365), -- 279959
(279916, 39764, 1, 0, 0, 128752, 7, 0, 1, 0, '', 26365), -- 279916
(278219, 38612, 14, 0, 0, 55243, 1, 0, 0, 0, '', 26365), -- 278219
(292614, 48605, 14, 0, 0, 60806, 1, 0, 0, 0, 'Greater Invasion Point defeated', 26365), -- 292614
(291814, 48277, 0, 0, 0, 124597, 1, 28, 0, 0, 'Meet Magni in Krokuun', 26365), -- 291814
(291502, 48078, 1, 0, 0, 151879, 12, 0, 1, 0, '', 26365), -- 291502
(289603, 46244, 14, 0, 0, 58079, 1, 0, 0, 0, '', 26365), -- 289603
(286656, 44479, 14, 0, 0, 53653, 1, 0, 0, 0, 'Experience Ravencrest\'s Legacy', 26365), -- 286656
(283074, 40208, 0, 1, 1, 96028, 1, 0, 0, 0, '', 26365), -- 283074
(280545, 40208, 1, 0, 0, 130106, 1, 0, 1, 0, '', 26365), -- 280545
(280375, 40142, 1, 0, 0, 129894, 20, 0, 1, 0, '', 26365), -- 280375
(289359, 46682, 1, 0, 0, 146685, 100, 0, 1, 0, 'Collect Ancient Imbued Silkweave', 26365), -- 289359
(289356, 46680, 1, 0, 1, 146681, 1, 0, 1, 0, 'Extract Starlight Thread from Melandrus\' Star-Touched Bracers', 26365), -- 289356
(289353, 46679, 1, 0, 1, 146679, 1, 0, 1, 0, 'Extract Shadow Thread from Vandros\' Shadoweave Robes', 26365), -- 289353
(284958, 42971, 6, 3, -1, 1171, 21000, 0, 0, 0, '', 26365), -- 284958
(284957, 42971, 1, 2, 2, 138953, 1, 0, 1, 0, '', 26365), -- 284957
(284956, 42971, 1, 1, 1, 138952, 1, 0, 1, 0, '', 26365), -- 284956
(284955, 42971, 1, 0, 0, 138951, 1, 0, 1, 0, '', 26365), -- 284955
(283984, 42255, 0, 0, 0, 107013, 1, 0, 0, 0, 'Stabilize the Gravely Wounded Soldier', 26365), -- 283984
(265440, 24629, 0, 0, 0, 37990, 10, 0, 0, 0, 'Samples Given', 26365), -- 265440
(284283, 42452, 0, 6, 6, 107589, 1, 2, 0, 0, 'Speak with Meryl', 26365), -- 284283
(284265, 42452, 0, 5, 0, 107586, 3, 0, 0, 0, 'Find information on Arrexis', 26365), -- 284265
(284275, 42452, 2, 4, 5, 250546, 1, 12, 0, 0, 'Fake Note 2', 26365), -- 284275
(284274, 42452, 2, 3, 4, 250544, 1, 12, 0, 0, 'Fake Note 1', 26365), -- 284274
(284273, 42452, 2, 2, 3, 250549, 1, 12, 0, 0, 'Note 3', 26365), -- 284273
(284272, 42452, 2, 1, 2, 250545, 1, 12, 0, 0, 'Note 2', 26365), -- 284272
(284271, 42452, 2, 0, 1, 250542, 1, 28, 0, 0, 'Note 1', 26365), -- 284271
(269180, 31902, 11, 4, 9, 66520, 1, 0, 0, 0, 'Defeat Durin Darkhammer', 26365), -- 269180
(269179, 31902, 11, 3, 8, 66518, 1, 0, 0, 0, 'Defeat Everessa', 26365), -- 269179
(269178, 31902, 11, 2, 7, 66515, 1, 0, 0, 0, 'Defeat Kortas Darkhammer', 26365), -- 269178
(269177, 31902, 11, 1, 6, 66512, 1, 0, 0, 0, 'Defeat Deiza Plaguehorn', 26365), -- 269177
(269176, 31902, 11, 0, 5, 66478, 1, 0, 0, 0, 'Defeat David Kosse', 26365), -- 269176
(289544, 46744, 14, 0, 0, 58025, 1, 0, 0, 0, 'Unlock all traits on an artifact weapon', 26365), -- 289544
(286657, 44480, 0, 0, 0, 113857, 1, 0, 0, 0, 'Witness Illidan\'s Resilience', 26365), -- 286657
(285537, 43604, 0, 0, 0, 96469, 1, 1, 0, 0, 'Speak to Odyn', 26365), -- 285537
(285211, 43341, 6, 4, -1, 1948, 3000, 0, 0, 0, 'Earn friendly reputation with the Valarjar in Stormheim', 26365), -- 285211
(285210, 43341, 6, 3, -1, 1883, 3000, 0, 0, 0, 'Earn friendly reputation with the Dreamweavers in Val\'sharah', 26365), -- 285210
(285209, 43341, 6, 2, -1, 1828, 3000, 0, 0, 0, 'Earn friendly reputation with the Highmountain Tribe', 26365), -- 285209
(285208, 43341, 6, 1, -1, 1900, 3000, 0, 0, 0, 'Earn friendly reputation with the Court of Farondis in Azsuna', 26365), -- 285208
(286697, 43341, 6, 0, -1, 1859, 3000, 0, 0, 0, 'Earn friendly reputation with the Nightfallen in Suramar', 26365), -- 286697
(284536, 42650, 0, 0, 0, 108229, 1, 0, 0, 0, 'Ritual of Unbinding', 26365), -- 284536
(282787, 41778, 1, 0, 0, 136351, 1, 0, 1, 0, '', 26365), -- 282787
(281968, 41149, 0, 0, 0, 100059, 4, 0, 0, 0, 'Arcane Wards activated', 26365), -- 281968
(282354, 41105, 0, 4, 2, 103739, 1, 2, 0, 0, 'Take Odyn\'s portal back to Skyhold', 26365), -- 282354
(281863, 41105, 0, 3, 1, 103114, 1, 2, 0, 0, 'Deal with Zakajz permanently', 26365), -- 281863
(286344, 41105, 0, 2, 4, 113105, 1, 0, 0, 0, 'Go to the Tomb of Tyr in Tirisfal Glades', 26365), -- 286344
(286343, 41105, 0, 1, 3, 102394, 1, 4, 0, 0, '(Optional) Take the Portal to Dalaran Crater', 26365), -- 286343
(281862, 41105, 0, 0, 0, 97377, 1, 4, 0, 0, '(Optional) Speak with Aerylia to go to Dalaran', 26365), -- 281862
(280687, 40326, 0, 0, 0, 114258, 6, 0, 0, 0, 'Kel\'danath\'s Notes read', 26365), -- 280687
(279957, 39791, 0, 0, 0, 97254, 8, 0, 0, 0, 'Restless Ancestor returned to the earth', 26365), -- 279957
(279952, 39789, 0, 0, 0, 97091, 10, 0, 0, 0, 'Duskpelt worg slain', 26365); -- 279952


DELETE FROM `quest_visual_effect` WHERE (`ID`=285633 AND `Index`=1) OR (`ID`=285633 AND `Index`=0) OR (`ID`=285625 AND `Index`=1) OR (`ID`=285625 AND `Index`=0) OR (`ID`=284321 AND `Index`=0) OR (`ID`=280807 AND `Index`=0) OR (`ID`=292614 AND `Index`=5) OR (`ID`=292614 AND `Index`=4) OR (`ID`=292614 AND `Index`=3) OR (`ID`=292614 AND `Index`=2) OR (`ID`=292614 AND `Index`=1) OR (`ID`=292614 AND `Index`=0) OR (`ID`=291814 AND `Index`=0) OR (`ID`=289603 AND `Index`=0) OR (`ID`=289356 AND `Index`=0) OR (`ID`=283984 AND `Index`=1) OR (`ID`=283984 AND `Index`=0) OR (`ID`=284283 AND `Index`=0) OR (`ID`=284275 AND `Index`=0) OR (`ID`=284274 AND `Index`=0) OR (`ID`=284273 AND `Index`=0) OR (`ID`=284272 AND `Index`=0) OR (`ID`=284271 AND `Index`=0) OR (`ID`=269180 AND `Index`=0) OR (`ID`=269179 AND `Index`=0) OR (`ID`=269178 AND `Index`=0) OR (`ID`=269177 AND `Index`=0) OR (`ID`=269176 AND `Index`=0) OR (`ID`=284536 AND `Index`=0) OR (`ID`=282787 AND `Index`=0) OR (`ID`=282354 AND `Index`=0) OR (`ID`=286343 AND `Index`=0) OR (`ID`=281862 AND `Index`=0) OR (`ID`=280687 AND `Index`=0);
INSERT INTO `quest_visual_effect` (`ID`, `Index`, `VisualEffect`, `VerifiedBuild`) VALUES
(285633, 1, 6254, 26365),
(285633, 0, 5893, 26365),
(285625, 1, 6255, 26365),
(285625, 0, 5892, 26365),
(284321, 0, 5132, 26365),
(280807, 0, 4201, 26365),
(292614, 5, 8177, 26365),
(292614, 4, 8176, 26365),
(292614, 3, 8175, 26365),
(292614, 2, 8174, 26365),
(292614, 1, 8173, 26365),
(292614, 0, 8172, 26365),
(291814, 0, 7624, 26365),
(289603, 0, 2101, 26365),
(289356, 0, 5674, 26365),
(283984, 1, 5693, 26365),
(283984, 0, 5692, 26365),
(284283, 0, 5125, 26365),
(284275, 0, 2100, 26365),
(284274, 0, 2100, 26365),
(284273, 0, 2100, 26365),
(284272, 0, 2100, 26365),
(284271, 0, 2100, 26365),
(269180, 0, 1080, 26365),
(269179, 0, 1079, 26365),
(269178, 0, 1078, 26365),
(269177, 0, 1077, 26365),
(269176, 0, 1076, 26365),
(284536, 0, 5230, 26365),
(282787, 0, 4681, 26365),
(282354, 0, 5408, 26365),
(286343, 0, 4408, 26365),
(281862, 0, 3996, 26365),
(280687, 0, 6244, 26365);


DELETE FROM `creature_template` WHERE `entry` IN (68845 /*68845*/, 109792 /*109792*/, 110125 /*110125*/, 109041 /*109041*/, 111722 /*111722*/, 109804 /*109804*/, 109038 /*109038*/, 109075 /*109075*/, 109583 /*109583*/, 110341 /*110341*/, 113554 /*113554*/, 109164 /*109164*/, 104528 /*104528*/, 112956 /*112956*/, 112973 /*112973*/, 111295 /*111295*/, 112678 /*112678*/, 112664 /*112664*/, 108452 /*108452*/, 89 /*89*/, 104880 /*104880*/, 104688 /*104688*/, 103790 /*103790*/, 112955 /*112955*/, 111303 /*111303*/, 112596 /*112596*/, 112595 /*112595*/, 61945 /*61945*/, 110792 /*110792*/, 107285 /*107285*/, 107584 /*107584*/, 107980 /*107980*/, 107237 /*107237*/, 107694 /*107694*/, 104493 /*104493*/, 102199 /*102199*/, 47244 /*47244*/, 112978 /*112978*/, 26119 /*26119*/, 97285 /*97285*/, 131069 /*131069*/, 84915 /*84915*/, 112767 /*112767*/, 113406 /*113406*/, 116107 /*116107*/, 88708 /*88708*/, 115785 /*115785*/, 113405 /*113405*/, 116518 /*116518*/, 103758 /*103758*/, 113573 /*113573*/, 112803 /*112803*/, 104881 /*104881*/, 111587 /*111587*/, 112655 /*112655*/, 112638 /*112638*/, 112718 /*112718*/, 112660 /*112660*/, 112709 /*112709*/, 113383 /*113383*/, 113128 /*113128*/, 113321 /*113321*/);
INSERT INTO `creature_template` (`entry`, `KillCredit1`, `KillCredit2`, `modelid1`, `modelid2`, `modelid3`, `modelid4`, `name`, `femaleName`, `subname`, `TitleAlt`, `IconName`, `HealthScalingExpansion`, `RequiredExpansion`, `VignetteID`, `rank`, `family`, `type`, `type_flags`, `type_flags2`, `HealthModifier`, `ManaModifier`, `RacialLeader`, `movementId`, `VerifiedBuild`) VALUES
(68845, 0, 0, 47635, 0, 0, 0, 'Nexus Whelpling', '', NULL, NULL, 'wildpetcapturable', 0, 0, 0, 0, 0, 14, 0, 0, 0.01, 1, 0, 100, 26365), -- 68845
(109792, 0, 0, 169, 11686, 0, 0, 'Controlled Chaos Stalker', '', NULL, NULL, NULL, 6, 0, 0, 1, 0, 10, 17826816, 0, 1, 1, 0, 0, 26365), -- 109792
(110125, 0, 0, 58899, 0, 0, 0, 'Toxic Spore', '', NULL, NULL, NULL, 6, 0, 0, 1, 0, 7, 2097260, 0, 10, 1, 0, 104, 26365), -- 110125
(109041, 0, 0, 70824, 0, 0, 0, 'Naturalist Tel\'arn', '', NULL, NULL, NULL, 6, 0, 0, 1, 0, 7, 2097260, 128, 1287, 1, 0, 186, 26365), -- 109041
(111722, 0, 0, 23926, 69708, 0, 0, 'Aluneth', '', NULL, NULL, NULL, 0, 0, 0, 0, 0, 10, 1048576, 0, 1, 1, 0, 0, 26365), -- 111722
(109804, 0, 0, 71214, 0, 0, 0, 'Plasma Sphere', '', NULL, NULL, NULL, 6, 0, 0, 1, 0, 10, 1088, 128, 5, 1, 0, 0, 26365), -- 109804
(109038, 0, 0, 70822, 0, 0, 0, 'Solarist Tel\'arn', '', NULL, NULL, NULL, 6, 0, 0, 1, 0, 7, 2097260, 128, 1287, 1, 0, 186, 26365), -- 109038
(109075, 0, 0, 71423, 0, 0, 0, 'Parasitic Lasher', '', NULL, NULL, NULL, 6, 0, 0, 1, 0, 4, 2097260, 0, 3.4125, 1, 0, 104, 26365), -- 109075
(109583, 0, 0, 169, 11686, 0, 0, 'Solar Collapse Stalker', '', NULL, NULL, NULL, 6, 0, 0, 1, 0, 10, 17826816, 0, 1, 1, 0, 0, 26365), -- 109583
(110341, 0, 0, 169, 44466, 0, 0, 'Arcanist Tel\'arn', '', NULL, NULL, NULL, 6, 0, 0, 1, 0, 10, 1074790472, 0, 400, 1, 0, 144, 26365), -- 110341
(113554, 0, 0, 72850, 0, 0, 0, 'Astral Anomaly', '', NULL, NULL, NULL, 6, 0, 0, 1, 0, 4, 2097224, 0, 5, 1, 0, 181, 26365), -- 113554
(109164, 0, 0, 169, 44466, 0, 0, 'High Botanist Tel\'arn', '', NULL, NULL, NULL, 6, 0, 0, 1, 0, 10, 1074790472, 0, 1287, 1, 0, 144, 26365), -- 109164
(104528, 0, 0, 68963, 0, 0, 0, 'High Botanist Tel\'arn', '', NULL, NULL, NULL, 6, 0, 0, 1, 0, 7, 2097260, 65664, 1287, 1, 0, 186, 26365), -- 104528
(112956, 0, 0, 64304, 0, 0, 0, 'Shimmering Manaspine', '', NULL, NULL, NULL, 6, 0, 0, 1, 0, 1, 2097224, 0, 30, 1, 0, 0, 26365), -- 112956
(112973, 0, 0, 66277, 66586, 0, 0, 'Duskwatch Weaver', '', NULL, NULL, NULL, 6, 0, 0, 1, 0, 7, 2097224, 0, 29, 1, 0, 159, 26365), -- 112973
(111295, 0, 0, 72124, 0, 0, 0, 'Domesticated Manasaber', '', NULL, NULL, NULL, 6, 0, 0, 1, 2, 1, 2097224, 0, 25, 1, 0, 0, 26365), -- 111295
(112678, 0, 0, 66275, 66589, 0, 0, 'Shal\'dorei Naturalist', '', NULL, NULL, NULL, 6, 0, 0, 1, 0, 7, 2097224, 0, 29, 1, 0, 159, 26365), -- 112678
(112664, 0, 0, 72199, 0, 0, 0, 'Arc Well', '', NULL, NULL, NULL, 6, 0, 0, 1, 0, 10, 2097224, 0, 3, 1, 0, 0, 26365), -- 112664
(108452, 0, 0, 72117, 70544, 72978, 0, 'Infernal', '', NULL, NULL, NULL, 6, 0, 0, 0, 108, 3, 0, 16, 1, 1, 0, 121, 26365), -- 108452
(89, 0, 0, 72978, 0, 0, 0, 'Infernal', '', NULL, NULL, NULL, 4, 0, 0, 0, 108, 3, 0, 1, 1, 1, 0, 121, 26365), -- 89
(104880, 0, 0, 73210, 0, 0, 0, 'Thing That Should Not Be', '', NULL, NULL, NULL, 6, 0, 0, 1, 0, 15, 2097224, 128, 116.592, 1, 0, 0, 26365), -- 104880
(104688, 0, 0, 21487, 0, 0, 0, 'Voidling', '', NULL, NULL, NULL, 6, 0, 0, 1, 0, 15, 2097224, 0, 5, 1, 0, 0, 26365), -- 104688
(103790, 0, 0, 11686, 0, 0, 0, 'Coronal Ejection', '', NULL, NULL, NULL, 6, 0, 0, 0, 0, 10, 1048576, 128, 1, 1, 0, 0, 26365), -- 103790
(112955, 0, 0, 19285, 0, 0, 0, 'Shadescale Wyrm', '', NULL, NULL, NULL, 6, 0, 0, 1, 0, 1, 2097224, 0, 20, 1, 0, 0, 26365), -- 112955
(111303, 0, 0, 66275, 66589, 0, 0, 'Nightborne Sage', '', NULL, NULL, NULL, 6, 0, 0, 1, 0, 7, 2097224, 0, 29, 1, 0, 159, 26365), -- 111303
(112596, 0, 0, 69435, 0, 0, 0, 'Duskwatch Warden', '', NULL, NULL, NULL, 6, 0, 0, 1, 0, 7, 2097224, 0, 42, 1, 0, 159, 26365), -- 112596
(112595, 0, 0, 66266, 0, 0, 0, 'Shal\'dorei Archmage', '', NULL, NULL, NULL, 6, 0, 0, 1, 0, 7, 2097224, 0, 29, 1, 0, 159, 26365), -- 112595
(61945, 0, 0, 42065, 42447, 42448, 0, 'Gurthan Iron Maw', '', NULL, NULL, NULL, 4, 0, 0, 1, 128, 1, 2162761, 0, 3, 1, 0, 0, 26365), -- 61945
(110792, 0, 0, 65834, 0, 0, 0, 'Archmage Khadgar', '', 'Leader of the Kirin Tor', NULL, NULL, 6, 0, 0, 1, 0, 7, 2101320, 0, 200, 80, 0, 0, 26365), -- 110792
(107285, 0, 0, 1204, 0, 0, 0, 'Fiery Enchantment', '', NULL, NULL, NULL, 6, 0, 0, 1, 0, 4, 2097224, 128, 5.184, 0.009542, 0, 178, 26365), -- 107285
(107584, 0, 0, 46710, 20324, 0, 0, 'Searing Brand', '', NULL, NULL, NULL, 6, 0, 0, 1, 0, 4, 2097224, 0, 25, 0.009542, 0, 178, 26365), -- 107584
(107980, 0, 0, 70367, 0, 0, 0, 'Spellblade Aluriel', '', 'Captain of the Magistrix\'s Guard', NULL, NULL, 6, 0, 0, 1, 0, 7, 270532716, 0, 450, 0.000338862, 0, 169, 26365), -- 107980
(107237, 0, 0, 69885, 0, 0, 0, 'Icy Enchantment', '', NULL, NULL, NULL, 6, 0, 0, 1, 0, 4, 2097224, 128, 6.9984, 0.009542, 0, 206, 26365), -- 107237
(107694, 0, 0, 46710, 169, 0, 0, 'Mark of Frost', '', NULL, NULL, NULL, 6, 0, 0, 1, 0, 4, 2097224, 0, 25, 0.009542, 0, 978, 26365), -- 107694
(104493, 0, 0, 4768, 0, 0, 0, 'Spitting Cobra', '', NULL, NULL, NULL, 0, 0, 0, 0, 0, 1, 0, 0, 1, 1, 0, 0, 26365), -- 104493
(102199, 0, 0, 5561, 38615, 0, 0, 'Stampede', '', NULL, NULL, NULL, 1, 0, 0, 0, 0, 10, 1074790400, 0, 0.01, 1, 0, 0, 26365), -- 102199
(47244, 0, 0, 11686, 0, 0, 0, 'Mirror Image', '', NULL, NULL, NULL, 2, 0, 0, 0, 0, 7, 16777216, 0, 0.3, 1, 0, 0, 26365), -- 47244
(112978, 0, 0, 72509, 72526, 72528, 0, 'Elemental Raptor', '', NULL, NULL, NULL, 2, 0, 0, 0, 0, 1, 0, 0, 1, 1, 0, 191, 26365), -- 112978
(26119, 0, 0, 23574, 0, 0, 0, 'Phoenix Hatchling', '', NULL, NULL, NULL, 0, 0, 0, 0, 0, 12, 0, 0, 1, 1, 0, 121, 26365), -- 26119
(97285, 0, 0, 4590, 0, 0, 0, 'Wind Rush Totem', '', NULL, NULL, NULL, -1, 0, 0, 0, 0, 11, 0, 0, 1.1, 1, 0, 0, 26365), -- 97285
(131069, 0, 0, 61927, 0, 0, 0, 'Manasaber', '', NULL, NULL, NULL, 0, 0, 0, 0, 2, 1, 1, 0, 1, 1, 0, 0, 26365), -- 131069
(84915, 0, 0, 58570, 0, 0, 0, 'Molten Corgi', '', NULL, NULL, NULL, 0, 0, 0, 0, 0, 12, 0, 0, 1, 1, 0, 121, 26365), -- 84915
(112767, 0, 0, 41371, 17200, 0, 0, 'Star Shooting Stalker', '', NULL, NULL, NULL, 6, 0, 0, 0, 0, 10, 0, 0, 1, 1, 0, 0, 26365), -- 112767
(113406, 0, 0, 70079, 70080, 70038, 70082, 'Manaflush Noble', '', NULL, NULL, NULL, 6, 0, 0, 1, 0, 7, 2097224, 0, 29, 1, 0, 159, 26365), -- 113406
(116107, 0, 0, 61717, 0, 0, 0, 'Murky', '', NULL, NULL, NULL, 6, 0, 0, 6, 0, 7, 0, 0, 3, 1, 0, 0, 26365), -- 116107
(88708, 0, 0, 55831, 0, 0, 0, 'Gara', '', NULL, NULL, NULL, 5, 0, 0, 0, 46, 1, 65537, 0, 1, 1, 0, 0, 26365), -- 88708
(115785, 0, 0, 70070, 0, 0, 0, 'Direbeak Hatchling', '', NULL, NULL, NULL, 0, 0, 0, 0, 0, 12, 0, 0, 1, 1, 0, 0, 26365), -- 115785
(113405, 0, 0, 41371, 17200, 0, 0, 'Frenzy Stalker', '', NULL, NULL, NULL, 6, 0, 0, 0, 0, 10, 1049600, 16, 1, 1, 0, 0, 26365), -- 113405
(116518, 117099, 0, 5047, 0, 0, 0, 'Felguard Legionnaire', '', NULL, NULL, NULL, 6, 0, 0, 0, 0, 3, 0, 0, 3, 1, 0, 0, 26365), -- 116518
(103758, 0, 0, 68378, 0, 0, 0, 'Star Augur Etraeus', '', NULL, NULL, NULL, 6, 0, 0, 1, 0, 7, 2097260, 128, 1094.4, 1, 0, 0, 26365), -- 103758
(113573, 111890, 0, 63596, 0, 0, 0, 'Cliffclutch Thornwitch', '', NULL, NULL, NULL, 6, 0, 0, 0, 0, 7, 0, 0, 1, 1, 0, 0, 26365), -- 113573
(112803, 0, 0, 72342, 0, 0, 0, 'Astrologer Jarin', '', NULL, NULL, NULL, 6, 0, 0, 1, 0, 7, 2097224, 0, 40, 1, 0, 0, 26365), -- 112803
(104881, 0, 0, 70243, 0, 0, 0, 'Spellblade Aluriel', '', 'Captain of the Magistrix\'s Guard', NULL, NULL, 6, 0, 0, 1, 0, 7, 270532716, 128, 405, 0.000288033, 0, 203, 26365), -- 104881
(111587, 0, 0, 70548, 0, 0, 0, 'Nether Elemental', '', NULL, NULL, NULL, 6, 0, 0, 1, 0, 4, 2097224, 0, 20, 1, 0, 0, 26365), -- 111587
(112655, 0, 0, 72145, 0, 0, 0, 'Celestial Acolyte', '', NULL, NULL, NULL, 6, 0, 0, 1, 0, 7, 2097224, 0, 25, 1, 0, 0, 26365), -- 112655
(112638, 0, 0, 72131, 0, 0, 0, 'Astral Defender', '', NULL, NULL, NULL, 6, 0, 0, 1, 0, 7, 2097224, 0, 25, 1, 0, 0, 26365), -- 112638
(112718, 0, 0, 72773, 0, 0, 0, 'Sidereal Familiar', '', NULL, NULL, NULL, 6, 0, 0, 1, 0, 4, 2097224, 0, 20, 1, 0, 0, 26365), -- 112718
(112660, 0, 0, 70079, 70080, 70038, 70082, 'Nighthold Citizen', '', NULL, NULL, NULL, 6, 0, 0, 1, 0, 7, 2097224, 0, 29, 1, 0, 159, 26365), -- 112660
(112709, 0, 0, 72201, 67340, 0, 0, 'Promenade Guard', '', NULL, NULL, NULL, 6, 0, 0, 1, 0, 7, 2097224, 0, 10, 1, 0, 186, 26365), -- 112709
(113383, 0, 0, 72161, 72162, 72164, 72163, 'Fallen Defender', '', NULL, NULL, NULL, 6, 0, 0, 1, 0, 7, 64, 0, 29, 1, 0, 0, 26365), -- 113383
(113128, 0, 0, 70161, 71176, 0, 0, 'Withered Skulker', '', NULL, NULL, NULL, 6, 0, 0, 1, 0, 7, 2097224, 0, 10, 1, 0, 181, 26365), -- 113128
(113321, 0, 0, 70279, 70160, 0, 0, 'Shambling Hungerer', '', NULL, NULL, NULL, 6, 0, 0, 1, 0, 7, 2097224, 0, 15, 1, 0, 0, 26365); -- 113321


DELETE FROM `creature_questitem` WHERE (`CreatureEntry`=112956 AND `Idx`=1) OR (`CreatureEntry`=112956 AND `Idx`=0) OR (`CreatureEntry`=116518 AND `Idx`=0) OR (`CreatureEntry`=113573 AND `Idx`=0);
INSERT INTO `creature_questitem` (`CreatureEntry`, `Idx`, `ItemId`, `VerifiedBuild`) VALUES
(112956, 1, 129894, 26365), -- 112956
(112956, 0, 129894, 26365), -- 112956
(116518, 0, 147282, 26365), -- 116518
(113573, 0, 132881, 26365); -- 113573


DELETE FROM `gameobject_template` WHERE `entry` IN (256883 /*256883*/, 256882 /*256882*/, 256881 /*256881*/, 256880 /*256880*/, 256879 /*256879*/, 256878 /*256878*/, 256877 /*256877*/, 256876 /*256876*/, 256903 /*256903*/, 256902 /*256902*/, 256875 /*256875*/, 256873 /*256873*/, 256901 /*256901*/, 256874 /*256874*/, 256885 /*256885*/, 256884 /*256884*/, 256887 /*256887*/, 256886 /*256886*/, 253128 /*253128*/, 251832 /*251832*/, 251833 /*251833*/, 243403 /*243403*/);
INSERT INTO `gameobject_template` (`entry`, `type`, `displayId`, `name`, `IconName`, `castBarCaption`, `unk1`, `size`, `Data0`, `Data1`, `Data2`, `Data3`, `Data4`, `Data5`, `Data6`, `Data7`, `Data8`, `Data9`, `Data10`, `Data11`, `Data12`, `Data13`, `Data14`, `Data15`, `Data16`, `Data17`, `Data18`, `Data19`, `Data20`, `Data21`, `Data22`, `Data23`, `Data24`, `Data25`, `Data26`, `Data27`, `Data28`, `Data29`, `Data30`, `Data31`, `Data32`, `RequiredLevel`, `VerifiedBuild`) VALUES
(256883, 7, 34334, 'Chair', '', '', '', 1, 1, 1, 0, 0, 0, 0, 0, 0, 0, 0, 0, 0, 0, 0, 0, 0, 0, 0, 0, 0, 0, 0, 0, 0, 0, 0, 0, 0, 0, 0, 0, 0, 0, 0, 26365), -- 256883
(256882, 7, 34334, 'Chair', '', '', '', 1, 1, 1, 0, 0, 0, 0, 0, 0, 0, 0, 0, 0, 0, 0, 0, 0, 0, 0, 0, 0, 0, 0, 0, 0, 0, 0, 0, 0, 0, 0, 0, 0, 0, 0, 26365), -- 256882
(256881, 7, 34334, 'Chair', '', '', '', 1, 1, 1, 0, 0, 0, 0, 0, 0, 0, 0, 0, 0, 0, 0, 0, 0, 0, 0, 0, 0, 0, 0, 0, 0, 0, 0, 0, 0, 0, 0, 0, 0, 0, 0, 26365), -- 256881
(256880, 7, 34334, 'Chair', '', '', '', 1, 1, 1, 0, 0, 0, 0, 0, 0, 0, 0, 0, 0, 0, 0, 0, 0, 0, 0, 0, 0, 0, 0, 0, 0, 0, 0, 0, 0, 0, 0, 0, 0, 0, 0, 26365), -- 256880
(256879, 7, 34334, 'Chair', '', '', '', 1, 1, 1, 0, 0, 0, 0, 0, 0, 0, 0, 0, 0, 0, 0, 0, 0, 0, 0, 0, 0, 0, 0, 0, 0, 0, 0, 0, 0, 0, 0, 0, 0, 0, 0, 26365), -- 256879
(256878, 7, 34334, 'Chair', '', '', '', 1, 1, 1, 0, 0, 0, 0, 0, 0, 0, 0, 0, 0, 0, 0, 0, 0, 0, 0, 0, 0, 0, 0, 0, 0, 0, 0, 0, 0, 0, 0, 0, 0, 0, 0, 26365), -- 256878
(256877, 7, 34334, 'Chair', '', '', '', 1, 1, 1, 0, 0, 0, 0, 0, 0, 0, 0, 0, 0, 0, 0, 0, 0, 0, 0, 0, 0, 0, 0, 0, 0, 0, 0, 0, 0, 0, 0, 0, 0, 0, 0, 26365), -- 256877
(256876, 7, 34334, 'Chair', '', '', '', 1, 1, 1, 0, 0, 0, 0, 0, 0, 0, 0, 0, 0, 0, 0, 0, 0, 0, 0, 0, 0, 0, 0, 0, 0, 0, 0, 0, 0, 0, 0, 0, 0, 0, 0, 26365), -- 256876
(256903, 7, 34334, 'Chair', '', '', '', 1, 1, 1, 0, 0, 0, 0, 0, 0, 0, 0, 0, 0, 0, 0, 0, 0, 0, 0, 0, 0, 0, 0, 0, 0, 0, 0, 0, 0, 0, 0, 0, 0, 0, 0, 26365), -- 256903
(256902, 7, 34334, 'Chair', '', '', '', 1, 1, 1, 0, 0, 0, 0, 0, 0, 0, 0, 0, 0, 0, 0, 0, 0, 0, 0, 0, 0, 0, 0, 0, 0, 0, 0, 0, 0, 0, 0, 0, 0, 0, 0, 26365), -- 256902
(256875, 7, 34334, 'Chair', '', '', '', 1, 1, 1, 0, 0, 0, 0, 0, 0, 0, 0, 0, 0, 0, 0, 0, 0, 0, 0, 0, 0, 0, 0, 0, 0, 0, 0, 0, 0, 0, 0, 0, 0, 0, 0, 26365), -- 256875
(256873, 7, 34334, 'Chair', '', '', '', 1, 1, 1, 0, 0, 0, 0, 0, 0, 0, 0, 0, 0, 0, 0, 0, 0, 0, 0, 0, 0, 0, 0, 0, 0, 0, 0, 0, 0, 0, 0, 0, 0, 0, 0, 26365), -- 256873
(256901, 7, 34334, 'Chair', '', '', '', 1, 1, 1, 0, 0, 0, 0, 0, 0, 0, 0, 0, 0, 0, 0, 0, 0, 0, 0, 0, 0, 0, 0, 0, 0, 0, 0, 0, 0, 0, 0, 0, 0, 0, 0, 26365), -- 256901
(256874, 7, 34334, 'Chair', '', '', '', 1, 1, 1, 0, 0, 0, 0, 0, 0, 0, 0, 0, 0, 0, 0, 0, 0, 0, 0, 0, 0, 0, 0, 0, 0, 0, 0, 0, 0, 0, 0, 0, 0, 0, 0, 26365), -- 256874
(256885, 7, 34334, 'Chair', '', '', '', 1, 1, 1, 0, 0, 0, 0, 0, 0, 0, 0, 0, 0, 0, 0, 0, 0, 0, 0, 0, 0, 0, 0, 0, 0, 0, 0, 0, 0, 0, 0, 0, 0, 0, 0, 26365), -- 256885
(256884, 7, 34334, 'Chair', '', '', '', 1, 1, 1, 0, 0, 0, 0, 0, 0, 0, 0, 0, 0, 0, 0, 0, 0, 0, 0, 0, 0, 0, 0, 0, 0, 0, 0, 0, 0, 0, 0, 0, 0, 0, 0, 26365), -- 256884
(256887, 7, 34334, 'Chair', '', '', '', 1, 1, 1, 0, 0, 0, 0, 0, 0, 0, 0, 0, 0, 0, 0, 0, 0, 0, 0, 0, 0, 0, 0, 0, 0, 0, 0, 0, 0, 0, 0, 0, 0, 0, 0, 26365), -- 256887
(256886, 7, 34334, 'Chair', '', '', '', 1, 1, 1, 0, 0, 0, 0, 0, 0, 0, 0, 0, 0, 0, 0, 0, 0, 0, 0, 0, 0, 0, 0, 0, 0, 0, 0, 0, 0, 0, 0, 0, 0, 0, 0, 26365), -- 256886
(253128, 5, 6450, 'Instance Portal', '', '', '', 2, 0, 0, 0, 1, 0, 0, 0, 0, 0, 0, 0, 0, 0, 0, 0, 0, 0, 0, 0, 0, 0, 0, 0, 0, 0, 0, 0, 0, 0, 0, 0, 0, 0, 0, 26365), -- 253128
(251832, 0, 35503, 'Botanist Door Right', '', '', '', 1, 1, 0, 0, 0, 0, 0, 1, 0, 0, 0, 1, 0, 0, 0, 0, 0, 0, 0, 0, 0, 0, 0, 0, 0, 0, 0, 0, 0, 0, 0, 0, 0, 0, 0, 26365), -- 251832
(251833, 0, 35504, 'Botanist Door Left', '', '', '', 1, 1, 0, 0, 0, 0, 0, 1, 0, 0, 0, 1, 0, 0, 0, 0, 0, 0, 0, 0, 0, 0, 0, 0, 0, 0, 0, 0, 0, 0, 0, 0, 0, 0, 0, 26365), -- 251833
(243403, 0, 6391, 'Collision Wall', '', '', '', 2, 0, 0, 0, 0, 0, 0, 0, 0, 0, 0, 0, 0, 0, 0, 0, 0, 0, 0, 0, 0, 0, 0, 0, 0, 0, 0, 0, 0, 0, 0, 0, 0, 0, 0, 26365); -- 243403


DELETE FROM `npc_text` WHERE `ID` IN (30511 /*30511*/, 30513 /*30513*/);
INSERT INTO `npc_text` (`ID`, `Probability0`, `Probability1`, `Probability2`, `Probability3`, `Probability4`, `Probability5`, `Probability6`, `Probability7`, `BroadcastTextId0`, `BroadcastTextId1`, `BroadcastTextId2`, `BroadcastTextId3`, `BroadcastTextId4`, `BroadcastTextId5`, `BroadcastTextId6`, `BroadcastTextId7`, `VerifiedBuild`) VALUES
(30511, 1, 1, 1, 0, 0, 0, 0, 0, 122444, 122445, 122447, 0, 0, 0, 0, 0, 26365), -- 30511
(30513, 1, 1, 1, 0, 0, 0, 0, 0, 122449, 122450, 122453, 0, 0, 0, 0, 0, 26365); -- 30513


