DELETE FROM `creature_template_addon` WHERE `entry` IN (45029 /*45029*/, 53081 /*53081*/, 44978 /*44978*/, 3400 /*3400*/, 3399 /*3399*/, 45008 /*45008*/, 44975 /*44975*/, 45139 /*45139*/, 7311 /*7311*/, 45137 /*45137 - 84401*/, 30706 /*30706*/, 30723 /*30723*/, 16926 /*16926 - 258396*/, 16909 /*16909 - 258395*/, 45211 /*45211 - 75230*/, 45138 /*45138 - 45104*/, 141707 /*141707*/, 133239 /*133239*/, 133108 /*133108*/, 133153 /*133153*/, 14376 /*14376 - 18950*/, 45025 /*45025*/, 45019 /*45019*/, 45023 /*45023*/, 133236 /*133236*/, 133168 /*133168 - 261896, 261964*/, 46078 /*46078 - 10022*/, 133114 /*133114*/, 45545 /*45545*/, 45015 /*45015*/, 45565 /*45565*/, 133109 /*133109*/, 133127 /*133127*/, 45659 /*45659*/, 140462 /*140462*/, 45822 /*45822*/, 133228 /*133228*/, 126062 /*126062 - 165746*/, 125285 /*125285*/, 46080 /*46080*/, 30611 /*30611 - 18950*/, 45566 /*45566*/, 52036 /*52036*/, 89713 /*89713 - 46598*/, 133276 /*133276 - 262756, 188729*/, 69978 /*69978*/, 69977 /*69977*/, 133519 /*133519*/, 54657 /*54657*/, 126065 /*126065*/, 52033 /*52033*/, 45347 /*45347*/, 63086 /*63086*/, 133523 /*133523*/, 12789 /*12789*/, 133521 /*133521*/, 46082 /*46082*/, 133271 /*133271*/, 42548 /*42548*/, 133522 /*133522*/, 48510 /*48510*/, 126066 /*126066*/, 12793 /*12793*/, 45814 /*45814*/, 46754 /*46754*/, 12795 /*12795*/, 63085 /*63085*/, 46755 /*46755*/, 29929 /*29929*/, 48513 /*48513*/, 12791 /*12791*/, 12790 /*12790*/, 133186 /*133186*/, 12798 /*12798*/, 12797 /*12797*/, 12794 /*12794*/, 19850 /*19850*/, 133104 /*133104*/, 45563 /*45563*/, 133261 /*133261*/, 133218 /*133218*/, 133270 /*133270*/, 44853 /*44853*/, 37072 /*37072*/, 46512 /*46512*/, 46358 /*46358*/, 73151 /*73151*/, 3319 /*3319*/, 46357 /*46357*/, 12796 /*12796*/, 46359 /*46359*/, 44878 /*44878*/, 139093 /*139093*/, 55054 /*55054 - 94223*/, 140210 /*140210*/, 52382 /*52382 - 94223*/, 134711 /*134711*/, 42637 /*42637 - 49414*/, 6929 /*6929*/, 135202 /*135202*/, 5614 /*5614*/, 5613 /*5613*/, 137762 /*137762*/, 3370 /*3370*/, 46572 /*46572*/, 51195 /*51195*/, 5188 /*5188*/, 3314 /*3314*/, 49750 /*49750*/, 32642 /*32642 - 61424*/, 32641 /*32641 - 61424*/, 15476 /*15476*/, 49131 /*49131*/, 93223 /*93223 - 224469*/, 63626 /*63626*/, 51346 /*51346*/, 14881 /*14881*/, 38821 /*38821*/, 62115 /*62115*/, 5639 /*5639*/, 88703 /*88703*/, 3331 /*3331*/, 32520 /*32520*/, 62114 /*62114*/, 14375 /*14375 - 18950*/, 49743 /*49743*/, 62194 /*62194*/, 47248 /*47248 - 79849*/, 28960 /*28960*/, 47246 /*47246*/, 3329 /*3329*/, 45339 /*45339*/, 44868 /*44868*/, 47247 /*47247 - 79865*/, 58155 /*58155*/, 46142 /*46142 - 18950*/, 44871 /*44871*/, 49622 /*49622*/, 35068 /*35068*/, 46556 /*46556*/, 3342 /*3342*/, 44866 /*44866*/, 10880 /*10880*/, 4047 /*4047*/, 46555 /*46555*/, 52034 /*52034*/, 47571 /*47571 - 10022*/, 44872 /*44872*/, 89830 /*89830*/, 133185 /*133185*/, 44867 /*44867*/, 45337 /*45337*/, 3144 /*3144*/, 44865 /*44865*/, 135201 /*135201*/, 133209 /*133209*/, 3312 /*3312*/, 46140 /*46140*/, 23128 /*23128*/, 27489 /*27489*/, 17098 /*17098*/, 49837 /*49837*/, 62198 /*62198*/, 72559 /*72559 - 55701*/, 141119 /*141119*/, 3296 /*3296*/, 74228 /*74228*/, 44338 /*44338*/, 3323 /*3323*/);
INSERT INTO `creature_template_addon` (`entry`, `path_id`, `mount`, `bytes1`, `bytes2`, `emote`, `aiAnimKit`, `movementAnimKit`, `meleeAnimKit`, `auras`) VALUES
(45029, 0, 0, 0, 257, 0, 0, 0, 0, ''), -- 45029
(53081, 0, 0, 0, 1, 0, 0, 0, 0, ''), -- 53081
(44978, 0, 0, 1, 257, 0, 0, 0, 0, ''), -- 44978
(3400, 0, 0, 0, 257, 0, 0, 0, 0, ''), -- 3400
(3399, 0, 0, 0, 257, 0, 0, 0, 0, ''), -- 3399
(45008, 0, 0, 0, 257, 0, 0, 0, 0, ''), -- 45008
(44975, 0, 0, 0, 257, 0, 0, 0, 0, ''), -- 44975
(45139, 0, 0, 0, 257, 0, 0, 0, 0, ''), -- 45139
(7311, 0, 0, 0, 257, 0, 0, 0, 0, ''), -- 7311
(45137, 0, 0, 0, 257, 0, 0, 0, 0, '84401'), -- 45137 - 84401
(30706, 0, 0, 0, 257, 0, 0, 0, 0, ''), -- 30706
(30723, 0, 0, 0, 257, 0, 0, 0, 0, ''), -- 30723
(16926, 0, 0, 0, 1, 0, 0, 0, 0, '258396'), -- 16926 - 258396
(16909, 0, 0, 0, 1, 0, 0, 0, 0, '258395'), -- 16909 - 258395
(45211, 0, 0, 0, 1, 0, 0, 0, 0, '75230'), -- 45211 - 75230
(45138, 0, 0, 0, 257, 0, 0, 0, 0, '45104'), -- 45138 - 45104
(141707, 0, 1566, 50331648, 1, 0, 0, 0, 0, ''), -- 141707
(133239, 0, 0, 0, 1, 0, 0, 0, 0, ''), -- 133239
(133108, 0, 0, 0, 1, 0, 0, 0, 0, ''), -- 133108
(133153, 0, 0, 1, 1, 0, 0, 0, 0, ''), -- 133153
(14376, 0, 0, 0, 257, 0, 0, 0, 0, '18950'), -- 14376 - 18950
(45025, 0, 0, 1, 1, 0, 0, 0, 0, ''), -- 45025
(45019, 0, 0, 0, 257, 0, 0, 0, 0, ''), -- 45019
(45023, 0, 0, 0, 258, 0, 0, 0, 0, ''), -- 45023
(133236, 0, 0, 0, 257, 0, 0, 0, 0, ''), -- 133236
(133168, 0, 0, 0, 257, 0, 0, 0, 0, '261896 261964'), -- 133168 - 261896, 261964
(46078, 0, 0, 0, 256, 0, 0, 0, 0, '10022'), -- 46078 - 10022
(133114, 0, 0, 0, 1, 0, 0, 0, 0, ''), -- 133114
(45545, 0, 0, 0, 1, 0, 0, 0, 0, ''), -- 45545
(45015, 0, 0, 1, 256, 0, 0, 0, 0, ''), -- 45015
(45565, 0, 0, 0, 257, 0, 0, 0, 0, ''), -- 45565
(133109, 0, 0, 0, 1, 0, 0, 0, 0, ''), -- 133109
(133127, 0, 0, 0, 1, 0, 0, 0, 0, ''), -- 133127
(45659, 0, 0, 0, 257, 0, 0, 0, 0, ''), -- 45659
(140462, 0, 0, 1, 257, 0, 0, 0, 0, ''), -- 140462
(45822, 0, 0, 0, 256, 0, 0, 0, 0, ''), -- 45822
(133228, 0, 0, 0, 1, 0, 0, 0, 0, ''), -- 133228
(126062, 0, 0, 0, 0, 0, 0, 0, 0, '165746'), -- 126062 - 165746
(125285, 0, 0, 0, 0, 0, 0, 0, 0, ''), -- 125285
(46080, 0, 0, 0, 257, 0, 0, 0, 0, ''), -- 46080
(30611, 0, 0, 0, 257, 0, 0, 0, 0, '18950'), -- 30611 - 18950
(45566, 0, 0, 0, 257, 0, 0, 0, 0, ''), -- 45566
(52036, 0, 0, 0, 1, 0, 0, 0, 0, ''), -- 52036
(89713, 0, 0, 0, 1, 0, 0, 0, 0, '46598'), -- 89713 - 46598
(133276, 0, 0, 0, 1, 0, 0, 0, 0, '262756 188729'), -- 133276 - 262756, 188729
(69978, 0, 0, 0, 0, 0, 0, 0, 0, ''), -- 69978
(69977, 0, 0, 0, 0, 0, 0, 0, 0, ''), -- 69977
(133519, 0, 0, 1, 1, 0, 0, 0, 0, ''), -- 133519
(54657, 0, 0, 0, 0, 0, 0, 0, 0, ''), -- 54657
(126065, 0, 0, 0, 0, 0, 0, 0, 0, ''), -- 126065
(52033, 0, 0, 0, 1, 0, 0, 0, 0, ''), -- 52033
(45347, 0, 0, 0, 257, 0, 0, 0, 0, ''), -- 45347
(63086, 0, 0, 0, 257, 0, 0, 0, 0, ''), -- 63086
(133523, 0, 0, 1, 1, 0, 0, 0, 0, ''), -- 133523
(12789, 0, 0, 0, 256, 0, 0, 0, 0, ''), -- 12789
(133521, 0, 0, 8, 1, 0, 0, 0, 0, ''), -- 133521
(46082, 0, 0, 0, 257, 0, 0, 0, 0, ''), -- 46082
(133271, 0, 0, 0, 0, 0, 0, 0, 0, ''), -- 133271
(42548, 0, 0, 0, 1, 0, 0, 0, 0, ''), -- 42548
(133522, 0, 0, 0, 1, 0, 0, 0, 0, ''), -- 133522
(48510, 0, 0, 0, 257, 0, 0, 0, 0, ''), -- 48510
(126066, 0, 0, 0, 0, 0, 0, 0, 0, ''), -- 126066
(12793, 0, 0, 0, 0, 0, 0, 0, 0, ''), -- 12793
(45814, 0, 0, 0, 257, 0, 0, 0, 0, ''), -- 45814
(46754, 0, 0, 0, 1, 0, 0, 0, 0, ''), -- 46754
(12795, 0, 0, 0, 0, 0, 0, 0, 0, ''), -- 12795
(63085, 0, 0, 0, 1, 0, 0, 0, 0, ''), -- 63085
(46755, 0, 0, 0, 1, 0, 0, 0, 0, ''), -- 46755
(29929, 0, 0, 0, 1, 0, 0, 0, 0, ''), -- 29929
(48513, 0, 0, 0, 257, 0, 0, 0, 0, ''), -- 48513
(12791, 0, 0, 0, 258, 0, 0, 0, 0, ''), -- 12791
(12790, 0, 0, 0, 257, 0, 0, 0, 0, ''), -- 12790
(133186, 0, 0, 0, 0, 0, 0, 0, 0, ''), -- 133186
(12798, 0, 0, 0, 257, 0, 0, 0, 0, ''), -- 12798
(12797, 0, 0, 0, 257, 0, 0, 0, 0, ''), -- 12797
(12794, 0, 0, 0, 0, 0, 0, 0, 0, ''), -- 12794
(19850, 0, 0, 0, 257, 0, 0, 0, 0, ''), -- 19850
(133104, 0, 0, 0, 257, 0, 0, 0, 0, ''), -- 133104
(45563, 0, 0, 0, 257, 0, 0, 0, 0, ''), -- 45563
(133261, 0, 0, 0, 257, 0, 0, 0, 0, ''), -- 133261
(133218, 0, 0, 0, 0, 0, 0, 0, 0, ''), -- 133218
(133270, 0, 0, 0, 1, 0, 0, 0, 0, ''), -- 133270
(44853, 0, 0, 0, 257, 0, 0, 0, 0, ''), -- 44853
(37072, 0, 0, 0, 257, 0, 0, 0, 0, ''), -- 37072
(46512, 0, 0, 0, 256, 0, 0, 0, 0, ''), -- 46512
(46358, 0, 0, 0, 257, 0, 0, 0, 0, ''), -- 46358
(73151, 0, 51048, 0, 0, 0, 0, 0, 0, ''), -- 73151
(3319, 0, 0, 0, 256, 0, 0, 0, 0, ''), -- 3319
(46357, 0, 0, 0, 257, 0, 0, 0, 0, ''), -- 46357
(12796, 0, 14334, 0, 0, 0, 0, 0, 0, ''), -- 12796
(46359, 0, 0, 0, 257, 0, 0, 0, 0, ''), -- 46359
(44878, 0, 0, 0, 257, 0, 0, 0, 0, ''), -- 44878
(139093, 0, 0, 0, 1, 0, 0, 0, 0, ''), -- 139093
(55054, 0, 0, 65536, 1, 0, 0, 0, 0, '94223'), -- 55054 - 94223
(140210, 0, 0, 50331648, 1, 0, 0, 0, 0, ''), -- 140210
(52382, 0, 0, 33619968, 1, 0, 0, 0, 0, '94223'), -- 52382 - 94223
(134711, 0, 0, 0, 256, 0, 0, 0, 0, ''), -- 134711
(42637, 0, 0, 65536, 257, 0, 0, 0, 0, '49414'), -- 42637 - 49414
(6929, 0, 0, 0, 257, 0, 0, 0, 0, ''), -- 6929
(135202, 0, 0, 0, 1, 0, 0, 0, 0, ''), -- 135202
(5614, 0, 0, 0, 257, 0, 0, 0, 0, ''), -- 5614
(5613, 0, 0, 0, 257, 0, 0, 0, 0, ''), -- 5613
(137762, 0, 0, 0, 1, 0, 0, 0, 0, ''), -- 137762
(3370, 0, 0, 0, 257, 0, 0, 0, 0, ''), -- 3370
(46572, 0, 0, 0, 257, 0, 0, 0, 0, ''), -- 46572
(51195, 0, 0, 0, 1, 0, 0, 0, 0, ''), -- 51195
(5188, 0, 0, 0, 256, 0, 0, 0, 0, ''), -- 5188
(3314, 0, 0, 0, 257, 0, 0, 0, 0, ''), -- 3314
(49750, 0, 0, 0, 1, 0, 0, 0, 0, ''), -- 49750
(32642, 0, 0, 0, 1, 0, 0, 0, 0, '61424'), -- 32642 - 61424
(32641, 0, 0, 0, 1, 0, 0, 0, 0, '61424'), -- 32641 - 61424
(15476, 0, 0, 0, 1, 0, 0, 0, 0, ''), -- 15476
(49131, 0, 0, 0, 1, 0, 0, 0, 0, ''), -- 49131
(93223, 0, 0, 0, 1, 0, 0, 0, 0, '224469'), -- 93223 - 224469
(63626, 0, 0, 0, 1, 0, 0, 0, 0, ''), -- 63626
(51346, 0, 17719, 50331648, 257, 0, 0, 0, 0, ''), -- 51346
(14881, 0, 0, 0, 1, 0, 0, 0, 0, ''), -- 14881
(38821, 0, 0, 0, 1, 0, 0, 0, 0, ''), -- 38821
(62115, 0, 0, 0, 1, 0, 0, 0, 0, ''), -- 62115
(5639, 0, 0, 0, 257, 0, 0, 0, 0, ''), -- 5639
(88703, 0, 0, 0, 257, 0, 0, 0, 0, ''), -- 88703
(3331, 0, 0, 0, 257, 0, 0, 0, 0, ''), -- 3331
(32520, 0, 0, 0, 1, 0, 0, 0, 0, ''), -- 32520
(62114, 0, 0, 0, 1, 0, 0, 0, 0, ''), -- 62114
(14375, 0, 0, 0, 257, 0, 0, 0, 0, '18950'), -- 14375 - 18950
(49743, 0, 0, 0, 1, 0, 0, 0, 0, ''), -- 49743
(62194, 0, 0, 0, 257, 0, 0, 0, 0, ''), -- 62194
(47248, 0, 0, 0, 257, 0, 0, 0, 0, '79849'), -- 47248 - 79849
(28960, 0, 0, 0, 1, 0, 0, 0, 0, ''), -- 28960
(47246, 0, 0, 0, 257, 0, 0, 0, 0, ''), -- 47246
(3329, 0, 0, 8, 257, 0, 0, 0, 0, ''), -- 3329
(45339, 0, 0, 0, 257, 0, 0, 0, 0, ''), -- 45339
(44868, 0, 0, 0, 257, 0, 0, 0, 0, ''), -- 44868
(47247, 0, 0, 0, 257, 0, 0, 0, 0, '79865'), -- 47247 - 79865
(58155, 0, 0, 0, 1, 0, 0, 0, 0, ''), -- 58155
(46142, 0, 0, 0, 257, 0, 0, 0, 0, '18950'), -- 46142 - 18950
(44871, 0, 0, 0, 257, 0, 0, 0, 0, ''), -- 44871
(49622, 0, 0, 0, 257, 0, 0, 0, 0, ''), -- 49622
(35068, 0, 0, 0, 257, 0, 0, 0, 0, ''), -- 35068
(46556, 0, 0, 0, 1, 0, 0, 0, 0, ''), -- 46556
(3342, 0, 0, 0, 257, 0, 0, 0, 0, ''), -- 3342
(44866, 0, 0, 0, 257, 0, 0, 0, 0, ''), -- 44866
(10880, 0, 0, 0, 257, 0, 0, 0, 0, ''), -- 10880
(4047, 0, 0, 0, 257, 0, 0, 0, 0, ''), -- 4047
(46555, 0, 0, 0, 1, 0, 0, 0, 0, ''), -- 46555
(52034, 0, 0, 0, 1, 0, 0, 0, 0, ''), -- 52034
(47571, 0, 0, 0, 256, 0, 0, 0, 0, '10022'), -- 47571 - 10022
(44872, 0, 0, 0, 257, 0, 0, 0, 0, ''), -- 44872
(89830, 0, 0, 0, 1, 0, 0, 0, 0, ''), -- 89830
(133185, 0, 0, 0, 0, 0, 0, 0, 0, ''), -- 133185
(44867, 0, 0, 0, 257, 0, 0, 0, 0, ''), -- 44867
(45337, 0, 0, 0, 257, 0, 0, 0, 0, ''), -- 45337
(3144, 0, 0, 0, 257, 0, 0, 0, 0, ''), -- 3144
(44865, 0, 0, 0, 257, 0, 0, 0, 0, ''), -- 44865
(135201, 0, 0, 0, 1, 0, 0, 0, 0, ''), -- 135201
(133209, 0, 0, 0, 0, 0, 0, 0, 0, ''), -- 133209
(3312, 0, 0, 0, 257, 0, 0, 0, 0, ''), -- 3312
(46140, 0, 0, 0, 257, 0, 0, 0, 0, ''), -- 46140
(23128, 0, 0, 0, 257, 0, 0, 0, 0, ''), -- 23128
(27489, 0, 0, 0, 1, 0, 0, 0, 0, ''), -- 27489
(17098, 0, 0, 0, 257, 0, 0, 0, 0, ''), -- 17098
(49837, 0, 0, 0, 1, 0, 0, 0, 0, ''), -- 49837
(62198, 0, 0, 0, 257, 0, 0, 0, 0, ''), -- 62198
(72559, 0, 0, 3, 1, 0, 0, 0, 0, '55701'), -- 72559 - 55701
(141119, 0, 0, 0, 1, 0, 0, 0, 0, ''), -- 141119
(3296, 0, 0, 0, 257, 0, 0, 0, 0, ''), -- 3296
(74228, 0, 0, 0, 256, 0, 0, 0, 0, ''), -- 74228
(44338, 0, 0, 0, 1, 0, 0, 0, 0, ''), -- 44338
(3323, 0, 0, 0, 257, 0, 0, 0, 0, ''); -- 3323

DELETE FROM `creature_template_scaling` WHERE `Entry` IN (141707, 133239, 133108, 133153, 133236, 133114, 133109, 133127, 133228, 126062, 125285, 133276, 133519, 126065, 133523, 133521, 133271, 133522, 126066, 133186, 133104, 133218, 139093, 140210, 135202, 137762, 44868, 133185, 135201, 133209, 141119);
INSERT INTO `creature_template_scaling` (`Entry`, `LevelScalingMin`, `LevelScalingMax`, `LevelScalingDeltaMin`, `LevelScalingDeltaMax`, `VerifiedBuild`) VALUES
(141707, 110, 120, 0, 0, 27404),
(133239, 110, 110, 0, 0, 27404),
(133108, 110, 110, 0, 0, 27404),
(133153, 98, 110, 0, 0, 27404),
(133236, 110, 110, 0, 0, 27404),
(133114, 110, 110, 0, 0, 27404),
(133109, 110, 110, 0, 0, 27404),
(133127, 110, 110, 0, 0, 27404),
(133228, 110, 110, 0, 0, 27404),
(126062, 110, 110, 0, 0, 27404),
(125285, 110, 110, 0, 0, 27404),
(133276, 98, 110, 0, 0, 27404),
(133519, 110, 110, 0, 0, 27404),
(126065, 110, 110, 0, 0, 27404),
(133523, 110, 110, 0, 0, 27404),
(133521, 110, 110, 0, 0, 27404),
(133271, 110, 110, 0, 0, 27404),
(133522, 110, 110, 0, 0, 27404),
(126066, 110, 110, 0, 0, 27404),
(133186, 110, 110, 0, 0, 27404),
(133104, 110, 110, 0, 0, 27404),
(133218, 110, 110, 0, 0, 27404),
(139093, 110, 110, 0, 0, 27404),
(140210, 110, 110, 0, 0, 27404),
(135202, 110, 120, 0, 0, 27404),
(137762, 110, 120, 0, 0, 27404),
(44868, 1, 120, 0, 0, 27404),
(133185, 110, 110, 0, 0, 27404),
(135201, 110, 120, 0, 0, 27404),
(133209, 110, 110, 0, 0, 27404),
(141119, 110, 110, 0, 0, 27404);


DELETE FROM `npc_vendor` WHERE (`entry`=63086 AND `item`=98715 AND `ExtendedCost`=4301 AND `type`=1) OR (`entry`=63086 AND `item`=98715 AND `ExtendedCost`=4300 AND `type`=1) OR (`entry`=63086 AND `item`=98715 AND `ExtendedCost`=4299 AND `type`=1) OR (`entry`=63086 AND `item`=98715 AND `ExtendedCost`=4298 AND `type`=1) OR (`entry`=63086 AND `item`=98715 AND `ExtendedCost`=4297 AND `type`=1) OR (`entry`=63086 AND `item`=98715 AND `ExtendedCost`=4296 AND `type`=1) OR (`entry`=63086 AND `item`=98715 AND `ExtendedCost`=4295 AND `type`=1) OR (`entry`=63086 AND `item`=98715 AND `ExtendedCost`=4294 AND `type`=1) OR (`entry`=63086 AND `item`=98715 AND `ExtendedCost`=4293 AND `type`=1) OR (`entry`=63086 AND `item`=98715 AND `ExtendedCost`=4292 AND `type`=1) OR (`entry`=45565 AND `item`=81923 AND `ExtendedCost`=0 AND `type`=1) OR (`entry`=45565 AND `item`=81924 AND `ExtendedCost`=0 AND `type`=1) OR (`entry`=45565 AND `item`=58257 AND `ExtendedCost`=0 AND `type`=1) OR (`entry`=45565 AND `item`=58256 AND `ExtendedCost`=0 AND `type`=1) OR (`entry`=45565 AND `item`=33445 AND `ExtendedCost`=0 AND `type`=1) OR (`entry`=45565 AND `item`=33444 AND `ExtendedCost`=0 AND `type`=1) OR (`entry`=45565 AND `item`=58274 AND `ExtendedCost`=0 AND `type`=1) OR (`entry`=45565 AND `item`=28399 AND `ExtendedCost`=0 AND `type`=1) OR (`entry`=45565 AND `item`=8766 AND `ExtendedCost`=0 AND `type`=1) OR (`entry`=45565 AND `item`=1645 AND `ExtendedCost`=0 AND `type`=1) OR (`entry`=45565 AND `item`=1708 AND `ExtendedCost`=0 AND `type`=1) OR (`entry`=45565 AND `item`=1205 AND `ExtendedCost`=0 AND `type`=1) OR (`entry`=45565 AND `item`=1179 AND `ExtendedCost`=0 AND `type`=1) OR (`entry`=45565 AND `item`=159 AND `ExtendedCost`=0 AND `type`=1) OR (`entry`=45565 AND `item`=44574 AND `ExtendedCost`=0 AND `type`=1) OR (`entry`=45565 AND `item`=44573 AND `ExtendedCost`=0 AND `type`=1) OR (`entry`=45565 AND `item`=44575 AND `ExtendedCost`=0 AND `type`=1) OR (`entry`=45565 AND `item`=44571 AND `ExtendedCost`=0 AND `type`=1) OR (`entry`=45565 AND `item`=44570 AND `ExtendedCost`=0 AND `type`=1) OR (`entry`=45565 AND `item`=61986 AND `ExtendedCost`=0 AND `type`=1) OR (`entry`=45565 AND `item`=61985 AND `ExtendedCost`=0 AND `type`=1) OR (`entry`=45565 AND `item`=61984 AND `ExtendedCost`=0 AND `type`=1) OR (`entry`=45565 AND `item`=61983 AND `ExtendedCost`=0 AND `type`=1) OR (`entry`=45565 AND `item`=61982 AND `ExtendedCost`=0 AND `type`=1) OR (`entry`=45566 AND `item`=81923 AND `ExtendedCost`=0 AND `type`=1) OR (`entry`=45566 AND `item`=81924 AND `ExtendedCost`=0 AND `type`=1) OR (`entry`=45566 AND `item`=58257 AND `ExtendedCost`=0 AND `type`=1) OR (`entry`=45566 AND `item`=58256 AND `ExtendedCost`=0 AND `type`=1) OR (`entry`=45566 AND `item`=33445 AND `ExtendedCost`=0 AND `type`=1) OR (`entry`=45566 AND `item`=33444 AND `ExtendedCost`=0 AND `type`=1) OR (`entry`=45566 AND `item`=58274 AND `ExtendedCost`=0 AND `type`=1) OR (`entry`=45566 AND `item`=28399 AND `ExtendedCost`=0 AND `type`=1) OR (`entry`=45566 AND `item`=8766 AND `ExtendedCost`=0 AND `type`=1) OR (`entry`=45566 AND `item`=1645 AND `ExtendedCost`=0 AND `type`=1) OR (`entry`=45566 AND `item`=1708 AND `ExtendedCost`=0 AND `type`=1) OR (`entry`=45566 AND `item`=1205 AND `ExtendedCost`=0 AND `type`=1) OR (`entry`=45566 AND `item`=1179 AND `ExtendedCost`=0 AND `type`=1) OR (`entry`=45566 AND `item`=159 AND `ExtendedCost`=0 AND `type`=1) OR (`entry`=45566 AND `item`=44574 AND `ExtendedCost`=0 AND `type`=1) OR (`entry`=45566 AND `item`=44573 AND `ExtendedCost`=0 AND `type`=1) OR (`entry`=45566 AND `item`=44575 AND `ExtendedCost`=0 AND `type`=1) OR (`entry`=45566 AND `item`=44571 AND `ExtendedCost`=0 AND `type`=1) OR (`entry`=45566 AND `item`=44570 AND `ExtendedCost`=0 AND `type`=1) OR (`entry`=45566 AND `item`=61986 AND `ExtendedCost`=0 AND `type`=1) OR (`entry`=45566 AND `item`=61985 AND `ExtendedCost`=0 AND `type`=1) OR (`entry`=45566 AND `item`=61984 AND `ExtendedCost`=0 AND `type`=1) OR (`entry`=45566 AND `item`=61983 AND `ExtendedCost`=0 AND `type`=1) OR (`entry`=45566 AND `item`=61982 AND `ExtendedCost`=0 AND `type`=1) OR (`entry`=133127 AND `item`=22729 AND `ExtendedCost`=0 AND `type`=1) OR (`entry`=133127 AND `item`=18647 AND `ExtendedCost`=0 AND `type`=1) OR (`entry`=133127 AND `item`=39354 AND `ExtendedCost`=0 AND `type`=1) OR (`entry`=133127 AND `item`=4364 AND `ExtendedCost`=0 AND `type`=1) OR (`entry`=133127 AND `item`=4357 AND `ExtendedCost`=0 AND `type`=1) OR (`entry`=133127 AND `item`=4371 AND `ExtendedCost`=0 AND `type`=1) OR (`entry`=133127 AND `item`=4404 AND `ExtendedCost`=0 AND `type`=1) OR (`entry`=133127 AND `item`=10647 AND `ExtendedCost`=0 AND `type`=1) OR (`entry`=133127 AND `item`=160298 AND `ExtendedCost`=0 AND `type`=1) OR (`entry`=133127 AND `item`=3466 AND `ExtendedCost`=0 AND `type`=1) OR (`entry`=133127 AND `item`=2880 AND `ExtendedCost`=0 AND `type`=1) OR (`entry`=133127 AND `item`=39684 AND `ExtendedCost`=0 AND `type`=1) OR (`entry`=133127 AND `item`=40533 AND `ExtendedCost`=0 AND `type`=1) OR (`entry`=133127 AND `item`=4400 AND `ExtendedCost`=0 AND `type`=1) OR (`entry`=133127 AND `item`=4399 AND `ExtendedCost`=0 AND `type`=1) OR (`entry`=133127 AND `item`=90146 AND `ExtendedCost`=0 AND `type`=1) OR (`entry`=133127 AND `item`=2901 AND `ExtendedCost`=0 AND `type`=1) OR (`entry`=133127 AND `item`=5956 AND `ExtendedCost`=0 AND `type`=1) OR (`entry`=133127 AND `item`=68660 AND `ExtendedCost`=6003 AND `type`=1) OR (`entry`=133127 AND `item`=59489 AND `ExtendedCost`=3310 AND `type`=1) OR (`entry`=133127 AND `item`=59477 AND `ExtendedCost`=3392 AND `type`=1) OR (`entry`=133127 AND `item`=59478 AND `ExtendedCost`=3311 AND `type`=1) OR (`entry`=133127 AND `item`=59479 AND `ExtendedCost`=3311 AND `type`=1) OR (`entry`=133127 AND `item`=59480 AND `ExtendedCost`=3308 AND `type`=1) OR (`entry`=133127 AND `item`=59491 AND `ExtendedCost`=3305 AND `type`=1) OR (`entry`=133127 AND `item`=59493 AND `ExtendedCost`=3307 AND `type`=1) OR (`entry`=133127 AND `item`=59496 AND `ExtendedCost`=3306 AND `type`=1) OR (`entry`=133239 AND `item`=10314 AND `ExtendedCost`=0 AND `type`=1) OR (`entry`=133239 AND `item`=6270 AND `ExtendedCost`=0 AND `type`=1) OR (`entry`=133239 AND `item`=5772 AND `ExtendedCost`=0 AND `type`=1) OR (`entry`=133239 AND `item`=10317 AND `ExtendedCost`=0 AND `type`=1) OR (`entry`=133239 AND `item`=54605 AND `ExtendedCost`=2989 AND `type`=1) OR (`entry`=133239 AND `item`=54602 AND `ExtendedCost`=2989 AND `type`=1) OR (`entry`=133239 AND `item`=54603 AND `ExtendedCost`=2989 AND `type`=1) OR (`entry`=133239 AND `item`=54601 AND `ExtendedCost`=2989 AND `type`=1) OR (`entry`=133239 AND `item`=54604 AND `ExtendedCost`=2989 AND `type`=1) OR (`entry`=133239 AND `item`=54598 AND `ExtendedCost`=2988 AND `type`=1) OR (`entry`=133239 AND `item`=54597 AND `ExtendedCost`=2988 AND `type`=1) OR (`entry`=133239 AND `item`=54596 AND `ExtendedCost`=2988 AND `type`=1) OR (`entry`=133239 AND `item`=54595 AND `ExtendedCost`=2988 AND `type`=1) OR (`entry`=133239 AND `item`=54594 AND `ExtendedCost`=2988 AND `type`=1) OR (`entry`=133239 AND `item`=54593 AND `ExtendedCost`=2988 AND `type`=1) OR (`entry`=133239 AND `item`=54599 AND `ExtendedCost`=2988 AND `type`=1) OR (`entry`=133239 AND `item`=54600 AND `ExtendedCost`=2988 AND `type`=1) OR (`entry`=133239 AND `item`=68199 AND `ExtendedCost`=2988 AND `type`=1) OR (`entry`=133239 AND `item`=10290 AND `ExtendedCost`=0 AND `type`=1) OR (`entry`=133239 AND `item`=4342 AND `ExtendedCost`=0 AND `type`=1) OR (`entry`=133239 AND `item`=2325 AND `ExtendedCost`=0 AND `type`=1) OR (`entry`=133239 AND `item`=6261 AND `ExtendedCost`=0 AND `type`=1) OR (`entry`=133239 AND `item`=4340 AND `ExtendedCost`=0 AND `type`=1) OR (`entry`=133239 AND `item`=4341 AND `ExtendedCost`=0 AND `type`=1) OR (`entry`=133239 AND `item`=2605 AND `ExtendedCost`=0 AND `type`=1) OR (`entry`=133239 AND `item`=6260 AND `ExtendedCost`=0 AND `type`=1) OR (`entry`=133239 AND `item`=2604 AND `ExtendedCost`=0 AND `type`=1) OR (`entry`=133239 AND `item`=2324 AND `ExtendedCost`=0 AND `type`=1) OR (`entry`=133239 AND `item`=38426 AND `ExtendedCost`=0 AND `type`=1) OR (`entry`=133239 AND `item`=14341 AND `ExtendedCost`=0 AND `type`=1) OR (`entry`=133239 AND `item`=8343 AND `ExtendedCost`=0 AND `type`=1) OR (`entry`=133239 AND `item`=4291 AND `ExtendedCost`=0 AND `type`=1) OR (`entry`=133239 AND `item`=2321 AND `ExtendedCost`=0 AND `type`=1) OR (`entry`=133239 AND `item`=2320 AND `ExtendedCost`=0 AND `type`=1) OR (`entry`=133114 AND `item`=3857 AND `ExtendedCost`=0 AND `type`=1) OR (`entry`=133114 AND `item`=18567 AND `ExtendedCost`=0 AND `type`=1) OR (`entry`=133114 AND `item`=160298 AND `ExtendedCost`=0 AND `type`=1) OR (`entry`=133114 AND `item`=3466 AND `ExtendedCost`=0 AND `type`=1) OR (`entry`=133114 AND `item`=2880 AND `ExtendedCost`=0 AND `type`=1) OR (`entry`=133114 AND `item`=5956 AND `ExtendedCost`=0 AND `type`=1) OR (`entry`=133114 AND `item`=2901 AND `ExtendedCost`=0 AND `type`=1) OR (`entry`=45563 AND `item`=81918 AND `ExtendedCost`=0 AND `type`=1) OR (`entry`=45563 AND `item`=81917 AND `ExtendedCost`=0 AND `type`=1) OR (`entry`=45563 AND `item`=58269 AND `ExtendedCost`=0 AND `type`=1) OR (`entry`=45563 AND `item`=58268 AND `ExtendedCost`=0 AND `type`=1) OR (`entry`=45563 AND `item`=35953 AND `ExtendedCost`=0 AND `type`=1) OR (`entry`=45563 AND `item`=33454 AND `ExtendedCost`=0 AND `type`=1) OR (`entry`=45563 AND `item`=27854 AND `ExtendedCost`=0 AND `type`=1) OR (`entry`=45563 AND `item`=8952 AND `ExtendedCost`=0 AND `type`=1) OR (`entry`=45563 AND `item`=4599 AND `ExtendedCost`=0 AND `type`=1) OR (`entry`=45563 AND `item`=3771 AND `ExtendedCost`=0 AND `type`=1) OR (`entry`=45563 AND `item`=3770 AND `ExtendedCost`=0 AND `type`=1) OR (`entry`=45563 AND `item`=2287 AND `ExtendedCost`=0 AND `type`=1) OR (`entry`=45563 AND `item`=117 AND `ExtendedCost`=0 AND `type`=1) OR (`entry`=45563 AND `item`=82451 AND `ExtendedCost`=0 AND `type`=1) OR (`entry`=45563 AND `item`=82450 AND `ExtendedCost`=0 AND `type`=1) OR (`entry`=45563 AND `item`=58261 AND `ExtendedCost`=0 AND `type`=1) OR (`entry`=45563 AND `item`=58260 AND `ExtendedCost`=0 AND `type`=1) OR (`entry`=45563 AND `item`=35950 AND `ExtendedCost`=0 AND `type`=1) OR (`entry`=45563 AND `item`=33449 AND `ExtendedCost`=0 AND `type`=1) OR (`entry`=45563 AND `item`=27855 AND `ExtendedCost`=0 AND `type`=1) OR (`entry`=45563 AND `item`=8950 AND `ExtendedCost`=0 AND `type`=1) OR (`entry`=45563 AND `item`=4601 AND `ExtendedCost`=0 AND `type`=1) OR (`entry`=45563 AND `item`=4544 AND `ExtendedCost`=0 AND `type`=1) OR (`entry`=45563 AND `item`=4542 AND `ExtendedCost`=0 AND `type`=1) OR (`entry`=45563 AND `item`=4541 AND `ExtendedCost`=0 AND `type`=1) OR (`entry`=45563 AND `item`=4540 AND `ExtendedCost`=0 AND `type`=1) OR (`entry`=45563 AND `item`=81923 AND `ExtendedCost`=0 AND `type`=1) OR (`entry`=45563 AND `item`=81924 AND `ExtendedCost`=0 AND `type`=1) OR (`entry`=45563 AND `item`=58257 AND `ExtendedCost`=0 AND `type`=1) OR (`entry`=45563 AND `item`=58256 AND `ExtendedCost`=0 AND `type`=1) OR (`entry`=45563 AND `item`=33445 AND `ExtendedCost`=0 AND `type`=1) OR (`entry`=45563 AND `item`=33444 AND `ExtendedCost`=0 AND `type`=1) OR (`entry`=45563 AND `item`=58274 AND `ExtendedCost`=0 AND `type`=1) OR (`entry`=45563 AND `item`=28399 AND `ExtendedCost`=0 AND `type`=1) OR (`entry`=45563 AND `item`=8766 AND `ExtendedCost`=0 AND `type`=1) OR (`entry`=45563 AND `item`=1645 AND `ExtendedCost`=0 AND `type`=1) OR (`entry`=45563 AND `item`=1708 AND `ExtendedCost`=0 AND `type`=1) OR (`entry`=45563 AND `item`=1205 AND `ExtendedCost`=0 AND `type`=1) OR (`entry`=45563 AND `item`=1179 AND `ExtendedCost`=0 AND `type`=1) OR (`entry`=45563 AND `item`=159 AND `ExtendedCost`=0 AND `type`=1) OR (`entry`=133261 AND `item`=21219 AND `ExtendedCost`=0 AND `type`=1) OR (`entry`=133261 AND `item`=21099 AND `ExtendedCost`=0 AND `type`=1) OR (`entry`=133261 AND `item`=2678 AND `ExtendedCost`=0 AND `type`=1) OR (`entry`=133261 AND `item`=30817 AND `ExtendedCost`=0 AND `type`=1) OR (`entry`=133261 AND `item`=159 AND `ExtendedCost`=0 AND `type`=1);
INSERT INTO `npc_vendor` (`entry`, `slot`, `item`, `maxcount`, `ExtendedCost`, `type`, `PlayerConditionID`, `IgnoreFiltering`, `VerifiedBuild`) VALUES
(63086, 10, 98715, 0, 4301, 1, 0, 0, 27404), -- 98715
(63086, 9, 98715, 0, 4300, 1, 0, 0, 27404), -- 98715
(63086, 8, 98715, 0, 4299, 1, 0, 0, 27404), -- 98715
(63086, 7, 98715, 0, 4298, 1, 0, 0, 27404), -- 98715
(63086, 6, 98715, 0, 4297, 1, 0, 0, 27404), -- 98715
(63086, 5, 98715, 0, 4296, 1, 0, 0, 27404), -- 98715
(63086, 4, 98715, 0, 4295, 1, 0, 0, 27404), -- 98715
(63086, 3, 98715, 0, 4294, 1, 0, 0, 27404), -- 98715
(63086, 2, 98715, 0, 4293, 1, 0, 0, 27404), -- 98715
(63086, 1, 98715, 0, 4292, 1, 0, 0, 27404), -- 98715
(45565, 24, 81923, 0, 0, 1, 0, 0, 27404), -- 81923
(45565, 23, 81924, 0, 0, 1, 0, 0, 27404), -- 81924
(45565, 22, 58257, 0, 0, 1, 0, 0, 27404), -- 58257
(45565, 21, 58256, 0, 0, 1, 0, 0, 27404), -- 58256
(45565, 20, 33445, 0, 0, 1, 0, 0, 27404), -- 33445
(45565, 19, 33444, 0, 0, 1, 0, 0, 27404), -- 33444
(45565, 18, 58274, 0, 0, 1, 0, 0, 27404), -- 58274
(45565, 17, 28399, 0, 0, 1, 0, 0, 27404), -- 28399
(45565, 16, 8766, 0, 0, 1, 0, 0, 27404), -- 8766
(45565, 15, 1645, 0, 0, 1, 0, 0, 27404), -- 1645
(45565, 14, 1708, 0, 0, 1, 0, 0, 27404), -- 1708
(45565, 13, 1205, 0, 0, 1, 0, 0, 27404), -- 1205
(45565, 12, 1179, 0, 0, 1, 0, 0, 27404), -- 1179
(45565, 11, 159, 0, 0, 1, 0, 0, 27404), -- 159
(45565, 10, 44574, 0, 0, 1, 0, 0, 27404), -- 44574
(45565, 9, 44573, 0, 0, 1, 0, 0, 27404), -- 44573
(45565, 8, 44575, 0, 0, 1, 0, 0, 27404), -- 44575
(45565, 7, 44571, 0, 0, 1, 0, 0, 27404), -- 44571
(45565, 6, 44570, 0, 0, 1, 0, 0, 27404), -- 44570
(45565, 5, 61986, 0, 0, 1, 0, 0, 27404), -- 61986
(45565, 4, 61985, 0, 0, 1, 0, 0, 27404), -- 61985
(45565, 3, 61984, 0, 0, 1, 0, 0, 27404), -- 61984
(45565, 2, 61983, 0, 0, 1, 0, 0, 27404), -- 61983
(45565, 1, 61982, 0, 0, 1, 0, 0, 27404), -- 61982
(45566, 24, 81923, 0, 0, 1, 0, 0, 27404), -- 81923
(45566, 23, 81924, 0, 0, 1, 0, 0, 27404), -- 81924
(45566, 22, 58257, 0, 0, 1, 0, 0, 27404), -- 58257
(45566, 21, 58256, 0, 0, 1, 0, 0, 27404), -- 58256
(45566, 20, 33445, 0, 0, 1, 0, 0, 27404), -- 33445
(45566, 19, 33444, 0, 0, 1, 0, 0, 27404), -- 33444
(45566, 18, 58274, 0, 0, 1, 0, 0, 27404), -- 58274
(45566, 17, 28399, 0, 0, 1, 0, 0, 27404), -- 28399
(45566, 16, 8766, 0, 0, 1, 0, 0, 27404), -- 8766
(45566, 15, 1645, 0, 0, 1, 0, 0, 27404), -- 1645
(45566, 14, 1708, 0, 0, 1, 0, 0, 27404), -- 1708
(45566, 13, 1205, 0, 0, 1, 0, 0, 27404), -- 1205
(45566, 12, 1179, 0, 0, 1, 0, 0, 27404), -- 1179
(45566, 11, 159, 0, 0, 1, 0, 0, 27404), -- 159
(45566, 10, 44574, 0, 0, 1, 0, 0, 27404), -- 44574
(45566, 9, 44573, 0, 0, 1, 0, 0, 27404), -- 44573
(45566, 8, 44575, 0, 0, 1, 0, 0, 27404), -- 44575
(45566, 7, 44571, 0, 0, 1, 0, 0, 27404), -- 44571
(45566, 6, 44570, 0, 0, 1, 0, 0, 27404), -- 44570
(45566, 5, 61986, 0, 0, 1, 0, 0, 27404), -- 61986
(45566, 4, 61985, 0, 0, 1, 0, 0, 27404), -- 61985
(45566, 3, 61984, 0, 0, 1, 0, 0, 27404), -- 61984
(45566, 2, 61983, 0, 0, 1, 0, 0, 27404), -- 61983
(45566, 1, 61982, 0, 0, 1, 0, 0, 27404), -- 61982
(133127, 189, 22729, 1, 0, 1, 0, 0, 27404), -- 22729
(133127, 188, 18647, 1, 0, 1, 0, 0, 27404), -- 18647
(133127, 184, 39354, 0, 0, 1, 0, 0, 27404), -- 39354
(133127, 183, 4364, 3, 0, 1, 0, 0, 27404), -- 4364
(133127, 182, 4357, 4, 0, 1, 0, 0, 27404), -- 4357
(133127, 181, 4371, 1, 0, 1, 0, 0, 27404), -- 4371
(133127, 180, 4404, 3, 0, 1, 0, 0, 27404), -- 4404
(133127, 179, 10647, 0, 0, 1, 0, 0, 27404), -- 10647
(133127, 178, 160298, 0, 0, 1, 0, 0, 27404), -- 160298
(133127, 177, 3466, 0, 0, 1, 0, 0, 27404), -- 3466
(133127, 176, 2880, 0, 0, 1, 0, 0, 27404), -- 2880
(133127, 175, 39684, 0, 0, 1, 0, 0, 27404), -- 39684
(133127, 174, 40533, 0, 0, 1, 0, 0, 27404), -- 40533
(133127, 173, 4400, 0, 0, 1, 0, 0, 27404), -- 4400
(133127, 172, 4399, 0, 0, 1, 0, 0, 27404), -- 4399
(133127, 171, 90146, 0, 0, 1, 0, 0, 27404), -- 90146
(133127, 170, 2901, 0, 0, 1, 0, 0, 27404), -- 2901
(133127, 169, 5956, 0, 0, 1, 0, 0, 27404), -- 5956
(133127, 24, 68660, 0, 6003, 1, 0, 0, 27404), -- 68660
(133127, 23, 59489, 0, 3310, 1, 0, 0, 27404), -- 59489
(133127, 22, 59477, 0, 3392, 1, 0, 0, 27404), -- 59477
(133127, 21, 59478, 0, 3311, 1, 0, 0, 27404), -- 59478
(133127, 20, 59479, 0, 3311, 1, 0, 0, 27404), -- 59479
(133127, 19, 59480, 0, 3308, 1, 0, 0, 27404), -- 59480
(133127, 18, 59491, 0, 3305, 1, 0, 0, 27404), -- 59491
(133127, 17, 59493, 0, 3307, 1, 0, 0, 27404), -- 59493
(133127, 16, 59496, 0, 3306, 1, 0, 0, 27404), -- 59496
(133239, 157, 10314, 1, 0, 1, 0, 0, 27404), -- 10314
(133239, 156, 6270, 1, 0, 1, 0, 0, 27404), -- 6270
(133239, 155, 5772, 1, 0, 1, 0, 0, 27404), -- 5772
(133239, 154, 10317, 1, 0, 1, 0, 0, 27404), -- 10317
(133239, 33, 54605, 0, 2989, 1, 0, 0, 27404), -- 54605
(133239, 32, 54602, 0, 2989, 1, 0, 0, 27404), -- 54602
(133239, 31, 54603, 0, 2989, 1, 0, 0, 27404), -- 54603
(133239, 30, 54601, 0, 2989, 1, 0, 0, 27404), -- 54601
(133239, 29, 54604, 0, 2989, 1, 0, 0, 27404), -- 54604
(133239, 28, 54598, 0, 2988, 1, 0, 0, 27404), -- 54598
(133239, 27, 54597, 0, 2988, 1, 0, 0, 27404), -- 54597
(133239, 26, 54596, 0, 2988, 1, 0, 0, 27404), -- 54596
(133239, 25, 54595, 0, 2988, 1, 0, 0, 27404), -- 54595
(133239, 24, 54594, 0, 2988, 1, 0, 0, 27404), -- 54594
(133239, 23, 54593, 0, 2988, 1, 0, 0, 27404), -- 54593
(133239, 22, 54599, 0, 2988, 1, 0, 0, 27404), -- 54599
(133239, 21, 54600, 0, 2988, 1, 0, 0, 27404), -- 54600
(133239, 20, 68199, 0, 2988, 1, 0, 0, 27404), -- 68199
(133239, 16, 10290, 0, 0, 1, 0, 0, 27404), -- 10290
(133239, 15, 4342, 0, 0, 1, 0, 0, 27404), -- 4342
(133239, 14, 2325, 0, 0, 1, 0, 0, 27404), -- 2325
(133239, 13, 6261, 0, 0, 1, 0, 0, 27404), -- 6261
(133239, 12, 4340, 0, 0, 1, 0, 0, 27404), -- 4340
(133239, 11, 4341, 0, 0, 1, 0, 0, 27404), -- 4341
(133239, 10, 2605, 0, 0, 1, 0, 0, 27404), -- 2605
(133239, 9, 6260, 0, 0, 1, 0, 0, 27404), -- 6260
(133239, 8, 2604, 0, 0, 1, 0, 0, 27404), -- 2604
(133239, 7, 2324, 0, 0, 1, 0, 0, 27404), -- 2324
(133239, 6, 38426, 0, 0, 1, 0, 0, 27404), -- 38426
(133239, 5, 14341, 0, 0, 1, 0, 0, 27404), -- 14341
(133239, 4, 8343, 0, 0, 1, 0, 0, 27404), -- 8343
(133239, 3, 4291, 0, 0, 1, 0, 0, 27404), -- 4291
(133239, 2, 2321, 0, 0, 1, 0, 0, 27404), -- 2321
(133239, 1, 2320, 0, 0, 1, 0, 0, 27404), -- 2320
(133114, 7, 3857, 0, 0, 1, 0, 0, 27404), -- 3857
(133114, 6, 18567, 0, 0, 1, 0, 0, 27404), -- 18567
(133114, 5, 160298, 0, 0, 1, 0, 0, 27404), -- 160298
(133114, 4, 3466, 0, 0, 1, 0, 0, 27404), -- 3466
(133114, 3, 2880, 0, 0, 1, 0, 0, 27404), -- 2880
(133114, 2, 5956, 0, 0, 1, 0, 0, 27404), -- 5956
(133114, 1, 2901, 0, 0, 1, 0, 0, 27404), -- 2901
(45563, 40, 81918, 0, 0, 1, 0, 0, 27404), -- 81918
(45563, 39, 81917, 0, 0, 1, 0, 0, 27404), -- 81917
(45563, 38, 58269, 0, 0, 1, 0, 0, 27404), -- 58269
(45563, 37, 58268, 0, 0, 1, 0, 0, 27404), -- 58268
(45563, 36, 35953, 0, 0, 1, 0, 0, 27404), -- 35953
(45563, 35, 33454, 0, 0, 1, 0, 0, 27404), -- 33454
(45563, 34, 27854, 0, 0, 1, 0, 0, 27404), -- 27854
(45563, 33, 8952, 0, 0, 1, 0, 0, 27404), -- 8952
(45563, 32, 4599, 0, 0, 1, 0, 0, 27404), -- 4599
(45563, 31, 3771, 0, 0, 1, 0, 0, 27404), -- 3771
(45563, 30, 3770, 0, 0, 1, 0, 0, 27404), -- 3770
(45563, 29, 2287, 0, 0, 1, 0, 0, 27404), -- 2287
(45563, 28, 117, 0, 0, 1, 0, 0, 27404), -- 117
(45563, 27, 82451, 0, 0, 1, 0, 0, 27404), -- 82451
(45563, 26, 82450, 0, 0, 1, 0, 0, 27404), -- 82450
(45563, 25, 58261, 0, 0, 1, 0, 0, 27404), -- 58261
(45563, 24, 58260, 0, 0, 1, 0, 0, 27404), -- 58260
(45563, 23, 35950, 0, 0, 1, 0, 0, 27404), -- 35950
(45563, 22, 33449, 0, 0, 1, 0, 0, 27404), -- 33449
(45563, 21, 27855, 0, 0, 1, 0, 0, 27404), -- 27855
(45563, 20, 8950, 0, 0, 1, 0, 0, 27404), -- 8950
(45563, 19, 4601, 0, 0, 1, 0, 0, 27404), -- 4601
(45563, 18, 4544, 0, 0, 1, 0, 0, 27404), -- 4544
(45563, 17, 4542, 0, 0, 1, 0, 0, 27404), -- 4542
(45563, 16, 4541, 0, 0, 1, 0, 0, 27404), -- 4541
(45563, 15, 4540, 0, 0, 1, 0, 0, 27404), -- 4540
(45563, 14, 81923, 0, 0, 1, 0, 0, 27404), -- 81923
(45563, 13, 81924, 0, 0, 1, 0, 0, 27404), -- 81924
(45563, 12, 58257, 0, 0, 1, 0, 0, 27404), -- 58257
(45563, 11, 58256, 0, 0, 1, 0, 0, 27404), -- 58256
(45563, 10, 33445, 0, 0, 1, 0, 0, 27404), -- 33445
(45563, 9, 33444, 0, 0, 1, 0, 0, 27404), -- 33444
(45563, 8, 58274, 0, 0, 1, 0, 0, 27404), -- 58274
(45563, 7, 28399, 0, 0, 1, 0, 0, 27404), -- 28399
(45563, 6, 8766, 0, 0, 1, 0, 0, 27404), -- 8766
(45563, 5, 1645, 0, 0, 1, 0, 0, 27404), -- 1645
(45563, 4, 1708, 0, 0, 1, 0, 0, 27404), -- 1708
(45563, 3, 1205, 0, 0, 1, 0, 0, 27404), -- 1205
(45563, 2, 1179, 0, 0, 1, 0, 0, 27404), -- 1179
(45563, 1, 159, 0, 0, 1, 0, 0, 27404), -- 159
(133261, 5, 21219, 0, 0, 1, 0, 0, 27404), -- 21219
(133261, 4, 21099, 0, 0, 1, 0, 0, 27404), -- 21099
(133261, 3, 2678, 0, 0, 1, 0, 0, 27404), -- 2678
(133261, 2, 30817, 0, 0, 1, 0, 0, 27404), -- 30817
(133261, 1, 159, 0, 0, 1, 0, 0, 27404); -- 159

DELETE FROM `trainer` WHERE `Id` IN (136, 424, 91, 407, 163, 880);
INSERT INTO `trainer` (`Id`, `Type`, `Greeting`, `VerifiedBuild`) VALUES
(136, 2, 'Can I teach you how to turn the meat you find on beasts into a feast?', 27404),
(424, 2, 'Searching for herbs requires both knowledge and instinct.', 27404),
(91, 2, 'You have not lived until you have dug deep into the earth.', 27404),
(407, 2, 'Engineering is very simple once you grasp the basics.', 27404),
(163, 2, 'Gereetings!  Can I teach you how to turn found cloth into cloth armor?', 27404),
(880, 2, 'Here, let me show you how to bind those wounds....', 27404);


DELETE FROM `trainer_spell` WHERE (`TrainerId`=136 AND `SpellId`=264639) OR (`TrainerId`=136 AND `SpellId`=88015) OR (`TrainerId`=136 AND `SpellId`=88006) OR (`TrainerId`=136 AND `SpellId`=264633) OR (`TrainerId`=136 AND `SpellId`=6412) OR (`TrainerId`=136 AND `SpellId`=6415) OR (`TrainerId`=136 AND `SpellId`=93741) OR (`TrainerId`=136 AND `SpellId`=6499) OR (`TrainerId`=136 AND `SpellId`=2544) OR (`TrainerId`=136 AND `SpellId`=2541) OR (`TrainerId`=136 AND `SpellId`=2539) OR (`TrainerId`=136 AND `SpellId`=37836) OR (`TrainerId`=136 AND `SpellId`=3399) OR (`TrainerId`=136 AND `SpellId`=6500) OR (`TrainerId`=136 AND `SpellId`=2546) OR (`TrainerId`=136 AND `SpellId`=3400) OR (`TrainerId`=136 AND `SpellId`=18238) OR (`TrainerId`=136 AND `SpellId`=4094) OR (`TrainerId`=136 AND `SpellId`=21175) OR (`TrainerId`=136 AND `SpellId`=46684) OR (`TrainerId`=136 AND `SpellId`=46688) OR (`TrainerId`=136 AND `SpellId`=18244) OR (`TrainerId`=136 AND `SpellId`=18243) OR (`TrainerId`=136 AND `SpellId`=18240) OR (`TrainerId`=424 AND `SpellId`=2373) OR (`TrainerId`=424 AND `SpellId`=265820) OR (`TrainerId`=91 AND `SpellId`=265844) OR (`TrainerId`=91 AND `SpellId`=74537) OR (`TrainerId`=91 AND `SpellId`=84038) OR (`TrainerId`=91 AND `SpellId`=74530) OR (`TrainerId`=91 AND `SpellId`=74529) OR (`TrainerId`=91 AND `SpellId`=265838) OR (`TrainerId`=91 AND `SpellId`=2659) OR (`TrainerId`=91 AND `SpellId`=3304) OR (`TrainerId`=91 AND `SpellId`=2658) OR (`TrainerId`=91 AND `SpellId`=3569) OR (`TrainerId`=91 AND `SpellId`=3308) OR (`TrainerId`=91 AND `SpellId`=3307) OR (`TrainerId`=91 AND `SpellId`=10098) OR (`TrainerId`=91 AND `SpellId`=16153) OR (`TrainerId`=91 AND `SpellId`=10097) OR (`TrainerId`=91 AND `SpellId`=70524) OR (`TrainerId`=407 AND `SpellId`=12760) OR (`TrainerId`=407 AND `SpellId`=12718) OR (`TrainerId`=407 AND `SpellId`=12716) OR (`TrainerId`=407 AND `SpellId`=12717) OR (`TrainerId`=407 AND `SpellId`=8895) OR (`TrainerId`=407 AND `SpellId`=12715) OR (`TrainerId`=407 AND `SpellId`=12902) OR (`TrainerId`=407 AND `SpellId`=12905) OR (`TrainerId`=407 AND `SpellId`=12903) OR (`TrainerId`=407 AND `SpellId`=12899) OR (`TrainerId`=407 AND `SpellId`=12897) OR (`TrainerId`=407 AND `SpellId`=12895) OR (`TrainerId`=407 AND `SpellId`=12907) OR (`TrainerId`=407 AND `SpellId`=12759) OR (`TrainerId`=407 AND `SpellId`=12906) OR (`TrainerId`=407 AND `SpellId`=12908) OR (`TrainerId`=407 AND `SpellId`=12758) OR (`TrainerId`=407 AND `SpellId`=12754) OR (`TrainerId`=407 AND `SpellId`=12755) OR (`TrainerId`=407 AND `SpellId`=84413) OR (`TrainerId`=407 AND `SpellId`=95705) OR (`TrainerId`=407 AND `SpellId`=95707) OR (`TrainerId`=407 AND `SpellId`=84412) OR (`TrainerId`=407 AND `SpellId`=264484) OR (`TrainerId`=407 AND `SpellId`=95703) OR (`TrainerId`=407 AND `SpellId`=94748) OR (`TrainerId`=407 AND `SpellId`=84408) OR (`TrainerId`=407 AND `SpellId`=81720) OR (`TrainerId`=407 AND `SpellId`=84431) OR (`TrainerId`=407 AND `SpellId`=84415) OR (`TrainerId`=407 AND `SpellId`=84430) OR (`TrainerId`=407 AND `SpellId`=84406) OR (`TrainerId`=407 AND `SpellId`=84429) OR (`TrainerId`=407 AND `SpellId`=84421) OR (`TrainerId`=407 AND `SpellId`=81725) OR (`TrainerId`=407 AND `SpellId`=84428) OR (`TrainerId`=407 AND `SpellId`=84420) OR (`TrainerId`=407 AND `SpellId`=81724) OR (`TrainerId`=407 AND `SpellId`=81716) OR (`TrainerId`=407 AND `SpellId`=84411) OR (`TrainerId`=407 AND `SpellId`=84403) OR (`TrainerId`=407 AND `SpellId`=81715) OR (`TrainerId`=407 AND `SpellId`=84418) OR (`TrainerId`=407 AND `SpellId`=84410) OR (`TrainerId`=407 AND `SpellId`=81722) OR (`TrainerId`=407 AND `SpellId`=81714) OR (`TrainerId`=407 AND `SpellId`=84417) OR (`TrainerId`=407 AND `SpellId`=84409) OR (`TrainerId`=407 AND `SpellId`=84432) OR (`TrainerId`=407 AND `SpellId`=84416) OR (`TrainerId`=407 AND `SpellId`=264478) OR (`TrainerId`=407 AND `SpellId`=7430) OR (`TrainerId`=407 AND `SpellId`=3931) OR (`TrainerId`=407 AND `SpellId`=3929) OR (`TrainerId`=407 AND `SpellId`=3977) OR (`TrainerId`=407 AND `SpellId`=3925) OR (`TrainerId`=407 AND `SpellId`=3923) OR (`TrainerId`=407 AND `SpellId`=3922) OR (`TrainerId`=407 AND `SpellId`=3979) OR (`TrainerId`=407 AND `SpellId`=3958) OR (`TrainerId`=407 AND `SpellId`=15255) OR (`TrainerId`=407 AND `SpellId`=12603) OR (`TrainerId`=407 AND `SpellId`=12599) OR (`TrainerId`=407 AND `SpellId`=3962) OR (`TrainerId`=407 AND `SpellId`=3961) OR (`TrainerId`=407 AND `SpellId`=12595) OR (`TrainerId`=407 AND `SpellId`=12594) OR (`TrainerId`=407 AND `SpellId`=12591) OR (`TrainerId`=407 AND `SpellId`=12589) OR (`TrainerId`=407 AND `SpellId`=12590) OR (`TrainerId`=407 AND `SpellId`=12586) OR (`TrainerId`=407 AND `SpellId`=12585) OR (`TrainerId`=407 AND `SpellId`=3967) OR (`TrainerId`=407 AND `SpellId`=3965) OR (`TrainerId`=407 AND `SpellId`=3963) OR (`TrainerId`=407 AND `SpellId`=12615) OR (`TrainerId`=407 AND `SpellId`=3939) OR (`TrainerId`=407 AND `SpellId`=3956) OR (`TrainerId`=407 AND `SpellId`=9271) OR (`TrainerId`=407 AND `SpellId`=8334) OR (`TrainerId`=407 AND `SpellId`=6458) OR (`TrainerId`=407 AND `SpellId`=3955) OR (`TrainerId`=407 AND `SpellId`=3953) OR (`TrainerId`=407 AND `SpellId`=3950) OR (`TrainerId`=407 AND `SpellId`=3949) OR (`TrainerId`=407 AND `SpellId`=3946) OR (`TrainerId`=407 AND `SpellId`=3945) OR (`TrainerId`=407 AND `SpellId`=3942) OR (`TrainerId`=407 AND `SpellId`=3941) OR (`TrainerId`=407 AND `SpellId`=3978) OR (`TrainerId`=407 AND `SpellId`=3938) OR (`TrainerId`=407 AND `SpellId`=3937) OR (`TrainerId`=407 AND `SpellId`=3936) OR (`TrainerId`=407 AND `SpellId`=3934) OR (`TrainerId`=407 AND `SpellId`=3932) OR (`TrainerId`=407 AND `SpellId`=3973) OR (`TrainerId`=407 AND `SpellId`=12584) OR (`TrainerId`=407 AND `SpellId`=39895) OR (`TrainerId`=407 AND `SpellId`=12617) OR (`TrainerId`=407 AND `SpellId`=63750) OR (`TrainerId`=407 AND `SpellId`=12622) OR (`TrainerId`=407 AND `SpellId`=12619) OR (`TrainerId`=407 AND `SpellId`=12618) OR (`TrainerId`=407 AND `SpellId`=19788) OR (`TrainerId`=407 AND `SpellId`=23070) OR (`TrainerId`=407 AND `SpellId`=19791) OR (`TrainerId`=407 AND `SpellId`=19790) OR (`TrainerId`=407 AND `SpellId`=19825) OR (`TrainerId`=407 AND `SpellId`=19795) OR (`TrainerId`=407 AND `SpellId`=19794) OR (`TrainerId`=407 AND `SpellId`=23071) OR (`TrainerId`=407 AND `SpellId`=19792) OR (`TrainerId`=163 AND `SpellId`=264623) OR (`TrainerId`=163 AND `SpellId`=134585) OR (`TrainerId`=163 AND `SpellId`=99537) OR (`TrainerId`=163 AND `SpellId`=94743) OR (`TrainerId`=163 AND `SpellId`=75250) OR (`TrainerId`=163 AND `SpellId`=75264) OR (`TrainerId`=163 AND `SpellId`=75249) OR (`TrainerId`=163 AND `SpellId`=75247) OR (`TrainerId`=163 AND `SpellId`=74964) OR (`TrainerId`=163 AND `SpellId`=75248) OR (`TrainerId`=163 AND `SpellId`=75268) OR (`TrainerId`=163 AND `SpellId`=75260) OR (`TrainerId`=163 AND `SpellId`=75267) OR (`TrainerId`=163 AND `SpellId`=75263) OR (`TrainerId`=163 AND `SpellId`=75266) OR (`TrainerId`=163 AND `SpellId`=75262) OR (`TrainerId`=163 AND `SpellId`=75259) OR (`TrainerId`=163 AND `SpellId`=75261) OR (`TrainerId`=163 AND `SpellId`=75258) OR (`TrainerId`=163 AND `SpellId`=75265) OR (`TrainerId`=163 AND `SpellId`=75255) OR (`TrainerId`=163 AND `SpellId`=75292) OR (`TrainerId`=163 AND `SpellId`=75296) OR (`TrainerId`=163 AND `SpellId`=75290) OR (`TrainerId`=163 AND `SpellId`=75294) OR (`TrainerId`=163 AND `SpellId`=75269) OR (`TrainerId`=163 AND `SpellId`=75291) OR (`TrainerId`=163 AND `SpellId`=75295) OR (`TrainerId`=163 AND `SpellId`=75270) OR (`TrainerId`=163 AND `SpellId`=75297) OR (`TrainerId`=163 AND `SpellId`=75293) OR (`TrainerId`=163 AND `SpellId`=75141) OR (`TrainerId`=163 AND `SpellId`=75142) OR (`TrainerId`=163 AND `SpellId`=75145) OR (`TrainerId`=163 AND `SpellId`=75144) OR (`TrainerId`=163 AND `SpellId`=75146) OR (`TrainerId`=163 AND `SpellId`=75251) OR (`TrainerId`=163 AND `SpellId`=75252) OR (`TrainerId`=163 AND `SpellId`=75253) OR (`TrainerId`=163 AND `SpellId`=75254) OR (`TrainerId`=163 AND `SpellId`=75256) OR (`TrainerId`=163 AND `SpellId`=75257) OR (`TrainerId`=163 AND `SpellId`=264617) OR (`TrainerId`=163 AND `SpellId`=3841) OR (`TrainerId`=163 AND `SpellId`=2394) OR (`TrainerId`=163 AND `SpellId`=2393) OR (`TrainerId`=163 AND `SpellId`=2392) OR (`TrainerId`=163 AND `SpellId`=2386) OR (`TrainerId`=163 AND `SpellId`=3840) OR (`TrainerId`=163 AND `SpellId`=2385) OR (`TrainerId`=163 AND `SpellId`=3914) OR (`TrainerId`=163 AND `SpellId`=8776) OR (`TrainerId`=163 AND `SpellId`=8465) OR (`TrainerId`=163 AND `SpellId`=7624) OR (`TrainerId`=163 AND `SpellId`=7623) OR (`TrainerId`=163 AND `SpellId`=3755) OR (`TrainerId`=163 AND `SpellId`=12046) OR (`TrainerId`=163 AND `SpellId`=12045) OR (`TrainerId`=163 AND `SpellId`=2402) OR (`TrainerId`=163 AND `SpellId`=2964) OR (`TrainerId`=163 AND `SpellId`=2396) OR (`TrainerId`=163 AND `SpellId`=3842) OR (`TrainerId`=163 AND `SpellId`=2397) OR (`TrainerId`=163 AND `SpellId`=2395) OR (`TrainerId`=163 AND `SpellId`=3852) OR (`TrainerId`=163 AND `SpellId`=3839) OR (`TrainerId`=163 AND `SpellId`=3859) OR (`TrainerId`=163 AND `SpellId`=8760) OR (`TrainerId`=163 AND `SpellId`=8758) OR (`TrainerId`=163 AND `SpellId`=8467) OR (`TrainerId`=163 AND `SpellId`=6690) OR (`TrainerId`=163 AND `SpellId`=3757) OR (`TrainerId`=163 AND `SpellId`=3813) OR (`TrainerId`=163 AND `SpellId`=6521) OR (`TrainerId`=163 AND `SpellId`=3845) OR (`TrainerId`=163 AND `SpellId`=63742) OR (`TrainerId`=163 AND `SpellId`=3855) OR (`TrainerId`=163 AND `SpellId`=3866) OR (`TrainerId`=163 AND `SpellId`=3850) OR (`TrainerId`=163 AND `SpellId`=3848) OR (`TrainerId`=163 AND `SpellId`=2406) OR (`TrainerId`=163 AND `SpellId`=2401) OR (`TrainerId`=163 AND `SpellId`=2399) OR (`TrainerId`=163 AND `SpellId`=3843) OR (`TrainerId`=163 AND `SpellId`=12071) OR (`TrainerId`=163 AND `SpellId`=12055) OR (`TrainerId`=163 AND `SpellId`=12052) OR (`TrainerId`=163 AND `SpellId`=3861) OR (`TrainerId`=163 AND `SpellId`=3865) OR (`TrainerId`=163 AND `SpellId`=8762) OR (`TrainerId`=163 AND `SpellId`=8764) OR (`TrainerId`=163 AND `SpellId`=3871) OR (`TrainerId`=163 AND `SpellId`=8791) OR (`TrainerId`=163 AND `SpellId`=8804) OR (`TrainerId`=163 AND `SpellId`=8799) OR (`TrainerId`=163 AND `SpellId`=8774) OR (`TrainerId`=163 AND `SpellId`=8772) OR (`TrainerId`=163 AND `SpellId`=8770) OR (`TrainerId`=163 AND `SpellId`=8766) OR (`TrainerId`=163 AND `SpellId`=12070) OR (`TrainerId`=163 AND `SpellId`=12069) OR (`TrainerId`=163 AND `SpellId`=12067) OR (`TrainerId`=163 AND `SpellId`=12065) OR (`TrainerId`=163 AND `SpellId`=12061) OR (`TrainerId`=163 AND `SpellId`=12053) OR (`TrainerId`=163 AND `SpellId`=12049) OR (`TrainerId`=163 AND `SpellId`=12050) OR (`TrainerId`=163 AND `SpellId`=12048) OR (`TrainerId`=163 AND `SpellId`=8489) OR (`TrainerId`=163 AND `SpellId`=8483) OR (`TrainerId`=163 AND `SpellId`=18453) OR (`TrainerId`=163 AND `SpellId`=18451) OR (`TrainerId`=163 AND `SpellId`=18442) OR (`TrainerId`=163 AND `SpellId`=18437) OR (`TrainerId`=163 AND `SpellId`=18424) OR (`TrainerId`=163 AND `SpellId`=18423) OR (`TrainerId`=163 AND `SpellId`=18411) OR (`TrainerId`=163 AND `SpellId`=18407) OR (`TrainerId`=163 AND `SpellId`=18403) OR (`TrainerId`=163 AND `SpellId`=12082) OR (`TrainerId`=163 AND `SpellId`=12076) OR (`TrainerId`=163 AND `SpellId`=18446) OR (`TrainerId`=163 AND `SpellId`=18444) OR (`TrainerId`=163 AND `SpellId`=18441) OR (`TrainerId`=163 AND `SpellId`=18438) OR (`TrainerId`=163 AND `SpellId`=18421) OR (`TrainerId`=163 AND `SpellId`=18420) OR (`TrainerId`=163 AND `SpellId`=18417) OR (`TrainerId`=163 AND `SpellId`=18416) OR (`TrainerId`=163 AND `SpellId`=18415) OR (`TrainerId`=163 AND `SpellId`=18402) OR (`TrainerId`=163 AND `SpellId`=18401) OR (`TrainerId`=163 AND `SpellId`=12092) OR (`TrainerId`=163 AND `SpellId`=12088) OR (`TrainerId`=163 AND `SpellId`=12079) OR (`TrainerId`=163 AND `SpellId`=12077) OR (`TrainerId`=163 AND `SpellId`=12074) OR (`TrainerId`=163 AND `SpellId`=12073) OR (`TrainerId`=163 AND `SpellId`=12072) OR (`TrainerId`=163 AND `SpellId`=18414) OR (`TrainerId`=163 AND `SpellId`=18413) OR (`TrainerId`=163 AND `SpellId`=18410) OR (`TrainerId`=163 AND `SpellId`=18409) OR (`TrainerId`=163 AND `SpellId`=18406) OR (`TrainerId`=163 AND `SpellId`=18450) OR (`TrainerId`=163 AND `SpellId`=18449) OR (`TrainerId`=880 AND `SpellId`=7928) OR (`TrainerId`=880 AND `SpellId`=7929) OR (`TrainerId`=880 AND `SpellId`=3278) OR (`TrainerId`=880 AND `SpellId`=3277) OR (`TrainerId`=880 AND `SpellId`=74558) OR (`TrainerId`=880 AND `SpellId`=74556) OR (`TrainerId`=880 AND `SpellId`=88893) OR (`TrainerId`=880 AND `SpellId`=74557) OR (`TrainerId`=880 AND `SpellId`=27033) OR (`TrainerId`=880 AND `SpellId`=27032) OR (`TrainerId`=880 AND `SpellId`=45546) OR (`TrainerId`=880 AND `SpellId`=45545) OR (`TrainerId`=880 AND `SpellId`=3276) OR (`TrainerId`=880 AND `SpellId`=18630) OR (`TrainerId`=880 AND `SpellId`=10840) OR (`TrainerId`=880 AND `SpellId`=10841) OR (`TrainerId`=880 AND `SpellId`=18629);
INSERT INTO `trainer_spell` (`TrainerId`, `SpellId`, `MoneyCost`, `ReqSkillLine`, `ReqSkillRank`, `ReqAbility1`, `ReqAbility2`, `ReqAbility3`, `ReqLevel`, `VerifiedBuild`) VALUES
(136, 264639, 300000, 185, 1, 0, 0, 0, 78, 27404),
(136, 88015, 30000, 2545, 1, 0, 0, 0, 0, 27404),
(136, 88006, 35000, 2545, 1, 0, 0, 0, 0, 27404),
(136, 264633, 10, 0, 0, 0, 0, 0, 5, 27404),
(136, 6412, 50, 2548, 10, 0, 0, 0, 0, 27404),
(136, 6415, 100, 2548, 50, 0, 0, 0, 0, 27404),
(136, 93741, 80, 2548, 40, 0, 0, 0, 0, 27404),
(136, 6499, 100, 2548, 50, 0, 0, 0, 0, 27404),
(136, 2544, 200, 2548, 75, 0, 0, 0, 0, 27404),
(136, 2541, 100, 2548, 50, 0, 0, 0, 0, 27404),
(136, 2539, 50, 2548, 10, 0, 0, 0, 0, 27404),
(136, 37836, 10, 2548, 1, 0, 0, 0, 0, 27404),
(136, 3399, 450, 2548, 150, 0, 0, 0, 0, 27404),
(136, 6500, 300, 2548, 125, 0, 0, 0, 0, 27404),
(136, 2546, 150, 2548, 80, 0, 0, 0, 0, 27404),
(136, 3400, 500, 2548, 175, 0, 0, 0, 0, 27404),
(136, 18238, 5000, 2548, 225, 0, 0, 0, 0, 27404),
(136, 4094, 500, 2548, 175, 0, 0, 0, 0, 27404),
(136, 21175, 4000, 2548, 200, 0, 0, 0, 0, 27404),
(136, 46684, 6500, 2548, 250, 0, 0, 0, 0, 27404),
(136, 46688, 6500, 2548, 250, 0, 0, 0, 0, 27404),
(136, 18244, 6500, 2548, 250, 0, 0, 0, 0, 27404),
(136, 18243, 6500, 2548, 250, 0, 0, 0, 0, 27404),
(136, 18240, 6000, 2548, 240, 0, 0, 0, 0, 27404),
(424, 2373, 500, 182, 50, 0, 0, 0, 0, 27404),
(424, 265820, 10, 0, 0, 0, 0, 0, 5, 27404),
(91, 265844, 300000, 186, 1, 0, 0, 0, 78, 27404),
(91, 74537, 50000, 2569, 50, 0, 0, 0, 0, 27404),
(91, 84038, 50000, 2569, 1, 0, 0, 0, 0, 27404),
(91, 74530, 50000, 2569, 25, 0, 0, 0, 0, 27404),
(91, 74529, 50000, 2569, 75, 0, 0, 0, 0, 27404),
(91, 265838, 10, 0, 0, 0, 0, 0, 5, 27404),
(91, 2659, 200, 2572, 50, 0, 0, 0, 0, 27404),
(91, 3304, 50, 2572, 50, 0, 0, 0, 0, 27404),
(91, 2658, 200, 2572, 65, 0, 0, 0, 0, 27404),
(91, 3569, 750, 2572, 125, 0, 0, 0, 0, 27404),
(91, 3308, 600, 2572, 115, 0, 0, 0, 0, 27404),
(91, 3307, 500, 2572, 100, 0, 0, 0, 0, 27404),
(91, 10098, 10000, 2572, 165, 0, 0, 0, 0, 27404),
(91, 16153, 20000, 2572, 200, 0, 0, 0, 0, 27404),
(91, 10097, 5000, 2572, 150, 0, 0, 0, 0, 27404),
(91, 70524, 10000, 2572, 250, 0, 0, 0, 0, 27404),
(407, 12760, 1425, 2506, 205, 20222, 0, 0, 0, 27404),
(407, 12718, 1425, 2506, 205, 20222, 0, 0, 0, 27404),
(407, 12716, 1425, 2506, 205, 20222, 0, 0, 0, 27404),
(407, 12717, 1425, 2506, 205, 20222, 0, 0, 0, 27404),
(407, 8895, 2090, 2506, 225, 20222, 0, 0, 0, 27404),
(407, 12715, 950, 2506, 205, 20222, 0, 0, 0, 27404),
(407, 12902, 1710, 2506, 210, 20219, 0, 0, 0, 27404),
(407, 12905, 1425, 2506, 210, 20219, 0, 0, 0, 27404),
(407, 12903, 1900, 2506, 215, 20219, 0, 0, 0, 27404),
(407, 12899, 1425, 2506, 205, 20219, 0, 0, 0, 27404),
(407, 12897, 2090, 2506, 215, 20219, 0, 0, 0, 27404),
(407, 12895, 1425, 2506, 205, 20219, 0, 0, 0, 27404),
(407, 12907, 2470, 2506, 235, 20219, 0, 0, 0, 27404),
(407, 12759, 2660, 2506, 240, 20219, 0, 0, 0, 27404),
(407, 12906, 2280, 2506, 230, 20219, 0, 0, 0, 27404),
(407, 12908, 2660, 2506, 240, 20222, 0, 0, 0, 27404),
(407, 12758, 2850, 2506, 245, 20222, 0, 0, 0, 27404),
(407, 12754, 2470, 2506, 235, 20222, 0, 0, 0, 27404),
(407, 12755, 2280, 2506, 230, 20222, 0, 0, 0, 27404),
(407, 84413, 152000, 2503, 25, 20219, 0, 0, 0, 27404),
(407, 95705, 190000, 2503, 50, 20219, 0, 0, 0, 27404),
(407, 95707, 190000, 2503, 50, 20222, 0, 0, 0, 27404),
(407, 84412, 152000, 2503, 25, 20222, 0, 0, 0, 27404),
(407, 264484, 285000, 202, 1, 0, 0, 0, 78, 27404),
(407, 95703, 142500, 2503, 1, 0, 0, 0, 0, 27404),
(407, 94748, 142500, 2503, 1, 0, 0, 0, 0, 27404),
(407, 84408, 142500, 2503, 1, 0, 0, 0, 0, 27404),
(407, 81720, 228000, 2503, 75, 0, 0, 0, 0, 27404),
(407, 84431, 228000, 2503, 75, 0, 0, 0, 0, 27404),
(407, 84415, 161500, 2503, 25, 0, 0, 0, 0, 27404),
(407, 84430, 190000, 2503, 60, 0, 0, 0, 0, 27404),
(407, 84406, 142500, 2503, 1, 0, 0, 0, 0, 27404),
(407, 84429, 190000, 2503, 55, 0, 0, 0, 0, 27404),
(407, 84421, 161500, 2503, 40, 0, 0, 0, 0, 27404),
(407, 81725, 228000, 2503, 75, 0, 0, 0, 0, 27404),
(407, 84428, 190000, 2503, 65, 0, 0, 0, 0, 27404),
(407, 84420, 161500, 2503, 40, 0, 0, 0, 0, 27404),
(407, 81724, 228000, 2503, 75, 0, 0, 0, 0, 27404),
(407, 81716, 228000, 2503, 75, 0, 0, 0, 0, 27404),
(407, 84411, 152000, 2503, 15, 0, 0, 0, 0, 27404),
(407, 84403, 142500, 2503, 1, 0, 0, 0, 0, 27404),
(407, 81715, 228000, 2503, 75, 0, 0, 0, 0, 27404),
(407, 84418, 161500, 2503, 25, 0, 0, 0, 0, 27404),
(407, 84410, 142500, 2503, 1, 0, 0, 0, 0, 27404),
(407, 81722, 228000, 2503, 75, 0, 0, 0, 0, 27404),
(407, 81714, 228000, 2503, 75, 0, 0, 0, 0, 27404),
(407, 84417, 161500, 2503, 45, 0, 0, 0, 0, 27404),
(407, 84409, 152000, 2503, 5, 0, 0, 0, 0, 27404),
(407, 84432, 228000, 2503, 75, 0, 0, 0, 0, 27404),
(407, 84416, 161500, 2503, 25, 0, 0, 0, 0, 27404),
(407, 264478, 10, 0, 0, 0, 0, 0, 5, 27404),
(407, 7430, 142, 2506, 50, 0, 0, 0, 0, 27404),
(407, 3931, 238, 2506, 65, 0, 0, 0, 0, 27404),
(407, 3929, 238, 2506, 65, 0, 0, 0, 0, 27404),
(407, 3977, 190, 2506, 60, 0, 0, 0, 0, 27404),
(407, 3925, 142, 2506, 50, 0, 0, 0, 0, 27404),
(407, 3923, 124, 2506, 30, 0, 0, 0, 0, 27404),
(407, 3922, 109, 2506, 30, 0, 0, 0, 0, 27404),
(407, 3979, 1140, 2506, 180, 0, 0, 0, 0, 27404),
(407, 3958, 760, 2506, 160, 0, 0, 0, 0, 27404),
(407, 15255, 1425, 2506, 200, 0, 0, 0, 0, 27404),
(407, 12603, 1710, 2506, 215, 0, 0, 0, 0, 27404),
(407, 12599, 1710, 2506, 215, 0, 0, 0, 0, 27404),
(407, 3962, 950, 2506, 175, 0, 0, 0, 0, 27404),
(407, 3961, 855, 2506, 170, 0, 0, 0, 0, 27404),
(407, 12595, 1520, 2506, 205, 0, 0, 0, 0, 27404),
(407, 12594, 1520, 2506, 205, 0, 0, 0, 0, 27404),
(407, 12591, 1425, 2506, 200, 0, 0, 0, 0, 27404),
(407, 12589, 1235, 2506, 195, 0, 0, 0, 0, 27404),
(407, 12590, 950, 2506, 175, 0, 0, 0, 0, 27404),
(407, 12586, 950, 2506, 175, 0, 0, 0, 0, 27404),
(407, 12585, 950, 2506, 175, 0, 0, 0, 0, 27404),
(407, 3967, 1330, 2506, 190, 0, 0, 0, 0, 27404),
(407, 3965, 1140, 2506, 185, 0, 0, 0, 0, 27404),
(407, 3963, 950, 2506, 175, 0, 0, 0, 0, 27404),
(407, 12615, 2375, 2506, 225, 0, 0, 0, 0, 27404),
(407, 3939, 475, 2506, 120, 0, 0, 0, 0, 27404),
(407, 3956, 712, 2506, 150, 0, 0, 0, 0, 27404),
(407, 9271, 475, 2506, 150, 0, 0, 0, 0, 27404),
(407, 8334, 285, 2506, 100, 0, 0, 0, 0, 27404),
(407, 6458, 380, 2506, 135, 0, 0, 0, 0, 27404),
(407, 3955, 712, 2506, 150, 0, 0, 0, 0, 27404),
(407, 3953, 570, 2506, 145, 0, 0, 0, 0, 27404),
(407, 3950, 570, 2506, 140, 0, 0, 0, 0, 27404),
(407, 3949, 522, 2506, 130, 0, 0, 0, 0, 27404),
(407, 3946, 475, 2506, 125, 0, 0, 0, 0, 27404),
(407, 3945, 475, 2506, 125, 0, 0, 0, 0, 27404),
(407, 3942, 475, 2506, 125, 0, 0, 0, 0, 27404),
(407, 3941, 475, 2506, 120, 0, 0, 0, 0, 27404),
(407, 3978, 451, 2506, 110, 0, 0, 0, 0, 27404),
(407, 3938, 428, 2506, 105, 0, 0, 0, 0, 27404),
(407, 3937, 428, 2506, 105, 0, 0, 0, 0, 27404),
(407, 3936, 399, 2506, 105, 0, 0, 0, 0, 27404),
(407, 3934, 380, 2506, 100, 0, 0, 0, 0, 27404),
(407, 3932, 285, 2506, 85, 0, 0, 0, 0, 27404),
(407, 3973, 285, 2506, 90, 0, 0, 0, 0, 27404),
(407, 12584, 950, 2506, 150, 0, 0, 0, 0, 27404),
(407, 39895, 9500, 2506, 275, 0, 0, 0, 0, 27404),
(407, 12617, 2090, 2506, 230, 0, 0, 0, 0, 27404),
(407, 63750, 4750, 2506, 250, 0, 0, 0, 0, 27404),
(407, 12622, 2660, 2506, 245, 0, 0, 0, 0, 27404),
(407, 12619, 2280, 2506, 235, 0, 0, 0, 0, 27404),
(407, 12618, 2090, 2506, 230, 0, 0, 0, 0, 27404),
(407, 19788, 3800, 2506, 250, 0, 0, 0, 0, 27404),
(407, 23070, 4750, 2506, 250, 0, 0, 0, 0, 27404),
(407, 19791, 4750, 2506, 260, 0, 0, 0, 0, 27404),
(407, 19790, 9500, 2506, 260, 0, 0, 0, 0, 27404),
(407, 19825, 19000, 2506, 290, 0, 0, 0, 0, 27404),
(407, 19795, 9500, 2506, 275, 0, 0, 0, 0, 27404),
(407, 19794, 19000, 2506, 270, 0, 0, 0, 0, 27404),
(407, 23071, 4750, 2506, 260, 0, 0, 0, 0, 27404),
(407, 19792, 9500, 2506, 260, 0, 0, 0, 0, 27404),
(163, 264623, 300000, 197, 1, 0, 0, 0, 78, 27404),
(163, 134585, 180000, 2537, 65, 0, 0, 0, 0, 27404),
(163, 99537, 150000, 2537, 40, 0, 0, 0, 0, 27404),
(163, 94743, 240000, 2537, 75, 0, 0, 0, 0, 27404),
(163, 75250, 120000, 2537, 1, 0, 0, 0, 0, 27404),
(163, 75264, 150000, 2537, 30, 0, 0, 0, 0, 27404),
(163, 75249, 120000, 2537, 1, 0, 0, 0, 0, 27404),
(163, 75247, 100000, 2537, 1, 0, 0, 0, 0, 27404),
(163, 74964, 100000, 2537, 1, 0, 0, 0, 0, 27404),
(163, 75248, 120000, 2537, 1, 0, 0, 0, 0, 27404),
(163, 75268, 150000, 2537, 40, 0, 0, 0, 0, 27404),
(163, 75260, 120000, 2537, 25, 0, 0, 0, 0, 27404),
(163, 75267, 150000, 2537, 35, 0, 0, 0, 0, 27404),
(163, 75263, 150000, 2537, 30, 0, 0, 0, 0, 27404),
(163, 75266, 150000, 2537, 35, 0, 0, 0, 0, 27404),
(163, 75262, 150000, 2537, 30, 0, 0, 0, 0, 27404),
(163, 75259, 120000, 2537, 20, 0, 0, 0, 0, 27404),
(163, 75261, 120000, 2537, 25, 0, 0, 0, 0, 27404),
(163, 75258, 120000, 2537, 20, 0, 0, 0, 0, 27404),
(163, 75265, 150000, 2537, 30, 0, 0, 0, 0, 27404),
(163, 75255, 120000, 2537, 10, 0, 0, 0, 0, 27404),
(163, 75292, 180000, 2537, 60, 0, 0, 0, 0, 27404),
(163, 75296, 180000, 2537, 70, 0, 0, 0, 0, 27404),
(163, 75290, 150000, 2537, 50, 0, 0, 0, 0, 27404),
(163, 75294, 180000, 2537, 65, 0, 0, 0, 0, 27404),
(163, 75269, 180000, 2537, 60, 0, 0, 0, 0, 27404),
(163, 75291, 180000, 2537, 55, 0, 0, 0, 0, 27404),
(163, 75295, 180000, 2537, 65, 0, 0, 0, 0, 27404),
(163, 75270, 150000, 2537, 50, 0, 0, 0, 0, 27404),
(163, 75297, 180000, 2537, 70, 0, 0, 0, 0, 27404),
(163, 75293, 180000, 2537, 60, 0, 0, 0, 0, 27404),
(163, 75141, 150000, 2537, 65, 0, 0, 0, 0, 27404),
(163, 75142, 150000, 2537, 55, 0, 0, 0, 0, 27404),
(163, 75145, 150000, 2537, 60, 0, 0, 0, 0, 27404),
(163, 75144, 150000, 2537, 50, 0, 0, 0, 0, 27404),
(163, 75146, 150000, 2537, 50, 0, 0, 0, 0, 27404),
(163, 75251, 120000, 2537, 5, 0, 0, 0, 0, 27404),
(163, 75252, 120000, 2537, 5, 0, 0, 0, 0, 27404),
(163, 75253, 120000, 2537, 10, 0, 0, 0, 0, 27404),
(163, 75254, 120000, 2537, 10, 0, 0, 0, 0, 27404),
(163, 75256, 120000, 2537, 15, 0, 0, 0, 0, 27404),
(163, 75257, 120000, 2537, 15, 0, 0, 0, 0, 27404),
(163, 264617, 10, 0, 0, 0, 0, 0, 5, 27404),
(163, 3841, 200, 2540, 60, 0, 0, 0, 0, 27404),
(163, 2394, 50, 2540, 40, 0, 0, 0, 0, 27404),
(163, 2393, 25, 2540, 1, 0, 0, 0, 0, 27404),
(163, 2392, 50, 2540, 40, 0, 0, 0, 0, 27404),
(163, 2386, 200, 2540, 65, 0, 0, 0, 0, 27404),
(163, 3840, 100, 2540, 35, 0, 0, 0, 0, 27404),
(163, 2385, 50, 2540, 10, 0, 0, 0, 0, 27404),
(163, 3914, 50, 2540, 30, 0, 0, 0, 0, 27404),
(163, 8776, 50, 2540, 15, 0, 0, 0, 0, 27404),
(163, 8465, 50, 2540, 40, 0, 0, 0, 0, 27404),
(163, 7624, 50, 2540, 30, 0, 0, 0, 0, 27404),
(163, 7623, 50, 2540, 30, 0, 0, 0, 0, 27404),
(163, 3755, 100, 2540, 45, 0, 0, 0, 0, 27404),
(163, 12046, 300, 2540, 75, 0, 0, 0, 0, 27404),
(163, 12045, 50, 2540, 20, 0, 0, 0, 0, 27404),
(163, 2402, 250, 2540, 75, 0, 0, 0, 0, 27404),
(163, 2964, 100, 2540, 75, 0, 0, 0, 0, 27404),
(163, 2396, 200, 2540, 70, 0, 0, 0, 0, 27404),
(163, 3842, 300, 2540, 70, 0, 0, 0, 0, 27404),
(163, 2397, 200, 2540, 60, 0, 0, 0, 0, 27404),
(163, 2395, 300, 2540, 70, 0, 0, 0, 0, 27404),
(163, 3852, 750, 2540, 130, 0, 0, 0, 0, 27404),
(163, 3839, 500, 2540, 125, 0, 0, 0, 0, 27404),
(163, 3859, 750, 2540, 150, 0, 0, 0, 0, 27404),
(163, 8760, 600, 2540, 145, 0, 0, 0, 0, 27404),
(163, 8758, 600, 2540, 140, 0, 0, 0, 0, 27404),
(163, 8467, 250, 2540, 110, 0, 0, 0, 0, 27404),
(163, 6690, 1000, 2540, 135, 0, 0, 0, 0, 27404),
(163, 3757, 200, 2540, 80, 0, 0, 0, 0, 27404),
(163, 3813, 800, 2540, 150, 0, 0, 0, 0, 27404),
(163, 6521, 400, 2540, 90, 0, 0, 0, 0, 27404),
(163, 3845, 300, 2540, 80, 0, 0, 0, 0, 27404),
(163, 63742, 750, 2540, 125, 0, 0, 0, 0, 27404),
(163, 3855, 750, 2540, 125, 0, 0, 0, 0, 27404),
(163, 3866, 250, 2540, 110, 0, 0, 0, 0, 27404),
(163, 3850, 500, 2540, 110, 0, 0, 0, 0, 27404),
(163, 3848, 500, 2540, 110, 0, 0, 0, 0, 27404),
(163, 2406, 200, 2540, 100, 0, 0, 0, 0, 27404),
(163, 2401, 300, 2540, 95, 0, 0, 0, 0, 27404),
(163, 2399, 300, 2540, 85, 0, 0, 0, 0, 27404),
(163, 3843, 400, 2540, 85, 0, 0, 0, 0, 27404),
(163, 12071, 6000, 2540, 225, 0, 0, 0, 0, 27404),
(163, 12055, 5500, 2540, 215, 0, 0, 0, 0, 27404),
(163, 12052, 5000, 2540, 210, 0, 0, 0, 0, 27404),
(163, 3861, 1000, 2540, 185, 0, 0, 0, 0, 27404),
(163, 3865, 1000, 2540, 175, 0, 0, 0, 0, 27404),
(163, 8762, 750, 2540, 160, 0, 0, 0, 0, 27404),
(163, 8764, 900, 2540, 170, 0, 0, 0, 0, 27404),
(163, 3871, 500, 2540, 170, 0, 0, 0, 0, 27404),
(163, 8791, 2500, 2540, 185, 0, 0, 0, 0, 27404),
(163, 8804, 5000, 2540, 210, 0, 0, 0, 0, 27404),
(163, 8799, 3000, 2540, 195, 0, 0, 0, 0, 27404),
(163, 8774, 1000, 2540, 180, 0, 0, 0, 0, 27404);

INSERT INTO `trainer_spell` (`TrainerId`, `SpellId`, `MoneyCost`, `ReqSkillLine`, `ReqSkillRank`, `ReqAbility1`, `ReqAbility2`, `ReqAbility3`, `ReqLevel`, `VerifiedBuild`) VALUES
(163, 8772, 1000, 2540, 175, 0, 0, 0, 0, 27404),
(163, 8770, 1000, 2540, 190, 0, 0, 0, 0, 27404),
(163, 8766, 1000, 2540, 175, 0, 0, 0, 0, 27404),
(163, 12070, 5000, 2540, 225, 0, 0, 0, 0, 27404),
(163, 12069, 5000, 2540, 225, 0, 0, 0, 0, 27404),
(163, 12067, 5000, 2540, 225, 0, 0, 0, 0, 27404),
(163, 12065, 5000, 2540, 225, 0, 0, 0, 0, 27404),
(163, 12061, 2500, 2540, 215, 0, 0, 0, 0, 27404),
(163, 12053, 5000, 2540, 215, 0, 0, 0, 0, 27404),
(163, 12049, 4000, 2540, 205, 0, 0, 0, 0, 27404),
(163, 12050, 4000, 2540, 210, 0, 0, 0, 0, 27404),
(163, 12048, 4000, 2540, 205, 0, 0, 0, 0, 27404),
(163, 8489, 750, 2540, 175, 0, 0, 0, 0, 27404),
(163, 8483, 500, 2540, 160, 0, 0, 0, 0, 27404),
(163, 18453, 15000, 2540, 300, 0, 0, 0, 0, 27404),
(163, 18451, 15000, 2540, 300, 0, 0, 0, 0, 27404),
(163, 18442, 15000, 2540, 290, 0, 0, 0, 0, 27404),
(163, 18437, 15000, 2540, 285, 0, 0, 0, 0, 27404),
(163, 18424, 15000, 2540, 280, 0, 0, 0, 0, 27404),
(163, 18423, 15000, 2540, 280, 0, 0, 0, 0, 27404),
(163, 18411, 10000, 2540, 265, 0, 0, 0, 0, 27404),
(163, 18407, 10000, 2540, 260, 0, 0, 0, 0, 27404),
(163, 18403, 10000, 2540, 255, 0, 0, 0, 0, 27404),
(163, 12082, 7000, 2540, 240, 0, 0, 0, 0, 27404),
(163, 12076, 6500, 2540, 235, 0, 0, 0, 0, 27404),
(163, 18446, 15000, 2540, 300, 0, 0, 0, 0, 27404),
(163, 18444, 15000, 2540, 295, 0, 0, 0, 0, 27404),
(163, 18441, 15000, 2540, 290, 0, 0, 0, 0, 27404),
(163, 18438, 15000, 2540, 285, 0, 0, 0, 0, 27404),
(163, 18421, 12500, 2540, 275, 0, 0, 0, 0, 27404),
(163, 18420, 12500, 2540, 275, 0, 0, 0, 0, 27404),
(163, 18417, 12500, 2540, 275, 0, 0, 0, 0, 27404),
(163, 18416, 12500, 2540, 275, 0, 0, 0, 0, 27404),
(163, 18415, 10000, 2540, 270, 0, 0, 0, 0, 27404),
(163, 18402, 10000, 2540, 255, 0, 0, 0, 0, 27404),
(163, 18401, 10000, 2540, 250, 0, 0, 0, 0, 27404),
(163, 12092, 7500, 2540, 250, 0, 0, 0, 0, 27404),
(163, 12088, 7500, 2540, 245, 0, 0, 0, 0, 27404),
(163, 12079, 6500, 2540, 235, 0, 0, 0, 0, 27404),
(163, 12077, 5000, 2540, 235, 0, 0, 0, 0, 27404),
(163, 12074, 6000, 2540, 230, 0, 0, 0, 0, 27404),
(163, 12073, 6000, 2540, 230, 0, 0, 0, 0, 27404),
(163, 12072, 6000, 2540, 230, 0, 0, 0, 0, 27404),
(163, 18414, 10000, 2540, 270, 0, 0, 0, 0, 27404),
(163, 18413, 10000, 2540, 270, 0, 0, 0, 0, 27404),
(163, 18410, 10000, 2540, 265, 0, 0, 0, 0, 27404),
(163, 18409, 10000, 2540, 265, 0, 0, 0, 0, 27404),
(163, 18406, 10000, 2540, 260, 0, 0, 0, 0, 27404),
(163, 18450, 15000, 2540, 300, 0, 0, 0, 0, 27404),
(163, 18449, 15000, 2540, 300, 0, 0, 0, 0, 27404),
(880, 7928, 5000, 2540, 150, 0, 0, 0, 0, 27404),
(880, 7929, 5000, 2540, 180, 0, 0, 0, 0, 27404),
(880, 3278, 1000, 2540, 115, 0, 0, 0, 0, 27404),
(880, 3277, 250, 2540, 80, 0, 0, 0, 0, 27404),
(880, 74558, 15000, 2537, 75, 0, 0, 0, 0, 27404),
(880, 74556, 60000, 2537, 1, 0, 0, 0, 0, 27404),
(880, 88893, 80000, 2537, 75, 74558, 0, 0, 0, 27404),
(880, 74557, 80000, 2537, 25, 0, 0, 0, 0, 27404),
(880, 27033, 40000, 2539, 30, 0, 0, 0, 0, 27404),
(880, 27032, 20000, 2539, 1, 0, 0, 0, 0, 27404),
(880, 45546, 60000, 2538, 15, 0, 0, 0, 0, 27404),
(880, 45545, 40000, 2538, 1, 0, 0, 0, 0, 27404),
(880, 3276, 100, 2540, 40, 0, 0, 0, 0, 27404),
(880, 18630, 20000, 2540, 290, 0, 0, 0, 0, 27404),
(880, 10840, 10000, 2540, 210, 0, 0, 0, 0, 27404),
(880, 10841, 10000, 2540, 240, 0, 0, 0, 0, 27404),
(880, 18629, 20000, 2540, 260, 0, 0, 0, 0, 27404);


DELETE FROM `creature_default_trainer` WHERE `CreatureId` IN (133236, 45545, 133109);
INSERT INTO `creature_default_trainer` (`CreatureId`, `TrainerId`) VALUES
(133236, 91),
(45545, 407),
(133109, 880);

UPDATE creature SET ScriptName = "npc_allied_race_infos_tauren" WHERE (`guid`='210119250');
UPDATE creature SET ScriptName = "npc_allied_race_infos_nightborne" WHERE (`guid`='210119253');

UPDATE creature_template SET npcflag = 1 WHERE entry = 126065; -- lady sylv gossip flag


DELETE FROM `creature_equip_template` WHERE (`CreatureID`=45029 AND `ID`=1) OR (`CreatureID`=53081 AND `ID`=1) OR (`CreatureID`=3400 AND `ID`=1) OR (`CreatureID`=3399 AND `ID`=1) OR (`CreatureID`=45008 AND `ID`=1) OR (`CreatureID`=44975 AND `ID`=1) OR (`CreatureID`=45139 AND `ID`=1) OR (`CreatureID`=7311 AND `ID`=1) OR (`CreatureID`=45137 AND `ID`=1) OR (`CreatureID`=30706 AND `ID`=1) OR (`CreatureID`=45138 AND `ID`=1) OR (`CreatureID`=141707 AND `ID`=1) OR (`CreatureID`=14376 AND `ID`=1) OR (`CreatureID`=45019 AND `ID`=1) OR (`CreatureID`=45023 AND `ID`=1) OR (`CreatureID`=133168 AND `ID`=1) OR (`CreatureID`=46078 AND `ID`=1) OR (`CreatureID`=45545 AND `ID`=1) OR (`CreatureID`=45015 AND `ID`=1) OR (`CreatureID`=45565 AND `ID`=1) OR (`CreatureID`=133127 AND `ID`=1) OR (`CreatureID`=45822 AND `ID`=1) OR (`CreatureID`=133228 AND `ID`=1) OR (`CreatureID`=126062 AND `ID`=1) OR (`CreatureID`=125285 AND `ID`=1) OR (`CreatureID`=46080 AND `ID`=1) OR (`CreatureID`=30611 AND `ID`=1) OR (`CreatureID`=45566 AND `ID`=1) OR (`CreatureID`=69978 AND `ID`=1) OR (`CreatureID`=69977 AND `ID`=1) OR (`CreatureID`=133519 AND `ID`=1) OR (`CreatureID`=126065 AND `ID`=1) OR (`CreatureID`=45347 AND `ID`=1) OR (`CreatureID`=12789 AND `ID`=1) OR (`CreatureID`=133521 AND `ID`=1) OR (`CreatureID`=46082 AND `ID`=1) OR (`CreatureID`=133271 AND `ID`=1) OR (`CreatureID`=12793 AND `ID`=1) OR (`CreatureID`=45814 AND `ID`=1) OR (`CreatureID`=12795 AND `ID`=1) OR (`CreatureID`=12791 AND `ID`=1) OR (`CreatureID`=12790 AND `ID`=1) OR (`CreatureID`=133186 AND `ID`=1) OR (`CreatureID`=12798 AND `ID`=1) OR (`CreatureID`=12797 AND `ID`=1) OR (`CreatureID`=12794 AND `ID`=1) OR (`CreatureID`=45563 AND `ID`=1) OR (`CreatureID`=133218 AND `ID`=1) OR (`CreatureID`=37072 AND `ID`=1) OR (`CreatureID`=46358 AND `ID`=1) OR (`CreatureID`=73151 AND `ID`=1) OR (`CreatureID`=46357 AND `ID`=1) OR (`CreatureID`=12796 AND `ID`=1) OR (`CreatureID`=46359 AND `ID`=1) OR (`CreatureID`=44878 AND `ID`=1) OR (`CreatureID`=139093 AND `ID`=1) OR (`CreatureID`=55054 AND `ID`=1) OR (`CreatureID`=134711 AND `ID`=1) OR (`CreatureID`=42637 AND `ID`=1) OR (`CreatureID`=6929 AND `ID`=1) OR (`CreatureID`=5614 AND `ID`=1) OR (`CreatureID`=5613 AND `ID`=1) OR (`CreatureID`=3370 AND `ID`=1) OR (`CreatureID`=5188 AND `ID`=1) OR (`CreatureID`=3314 AND `ID`=1) OR (`CreatureID`=49750 AND `ID`=1) OR (`CreatureID`=51346 AND `ID`=1) OR (`CreatureID`=5639 AND `ID`=1) OR (`CreatureID`=88703 AND `ID`=1) OR (`CreatureID`=3331 AND `ID`=1) OR (`CreatureID`=14375 AND `ID`=1) OR (`CreatureID`=62194 AND `ID`=1) OR (`CreatureID`=47248 AND `ID`=1) OR (`CreatureID`=47246 AND `ID`=1) OR (`CreatureID`=3329 AND `ID`=1) OR (`CreatureID`=45339 AND `ID`=1) OR (`CreatureID`=47247 AND `ID`=1) OR (`CreatureID`=58155 AND `ID`=1) OR (`CreatureID`=46142 AND `ID`=1) OR (`CreatureID`=44871 AND `ID`=1) OR (`CreatureID`=49622 AND `ID`=1) OR (`CreatureID`=35068 AND `ID`=1) OR (`CreatureID`=46556 AND `ID`=1) OR (`CreatureID`=3342 AND `ID`=1) OR (`CreatureID`=4047 AND `ID`=1) OR (`CreatureID`=46555 AND `ID`=1) OR (`CreatureID`=47571 AND `ID`=1) OR (`CreatureID`=44872 AND `ID`=1) OR (`CreatureID`=89830 AND `ID`=1) OR (`CreatureID`=133185 AND `ID`=1) OR (`CreatureID`=45337 AND `ID`=1) OR (`CreatureID`=3144 AND `ID`=1) OR (`CreatureID`=3312 AND `ID`=1) OR (`CreatureID`=23128 AND `ID`=1) OR (`CreatureID`=72559 AND `ID`=1) OR (`CreatureID`=3296 AND `ID`=1) OR (`CreatureID`=74228 AND `ID`=1) OR (`CreatureID`=3323 AND `ID`=1);
INSERT INTO `creature_equip_template` (`CreatureID`, `ID`, `ItemID1`, `AppearanceModID1`, `ItemVisual1`, `ItemID2`, `AppearanceModID2`, `ItemVisual2`, `ItemID3`, `AppearanceModID3`, `ItemVisual3`) VALUES
(45029, 1, 9482, 0, 0, 0, 0, 0, 0, 0, 0), -- 45029
(53081, 1, 31801, 0, 0, 0, 0, 0, 0, 0, 0), -- 53081
(3400, 1, 3351, 0, 0, 0, 0, 0, 0, 0, 0), -- 3400
(3399, 1, 2827, 0, 0, 0, 0, 0, 0, 0, 0), -- 3399
(45008, 1, 6225, 0, 0, 13854, 0, 0, 0, 0, 0), -- 45008
(44975, 1, 1117, 0, 0, 0, 0, 0, 0, 0, 0), -- 44975
(45139, 1, 14873, 0, 0, 0, 0, 0, 0, 0, 0), -- 45139
(7311, 1, 12328, 0, 0, 0, 0, 0, 0, 0, 0), -- 7311
(45137, 1, 56157, 0, 0, 0, 0, 0, 0, 0, 0), -- 45137
(30706, 1, 12862, 0, 0, 0, 0, 0, 0, 0, 0), -- 30706
(45138, 1, 4993, 0, 0, 0, 0, 0, 0, 0, 0), -- 45138
(141707, 1, 13631, 0, 0, 0, 0, 0, 0, 0, 0), -- 141707
(14376, 1, 10612, 0, 0, 0, 0, 0, 2507, 0, 0), -- 14376
(45019, 1, 60822, 0, 0, 60822, 0, 0, 0, 0, 0), -- 45019
(45023, 1, 3433, 0, 0, 0, 0, 0, 19993, 0, 0), -- 45023
(133168, 1, 61337, 0, 0, 0, 0, 0, 50150, 0, 0), -- 133168
(46078, 1, 3364, 0, 0, 12332, 0, 0, 0, 0, 0), -- 46078
(45545, 1, 1911, 0, 0, 0, 0, 0, 0, 0, 0), -- 45545
(45015, 1, 13631, 0, 0, 0, 0, 0, 0, 0, 0), -- 45015
(45565, 1, 2703, 0, 0, 13859, 0, 0, 0, 0, 0), -- 45565
(133127, 1, 1911, 0, 0, 0, 0, 0, 0, 0, 0), -- 133127
(45822, 1, 61337, 0, 0, 0, 0, 0, 50150, 0, 0), -- 45822
(133228, 1, 1117, 0, 0, 0, 0, 0, 0, 0, 0), -- 133228
(126062, 1, 163831, 0, 0, 163832, 0, 0, 0, 0, 0), -- 126062
(125285, 1, 58367, 0, 0, 0, 0, 0, 0, 0, 0), -- 125285
(46080, 1, 12862, 0, 0, 0, 0, 0, 0, 0, 0), -- 46080
(30611, 1, 5289, 0, 0, 0, 0, 0, 2507, 0, 0), -- 30611
(45566, 1, 2703, 0, 0, 13859, 0, 0, 0, 0, 0), -- 45566
(69978, 1, 14824, 0, 0, 0, 0, 0, 0, 0, 0), -- 69978
(69977, 1, 37123, 0, 0, 0, 0, 0, 0, 0, 0), -- 69977
(133519, 1, 29433, 0, 0, 0, 0, 0, 0, 0, 0), -- 133519
(126065, 1, 2179, 0, 0, 0, 0, 0, 42775, 0, 0), -- 126065
(45347, 1, 1907, 0, 0, 0, 0, 0, 0, 0, 0), -- 45347
(12789, 1, 13631, 0, 0, 0, 0, 0, 0, 0, 0), -- 12789
(133521, 1, 65795, 0, 0, 0, 0, 0, 5258, 0, 0), -- 133521
(46082, 1, 1911, 0, 0, 0, 0, 0, 0, 0, 0), -- 46082
(133271, 1, 0, 0, 0, 0, 0, 0, 34268, 0, 0), -- 133271
(12793, 1, 6680, 0, 0, 0, 0, 0, 0, 0, 0), -- 12793
(45814, 1, 61337, 0, 0, 0, 0, 0, 50150, 0, 0), -- 45814
(12795, 1, 12786, 0, 0, 0, 0, 0, 0, 0, 0), -- 12795
(12791, 1, 0, 0, 0, 0, 0, 0, 16582, 0, 0), -- 12791
(12790, 1, 13612, 0, 0, 0, 0, 0, 0, 0, 0), -- 12790
(133186, 1, 109677, 0, 0, 0, 0, 0, 0, 0, 0), -- 133186
(12798, 1, 12403, 0, 0, 0, 0, 0, 0, 0, 0), -- 12798
(12797, 1, 12403, 0, 0, 0, 0, 0, 0, 0, 0), -- 12797
(12794, 1, 21580, 0, 0, 0, 0, 0, 0, 0, 0), -- 12794
(45563, 1, 2197, 0, 0, 13855, 0, 0, 0, 0, 0), -- 45563
(133218, 1, 38196, 0, 0, 0, 0, 0, 0, 0, 0), -- 133218
(37072, 1, 2182, 0, 0, 0, 0, 0, 0, 0, 0), -- 37072
(46358, 1, 3346, 0, 0, 0, 0, 0, 0, 0, 0), -- 46358
(73151, 1, 100541, 0, 0, 0, 0, 0, 0, 0, 0), -- 73151
(46357, 1, 1910, 0, 0, 0, 0, 0, 0, 0, 0), -- 46357
(12796, 1, 10611, 0, 0, 0, 0, 0, 0, 0, 0), -- 12796
(46359, 1, 1903, 0, 0, 13604, 0, 0, 0, 0, 0), -- 46359
(44878, 1, 5289, 0, 0, 0, 0, 0, 5260, 0, 0), -- 44878
(139093, 1, 11343, 0, 0, 0, 0, 0, 0, 0, 0), -- 139093
(55054, 1, 30848, 0, 0, 0, 0, 0, 0, 0, 0), -- 55054
(134711, 1, 2179, 0, 0, 0, 0, 0, 42775, 0, 0), -- 134711
(42637, 1, 57034, 0, 0, 0, 0, 0, 0, 0, 0), -- 42637
(6929, 1, 6334, 0, 0, 0, 0, 0, 0, 0, 0), -- 6929
(5614, 1, 2716, 0, 0, 0, 0, 0, 0, 0, 0), -- 5614
(5613, 1, 2703, 0, 0, 0, 0, 0, 0, 0, 0), -- 5613
(3370, 1, 5303, 0, 0, 0, 0, 0, 0, 0, 0), -- 3370
(5188, 1, 5284, 0, 0, 0, 0, 0, 0, 0, 0), -- 5188
(3314, 1, 10611, 0, 0, 0, 0, 0, 0, 0, 0), -- 3314
(49750, 1, 1906, 0, 0, 0, 0, 0, 0, 0, 0), -- 49750
(51346, 1, 5289, 0, 0, 0, 0, 0, 2507, 0, 0), -- 51346
(5639, 1, 5277, 0, 0, 0, 0, 0, 0, 0, 0), -- 5639
(88703, 1, 5289, 0, 0, 0, 0, 0, 5260, 0, 0), -- 88703
(3331, 1, 2179, 0, 0, 2711, 0, 0, 0, 0, 0), -- 3331
(14375, 1, 10612, 0, 0, 0, 0, 0, 2507, 0, 0), -- 14375
(62194, 1, 76711, 0, 0, 73203, 0, 0, 0, 0, 0), -- 62194
(47248, 1, 12751, 0, 0, 0, 0, 0, 0, 0, 0), -- 47248
(47246, 1, 12868, 0, 0, 0, 0, 0, 0, 0, 0), -- 47246
(3329, 1, 3346, 0, 0, 0, 0, 0, 0, 0, 0), -- 3329
(45339, 1, 13709, 0, 0, 0, 0, 0, 0, 0, 0), -- 45339
(47247, 1, 12742, 0, 0, 0, 0, 0, 0, 0, 0), -- 47247
(58155, 1, 17462, 0, 0, 0, 0, 0, 0, 0, 0), -- 58155
(46142, 1, 5286, 0, 0, 0, 0, 0, 2551, 0, 0), -- 46142
(44871, 1, 5289, 0, 0, 0, 0, 0, 5260, 0, 0), -- 44871
(49622, 1, 1908, 0, 0, 0, 0, 0, 0, 0, 0), -- 49622
(35068, 1, 11383, 0, 0, 0, 0, 0, 0, 0, 0), -- 35068
(46556, 1, 49671, 0, 0, 49671, 0, 0, 0, 0, 0), -- 46556
(3342, 1, 12329, 0, 0, 0, 0, 0, 0, 0, 0), -- 3342
(4047, 1, 5304, 0, 0, 0, 0, 0, 0, 0, 0), -- 4047
(46555, 1, 17383, 0, 0, 0, 0, 0, 0, 0, 0), -- 46555
(47571, 1, 24324, 0, 0, 24324, 0, 0, 0, 0, 0), -- 47571
(44872, 1, 5289, 0, 0, 0, 0, 0, 5260, 0, 0), -- 44872
(89830, 1, 33161, 0, 0, 0, 0, 0, 0, 0, 0), -- 89830
(133185, 1, 10616, 0, 0, 0, 0, 0, 0, 0, 0), -- 133185
(45337, 1, 12421, 0, 0, 0, 0, 0, 0, 0, 0), -- 45337
(3144, 1, 10612, 0, 0, 0, 0, 0, 0, 0, 0), -- 3144
(3312, 1, 2827, 0, 0, 2196, 0, 0, 2551, 0, 0), -- 3312
(23128, 1, 29403, 0, 0, 27406, 0, 0, 0, 0, 0), -- 23128
(72559, 1, 33609, 0, 0, 12454, 0, 0, 49462, 0, 0), -- 72559
(3296, 1, 5289, 0, 0, 0, 0, 0, 2507, 0, 0), -- 3296
(74228, 1, 13631, 0, 0, 0, 0, 0, 5870, 0, 0), -- 74228
(3323, 1, 2200, 0, 0, 0, 0, 0, 0, 0, 0); -- 3323

DELETE FROM creature WHERE guid IN (45780, 45551, 265853, 196179, 1100123, 265876, 1100124, 266137, 265875, 265878, 265877, 265780, 265803, 265801, 1100027, 265855, 65868, 266269, 265960, 318111, 266146, 266029, 266028,
 266135, 266030, 265957, 266117, 266070, 266097, 265776, 265856, 302643, 265844, 265803);
INSERT INTO `creature` (`guid`, `id`, `map`, `zoneId`, `areaId`, `spawnMask`, `PhaseId`, `PhaseGroup`, `modelid`, `equipment_id`, `position_x`, `position_y`, `position_z`, `orientation`, `spawntimesecs`, `spawndist`, `currentwaypoint`, `curhealth`, `curmana`, `MovementType`, `npcflag`, `unit_flags`, `dynamicflags`, `VerifiedBuild`) VALUES
(265853, 133271, 1, 1637, 5332, 1, 0, 0, 0, 0, 1503.049, -4187.526, 52.63043, 3.595378, 120, 10, 0, 0, 0, 1, 0, 0, 0, 27404), -- 133271 (Area: 5332 - Difficulty: 0) (possible waypoints or random movement)
(196179, 133270, 1, 1637, 5356, 1, 0, 0, 0, 0, 1572.241, -4219.486, 54.19154, 3.604366, 120, 0, 0, 0, 0, 0, 0, 0, 0, 27404), -- 133270 (Area: 5356 - Difficulty: 0)
(1100123, 133218, 1, 1637, 5356, 1, 0, 0, 0, 0, 1570.559, -4222.018, 53.91191, 1.483765, 120, 0, 0, 0, 0, 0, 0, 0, 0, 27404), -- 133218 (Area: 5356 - Difficulty: 0)
(265876, 133261, 1, 1637, 5356, 1, 0, 0, 0, 0, 1566.016, -4222.453, 53.95475, 1.341138, 120, 0, 0, 0, 0, 0, 0, 0, 0, 27404), -- 133261 (Area: 5356 - Difficulty: 0) (Auras: )
(1100124, 133185, 1, 1637, 5356, 1, 0, 0, 0, 0, 1561.872, -4222.542, 54.07872, 2.280081, 120, 0, 0, 0, 0, 0, 0, 0, 0, 27404), -- 133185 (Area: 5356 - Difficulty: 0)
(266137, 133185, 1, 1637, 5356, 1, 0, 0, 0, 0, 1558.043, -4220.842, 54.10798, 0.02771925, 120, 0, 0, 0, 0, 0, 0, 0, 0, 27404), -- 133185 (Area: 5356 - Difficulty: 0)
(265875, 45563, 1, 1637, 5356, 1, 0, 0, 0, 0, 1560.439, -4219.024, 54.14862, 4.025863, 120, 0, 0, 0, 0, 0, 0, 0, 0, 27404), -- 45563 (Area: 5356 - Difficulty: 0) (Auras: )
(265878, 133104, 1, 1637, 5356, 1, 0, 0, 0, 0, 1555.389, -4210.217, 54.07801, 3.788382, 120, 10, 0, 0, 0, 1, 0, 0, 0, 27404), -- 133104 (Area: 5356 - Difficulty: 0) (possible waypoints or random movement)
(265877, 133186, 1, 1637, 5170, 1, 0, 0, 0, 0, 1536.91, -4202.177, 53.62775, 2.940794, 120, 0, 0, 0, 0, 0, 0, 0, 0, 27404), -- 133186 (Area: 5170 - Difficulty: 0)
(265780, 133114, 1, 1637, 5332, 1, 0, 0, 0, 0, 1498.703, -4190.613, 52.77681, 0.677227, 120, 0, 0, 0, 0, 0, 0, 0, 0, 27404), -- 133114 (Area: 5332 - Difficulty: 0)
(265803, 133236, 1, 1637, 5332, 1, 0, 0, 0, 0, 1494.906, -4185.401, 52.77681, 3.178051, 120, 0, 0, 0, 0, 0, 0, 0, 0, 27404), -- 133236 (Area: 5332 - Difficulty: 0)
(265801, 133109, 1, 1637, 5332, 1, 0, 0, 0, 0, 1484.66, -4176.124, 52.8368, 0.6793947, 120, 0, 0, 0, 0, 0, 0, 0, 0, 27404), -- 133109 (Area: 5332 - Difficulty: 0)
(1100027, 133168, 1, 1637, 5332, 1, 0, 0, 0, 0, 1486.444, -4174.682, 52.8368, 3.812669, 120, 0, 0, 0, 0, 0, 0, 0, 0, 27404), -- 133168 (Area: 5332 - Difficulty: 0) (Auras: 261896 - 261896, 261964 - 261964)
(265855, 133239, 1, 1637, 5332, 1, 0, 0, 0, 0, 1476.179, -4172.463, 52.8368, 0.1848181, 120, 0, 0, 0, 0, 0, 0, 0, 0, 27404), -- 133239 (Area: 5332 - Difficulty: 0)
(65868, 133108, 1, 1637, 5332, 1, 0, 0, 0, 0, 1475.977, -4166.158, 52.8368, 6.038774, 120, 0, 0, 0, 0, 0, 0, 0, 0, 27404), -- 133108 (Area: 5332 - Difficulty: 0)
(266269, 133153, 1, 1637, 5332, 1, 0, 0, 0, 0, 1479.266, -4163.165, 52.8368, 5.207358, 120, 0, 0, 0, 0, 0, 0, 0, 0, 27404), -- 133153 (Area: 5332 - Difficulty: 0)
(318111, 45545, 1, 1637, 5332, 1, 0, 0, 0, 0, 1504.219, -4151.458, 52.61027, 5.144304, 120, 0, 0, 0, 0, 0, 0, 0, 0, 27404), -- 45545 (Area: 5332 - Difficulty: 0) (Auras: )
(266146, 133127, 1, 1637, 5332, 1, 0, 0, 0, 0, 1508.438, -4145.693, 52.60833, 5.152378, 120, 0, 0, 0, 0, 0, 0, 0, 0, 27404), -- 133127 (Area: 5332 - Difficulty: 0)
(266029, 126065, 1, 1637, 5170, 1, 0, 0, 0, 0, 1545.689, -4163.363, 58.09592, 5.311661, 120, 0, 0, 0, 0, 0, 0, 0, 0, 27404), -- 126065 (Area: 5170 - Difficulty: 0)
(266028, 133218, 1, 1637, 5170, 1, 0, 0, 0, 0, 1533.663, -4201.191, 53.23538, 5.878166, 120, 0, 0, 0, 0, 0, 0, 0, 0, 27404); -- 133218 (Area: 5170 - Difficulty: 0)

UPDATE creature_template SET gossip_menu_id = 21958 WHERE entry = 126065;
UPDATE creature_template SET gossip_menu_id = 1951 WHERE entry = 3296; -- Orgrimmar Grunt

UPDATE creature_template SET unit_flags = 33024, unit_flags2 = 2048, faction = 83, minlevel = 110, maxlevel = 110, HealthScalingExpansion = 6 WHERE entry = 133271;
UPDATE creature_template SET unit_flags = 33024, unit_flags2 = 2048, faction = 83, minlevel = 110, maxlevel = 110, HealthScalingExpansion = 6 WHERE entry = 133270;
UPDATE creature_template SET unit_flags = 33024, unit_flags2 = 2048, faction = 83, minlevel = 110, maxlevel = 110, HealthScalingExpansion = 6 WHERE entry = 133218;
UPDATE creature_template SET unit_flags = 33024, unit_flags2 = 2048, faction = 83, minlevel = 110, maxlevel = 110, HealthScalingExpansion = 6 WHERE entry = 133185;
UPDATE creature_template SET gossip_menu_id = 22124, npcflag = 209, unit_flags = 512, unit_flags2 = 2048, faction = 83, minlevel = 110, maxlevel = 110, HealthScalingExpansion = 0 WHERE entry = 133261;
UPDATE creature_template SET gossip_menu_id = 22114, npcflag = 17, unit_flags = 32768, unit_flags2 = 2048, faction = 83, minlevel = 110, maxlevel = 110, HealthScalingExpansion = 6 WHERE entry = 133104;
UPDATE creature_template SET gossip_menu_id = 22121, subname = "Blacksmithing Supplies", npcflag = 4225, unit_flags = 256, unit_flags2 = 2048, faction = 83, minlevel = 110, maxlevel = 110, HealthScalingExpansion = 6 WHERE entry = 133114;
UPDATE creature_template SET gossip_menu_id = 0, subname = "Mining Trainer", npcflag = 16, unit_flags = 256, unit_flags2 = 2048, faction = 83, minlevel = 110, maxlevel = 110, HealthScalingExpansion = 6 WHERE entry = 133236;
UPDATE creature_template SET gossip_menu_id = 0, subname = "Bandage Trainer", npcflag = 80, unit_flags = 256, unit_flags2 = 2048, faction = 83, minlevel = 110, maxlevel = 110, HealthScalingExpansion = 6 WHERE entry = 133109;
UPDATE creature_template SET gossip_menu_id = 22125, subname = "Tailoring Trainer", npcflag = 209, unit_flags = 256, unit_flags2 = 2048, faction = 83, minlevel = 110, maxlevel = 110, HealthScalingExpansion = 6 WHERE entry = 133239;
UPDATE creature_template SET gossip_menu_id = 9821, subname = "Stablemaster", npcflag = 1, unit_flags = 256, unit_flags2 = 2048, faction = 83, minlevel = 110, maxlevel = 110, HealthScalingExpansion = 6 WHERE entry = 133108;
UPDATE creature_template SET gossip_menu_id = 22117, subname = "Engineering Supplies", npcflag = 129, unit_flags = 256, unit_flags2 = 2048, faction = 83, minlevel = 110, maxlevel = 110, HealthScalingExpansion = 6 WHERE entry = 133127;

UPDATE creature_template_addon SET emote = 613 WHERE entry = 133114;
UPDATE creature_template_addon SET emote = 572 WHERE entry = 133236;
UPDATE creature_template_addon SET bytes1 = 4 WHERE entry = 133185;
UPDATE creature_template_addon SET bytes1 = 4 WHERE entry = 133168;



-- Creating a new SmartAI script for [Creature] ENTRY 133168 (name: Orgrimmar Bruiser) i cant get it to repeat though it should.

-- Table creature_template
UPDATE `creature_template` SET `AIName` = 'SmartAI' WHERE `entry` = 133168;

-- Table smart_scripts
DELETE FROM `smart_scripts` WHERE (source_type = 0 AND entryorguid = 133168);
INSERT INTO `smart_scripts` (`entryorguid`, `source_type`, `id`, `link`, `event_type`, `event_phase_mask`, `event_chance`, `event_flags`, `event_param1`, `event_param2`, `event_param3`, `event_param4`, `action_type`, `action_param1`, `action_param2`, `action_param3`, `action_param4`, `action_param5`, `action_param6`, `target_type`, `target_param1`, `target_param2`, `target_param3`, `target_x`, `target_y`, `target_z`, `target_o`, `comment`) VALUES
(133168, 0, 0, 0, 23, 0, 100, 0, 261896, 1, 0, 0, 11, 261964, 768, 0, 0, 0, 0, 1, 0, 0, 0, 0, 0, 0, 0, 'Orgrimmar Bruiser - On 261896 \'261896\' - Cast \'261964\'');


/*
Later
right side
-- 48513 48510 45814 4? 46082 45347 45566 45822 133218 133185 45565  133186 46080 46078 30611  45659  63086 133209 133271 

(@CGUID+40, 133271, 1, 1637, 5170, 1, '1230 - 1705 - 4063 - 5612 - 6691 - 7647 - 8658 - 10351 - 10352 - 10353 - 10379 - 10401 - 11279 - 11410 - 11596 - 11605 - 11695 - 11965', 0, 0, 0, 1590.207, -4151.722, 51.82057, 0.07789533, 120, 0, 0, 0, 0, 0, 0, 0, 0, 27404), -- 133271 (Area: 5170 - Difficulty: 0)

*/

DELETE FROM gameobject WHERE guid IN (175622, 205512, 205573); -- little cleanup here
DELETE FROM gameobject_template WHERE entry = 278281;
DELETE FROM gameobject_template WHERE entry = 281107;
INSERT INTO `gameobject_template` (`entry`, `type`, `displayId`, `name`, `IconName`, `castBarCaption`, `unk1`, `size`, `Data0`, `Data1`, `Data2`, `VerifiedBuild`) VALUES
(278281, 8, 17690, 'Bonfire', '', '', '', 0.2700003, 4, 10, 2066, 27404), -- 278281
(281107, 5, 16151, 'Chair', '', '', '', 1, 0, 0, 0, 27404); -- 281107

DELETE FROM gameobject WHERE guid IN (175622, 205512, 205573); -- so it can be reinserted
INSERT INTO `gameobject` (`guid`, `id`, `map`, `zoneId`, `areaId`, `spawnMask`, `PhaseId`, `PhaseGroup`, `position_x`, `position_y`, `position_z`, `orientation`, `rotation0`, `rotation1`, `rotation2`, `rotation3`, `spawntimesecs`, `animprogress`, `state`, `VerifiedBuild`) VALUES
(175622, 278281, 1, 1637, 5356, 1, 0, 0, 1559.943, -4212.717, 54.15658, 2.984498, 0, 0, 0.9969168, 0.07846643, 120, 255, 1, 27404), -- 278281 (Area: 5356 - Difficulty: 0)
(205512, 281107, 1, 1637, 5332, 1, '0', 0, 1486.413, -4174.681, 52.75347, 3.843347, 0, 0, -0.9390717, 0.3437215, 120, 255, 1, 27404);


DELETE FROM `gossip_menu` WHERE (`MenuId`=14210 AND `TextId`=4986) OR (`MenuId`=14211 AND `TextId`=5004) OR (`MenuId`=14991 AND `TextId`=20326) OR (`MenuId`=1951 AND `TextId`=2593) OR (`MenuId`=12084 AND `TextId`=16961) OR (`MenuId`=22192 AND `TextId`=34000) OR (`MenuId`=14218 AND `TextId`=16831) OR (`MenuId`=12085 AND `TextId`=16965) OR (`MenuId`=12439 AND `TextId`=17494) OR (`MenuId`=21958 AND `TextId`=33598) OR (`MenuId`=21937 AND `TextId`=33549) OR (`MenuId`=22197 AND `TextId`=34005) OR (`MenuId`=22193 AND `TextId`=34001) OR (`MenuId`=21938 AND `TextId`=33550) OR (`MenuId`=22191 AND `TextId`=33999) OR (`MenuId`=22196 AND `TextId`=34004) OR (`MenuId`=22195 AND `TextId`=34003) OR (`MenuId`=22117 AND `TextId`=33868) OR (`MenuId`=9821 AND `TextId`=13584) OR (`MenuId`=22125 AND `TextId`=14126) OR (`MenuId`=22121 AND `TextId`=33885) OR (`MenuId`=22114 AND `TextId`=33862) OR (`MenuId`=22190 AND `TextId`=33998) OR (`MenuId`=12040 AND `TextId`=16870) OR (`MenuId`=22124 AND `TextId`=18046) OR (`MenuId`=1863 AND `TextId`=2502) OR (`MenuId`=1942 AND `TextId`=2594) OR (`MenuId`=1864 AND `TextId`=2503) OR (`MenuId`=10017 AND `TextId`=13888) OR (`MenuId`=12245 AND `TextId`=31545) OR (`MenuId`=12654 AND `TextId`=17793) OR (`MenuId`=1866 AND `TextId`=2513) OR (`MenuId`=1868 AND `TextId`=2515) OR (`MenuId`=1869 AND `TextId`=2516) OR (`MenuId`=1871 AND `TextId`=2518) OR (`MenuId`=9726 AND `TextId`=3173) OR (`MenuId`=9727 AND `TextId`=13310) OR (`MenuId`=2481 AND `TextId`=13311) OR (`MenuId`=4902 AND `TextId`=5974) OR (`MenuId`=12308 AND `TextId`=17302) OR (`MenuId`=1845 AND `TextId`=2497) OR (`MenuId`=20935 AND `TextId`=31538) OR (`MenuId`=20927 AND `TextId`=31537) OR (`MenuId`=20932 AND `TextId`=31534) OR (`MenuId`=20928 AND `TextId`=17203) OR (`MenuId`=20931 AND `TextId`=31535) OR (`MenuId`=5882 AND `TextId`=7046) OR (`MenuId`=20933 AND `TextId`=31536) OR (`MenuId`=20934 AND `TextId`=31540) OR (`MenuId`=20930 AND `TextId`=31539) OR (`MenuId`=20929 AND `TextId`=31541) OR (`MenuId`=12626 AND `TextId`=17753) OR (`MenuId`=12637 AND `TextId`=17774) OR (`MenuId`=1904 AND `TextId`=2557) OR (`MenuId`=1903 AND `TextId`=2556) OR (`MenuId`=1902 AND `TextId`=2555) OR (`MenuId`=13863 AND `TextId`=20033) OR (`MenuId`=1949 AND `TextId`=2599) OR (`MenuId`=1912 AND `TextId`=2565) OR (`MenuId`=1911 AND `TextId`=2564) OR (`MenuId`=1910 AND `TextId`=2563) OR (`MenuId`=1909 AND `TextId`=2562) OR (`MenuId`=1908 AND `TextId`=2561) OR (`MenuId`=8644 AND `TextId`=10843) OR (`MenuId`=8224 AND `TextId`=10221) OR (`MenuId`=12309 AND `TextId`=17303) OR (`MenuId`=1906 AND `TextId`=2559) OR (`MenuId`=10018 AND `TextId`=13889) OR (`MenuId`=12627 AND `TextId`=17758) OR (`MenuId`=12638 AND `TextId`=17774) OR (`MenuId`=12639 AND `TextId`=17774) OR (`MenuId`=1901 AND `TextId`=2554) OR (`MenuId`=12628 AND `TextId`=17754) OR (`MenuId`=2403 AND `TextId`=3075) OR (`MenuId`=12246 AND `TextId`=17204) OR (`MenuId`=14951 AND `TextId`=21138);
INSERT INTO `gossip_menu` (`MenuId`, `TextId`, `VerifiedBuild`) VALUES
(14210, 4986, 27404), -- 45019
(14211, 5004, 27404), -- 45023
(14991, 20326, 27404), -- 63086
(1951, 2593, 27404), -- 45814
(12084, 16961, 27404), -- 46078
(22192, 34000, 27404), -- 133185
(14218, 16831, 27404), -- 45347
(12085, 16965, 27404), -- 46082
(12439, 17494, 27404), -- 48510
(21958, 33598, 27404), -- 126065
(21937, 33549, 27404), -- 125285
(22197, 34005, 27404), -- 133522
(22193, 34001, 27404), -- 126066
(21938, 33550, 27404), -- 126062
(22191, 33999, 27404), -- 133521
(22196, 34004, 27404), -- 133519
(22195, 34003, 27404), -- 133523
(22117, 33868, 27404), -- 133127
(9821, 13584, 27404), -- 133108
(22125, 14126, 27404), -- 133239
(22121, 33885, 27404), -- 133114
(22114, 33862, 27404), -- 133104
(22190, 33998, 27404), -- 133185
(12040, 16870, 27404), -- 45563
(22124, 18046, 27404), -- 133261
(1863, 2502, 27404), -- 3296
(1942, 2594, 27404), -- 3296
(1864, 2503, 27404), -- 3296
(10017, 13888, 27404), -- 3296
(12245, 31545, 27404), -- 3296
(12654, 17793, 27404), -- 3296
(1866, 2513, 27404), -- 3296
(1868, 2515, 27404), -- 3296
(1869, 2516, 27404), -- 3296
(1871, 2518, 27404), -- 3296
(9726, 3173, 27404), -- 3296
(9727, 13310, 27404), -- 3296
(2481, 13311, 27404), -- 3296
(4902, 5974, 27404), -- 3296
(12308, 17302, 27404), -- 3296
(1845, 2497, 27404), -- 3296
(20935, 31538, 27404), -- 3296
(20927, 31537, 27404), -- 3296
(20932, 31534, 27404), -- 3296
(20928, 17203, 27404), -- 3296
(20931, 31535, 27404), -- 3296
(5882, 7046, 27404), -- 3296
(20933, 31536, 27404), -- 3296
(20934, 31540, 27404), -- 3296
(20930, 31539, 27404), -- 3296
(20929, 31541, 27404), -- 3296
(12626, 17753, 27404), -- 3296
(12637, 17774, 27404), -- 3296
(1904, 2557, 27404), -- 3296
(1903, 2556, 27404), -- 3296
(1902, 2555, 27404), -- 3296
(13863, 20033, 27404), -- 3296
(1949, 2599, 27404), -- 3296
(1912, 2565, 27404), -- 3296
(1911, 2564, 27404), -- 3296
(1910, 2563, 27404), -- 3296
(1909, 2562, 27404), -- 3296
(1908, 2561, 27404), -- 3296
(8644, 10843, 27404), -- 3296
(8224, 10221, 27404), -- 3296
(12309, 17303, 27404), -- 3296
(1906, 2559, 27404), -- 3296
(10018, 13889, 27404), -- 3296
(12627, 17758, 27404), -- 3296
(12638, 17774, 27404), -- 3296
(12639, 17774, 27404), -- 3296
(1901, 2554, 27404), -- 3296
(12628, 17754, 27404), -- 3296
(2403, 3075, 27404), -- 3296
(12246, 17204, 27404), -- 3296
(14951, 21138, 27404); -- 3296

DELETE FROM `gossip_menu_option` WHERE (`MenuId`=14991 AND `OptionIndex`=1) OR (`MenuId`=14991 AND `OptionIndex`=0) OR (`MenuId`=1951 AND `OptionIndex`=16) OR (`MenuId`=1951 AND `OptionIndex`=15) OR (`MenuId`=1951 AND `OptionIndex`=14) OR (`MenuId`=1951 AND `OptionIndex`=13) OR (`MenuId`=1951 AND `OptionIndex`=12) OR (`MenuId`=1951 AND `OptionIndex`=11) OR (`MenuId`=1951 AND `OptionIndex`=10) OR (`MenuId`=1951 AND `OptionIndex`=9) OR (`MenuId`=1951 AND `OptionIndex`=8) OR (`MenuId`=1951 AND `OptionIndex`=7) OR (`MenuId`=1951 AND `OptionIndex`=6) OR (`MenuId`=1951 AND `OptionIndex`=5) OR (`MenuId`=1951 AND `OptionIndex`=4) OR (`MenuId`=1951 AND `OptionIndex`=3) OR (`MenuId`=1951 AND `OptionIndex`=2) OR (`MenuId`=1951 AND `OptionIndex`=0) OR (`MenuId`=21937 AND `OptionIndex`=0) OR (`MenuId`=22193 AND `OptionIndex`=0) OR (`MenuId`=21938 AND `OptionIndex`=0) OR (`MenuId`=22117 AND `OptionIndex`=0) OR (`MenuId`=9821 AND `OptionIndex`=2) OR (`MenuId`=22125 AND `OptionIndex`=1) OR (`MenuId`=22125 AND `OptionIndex`=0) OR (`MenuId`=22121 AND `OptionIndex`=0) OR (`MenuId`=22114 AND `OptionIndex`=0) OR (`MenuId`=12040 AND `OptionIndex`=1) OR (`MenuId`=12040 AND `OptionIndex`=0) OR (`MenuId`=22124 AND `OptionIndex`=1) OR (`MenuId`=22124 AND `OptionIndex`=0) OR (`MenuId`=1942 AND `OptionIndex`=16) OR (`MenuId`=1942 AND `OptionIndex`=15) OR (`MenuId`=1942 AND `OptionIndex`=14) OR (`MenuId`=1942 AND `OptionIndex`=13) OR (`MenuId`=1942 AND `OptionIndex`=12) OR (`MenuId`=1942 AND `OptionIndex`=11) OR (`MenuId`=1942 AND `OptionIndex`=10) OR (`MenuId`=1942 AND `OptionIndex`=9) OR (`MenuId`=1942 AND `OptionIndex`=8) OR (`MenuId`=1942 AND `OptionIndex`=7) OR (`MenuId`=1942 AND `OptionIndex`=6) OR (`MenuId`=1942 AND `OptionIndex`=5) OR (`MenuId`=1942 AND `OptionIndex`=4) OR (`MenuId`=1942 AND `OptionIndex`=3) OR (`MenuId`=1942 AND `OptionIndex`=2) OR (`MenuId`=1942 AND `OptionIndex`=1) OR (`MenuId`=1942 AND `OptionIndex`=0) OR (`MenuId`=12245 AND `OptionIndex`=8) OR (`MenuId`=12245 AND `OptionIndex`=7) OR (`MenuId`=12245 AND `OptionIndex`=6) OR (`MenuId`=12245 AND `OptionIndex`=5) OR (`MenuId`=12245 AND `OptionIndex`=4) OR (`MenuId`=12245 AND `OptionIndex`=3) OR (`MenuId`=12245 AND `OptionIndex`=2) OR (`MenuId`=12245 AND `OptionIndex`=1) OR (`MenuId`=12245 AND `OptionIndex`=0) OR (`MenuId`=9727 AND `OptionIndex`=1) OR (`MenuId`=9727 AND `OptionIndex`=0) OR (`MenuId`=12637 AND `OptionIndex`=1) OR (`MenuId`=12637 AND `OptionIndex`=0) OR (`MenuId`=1949 AND `OptionIndex`=9) OR (`MenuId`=1949 AND `OptionIndex`=8) OR (`MenuId`=1949 AND `OptionIndex`=7) OR (`MenuId`=1949 AND `OptionIndex`=6) OR (`MenuId`=1949 AND `OptionIndex`=5) OR (`MenuId`=1949 AND `OptionIndex`=4) OR (`MenuId`=1949 AND `OptionIndex`=3) OR (`MenuId`=1949 AND `OptionIndex`=2) OR (`MenuId`=1949 AND `OptionIndex`=1) OR (`MenuId`=1949 AND `OptionIndex`=0) OR (`MenuId`=12638 AND `OptionIndex`=1) OR (`MenuId`=12638 AND `OptionIndex`=0) OR (`MenuId`=12639 AND `OptionIndex`=1) OR (`MenuId`=12639 AND `OptionIndex`=0);
INSERT INTO `gossip_menu_option` (`MenuId`, `OptionIndex`, `OptionIcon`, `OptionText`, `OptionBroadcastTextId`, `OptionType`, `OptionNpcFlag`, `VerifiedBuild`) VALUES
(14991, 1, 1, 'Interested in trading your battle-stones?', 0, 1, 1, 27404),
(14991, 0, 3, 'Interested in catching some rare pets?', 0, 1, 1, 27404),
(1951, 16, 0, 'Zeppelin Master', 0, 1, 1, 27404),
(1951, 15, 0, 'Stable Master', 0, 1, 1, 27404),
(1951, 14, 0, 'Profession Trainer', 0, 1, 1, 27404),
(1951, 13, 0, 'Other Continents', 0, 1, 1, 27404),
(1951, 12, 0, 'Officer\'s Lounge', 0, 1, 1, 27404),
(1951, 11, 0, 'Inn', 0, 1, 1, 27404),
(1951, 10, 0, 'Guild Master & Vendor', 0, 1, 1, 27404),
(1951, 9, 0, 'Flight Master', 0, 1, 1, 27404),
(1951, 8, 0, 'Class Trainer', 0, 1, 1, 27404),
(1951, 7, 0, 'Battlemasters', 0, 1, 1, 27404),
(1951, 6, 0, 'Barber', 0, 1, 1, 27404),
(1951, 5, 0, 'Bank', 0, 1, 1, 27404),
(1951, 4, 0, 'Auction House', 0, 1, 1, 27404),
(1951, 3, 0, 'Void Storage', 0, 1, 1, 27404),
(1951, 2, 0, 'Transmogrification', 0, 1, 1, 27404),
(1951, 0, 0, 'Battle Pet Trainer', 0, 1, 1,27404),
(21937, 0, 0, 'What do we know about the Highmountain tauren?', 0, 1, 1, 27404),
(22193, 0, 0, 'What do we know about the Mag\'har orcs?', 0, 1, 1, 27404),
(21938, 0, 0, 'What do we know about the nightborne?', 0, 1, 1, 27404),
(22117, 0, 1, 'Let me browse your goods.', 0, 1, 1, 27404),
(9821, 2, 0, 'I\'d like to heal and revive my battle pets.', 0, 1, 1, 27404),
(22125, 1, 1, 'Let me browse your goods.', 0, 3, 209, 27404),
(22125, 0, 3, 'Train me in Tailoring.', 0, 5, 209, 27404),
(22121, 0, 1, 'I would like to buy from you.', 0, 3, 4225, 27404),
(22114, 0, 3, 'Train me in the ways of herbalism.', 0, 5, 17, 27404),
(12040, 1, 1, 'Let me browse your goods.', 0, 1, 1, 27404),
(12040, 0, 5, 'Make this inn your home.', 0, 1, 1, 27404),
(22124, 1, 1, 'Let me browse your goods.', 0, 3, 209, 27404),
(22124, 0, 3, 'I\'m here for cooking training.', 0, 5, 209, 27404),
(1942, 16, 0, 'Tailoring', 0, 1, 1, 27404),
(1942, 15, 0, 'Skinning', 0, 1, 1, 27404),
(1942, 14, 0, 'Riding', 0, 1, 1, 27404),
(1942, 13, 0, 'Mining', 0, 1, 1, 27404),
(1942, 12, 0, 'Leatherworking', 0, 1, 1, 27404),
(1942, 11, 0, 'Jewelcrafting', 0, 1, 1, 27404),
(1942, 10, 0, 'Inscription', 0, 1, 1, 27404),
(1942, 9, 0, 'Herbalism', 0, 1, 1, 27404),
(1942, 8, 0, 'Flying', 0, 1, 1, 27404),
(1942, 7, 0, 'Fishing', 0, 1, 1, 27404),
(1942, 6, 0, 'First Aid', 0, 1, 1, 27404),
(1942, 5, 0, 'Engineering', 0, 1, 1, 27404),
(1942, 4, 0, 'Enchanting', 0, 1, 1, 27404),
(1942, 3, 0, 'Cooking', 0, 1, 1, 27404),
(1942, 2, 0, 'Blacksmithing', 0, 1, 1, 27404),
(1942, 1, 0, 'Archaeology', 0, 1, 1, 27404),
(1942, 0, 0, 'Alchemy', 0, 1, 1, 27404),
(12245, 8, 0, 'Dalaran above the Broken Isles', 0, 1, 1, 27404),
(12245, 7, 0, 'Blasted Lands and the Portal to Draenor', 0, 1, 1, 27404),
(12245, 6, 0, 'Honeydew Village in Pandaria', 0, 1, 1, 27404),
(12245, 5, 0, 'Areas opened up in the Cataclysm', 0, 1, 1, 27404),
(12245, 4, 0, 'Borean Tundra in Northrend', 0, 1, 1, 27404),
(12245, 3, 0, 'Hellfire Peninsula in Outland', 0, 1, 1, 27404),
(12245, 2, 0, 'Stranglethorn Vale in the Eastern Kingdoms', 0, 1, 1, 27404),
(12245, 1, 0, 'Undercity or Silvermoon City in the Eastern Kingdoms', 0, 1, 1, 27404),
(12245, 0, 0, 'Thunder Bluff in Mulgore', 0, 1, 1, 27404),
(9727, 1, 0, 'Western Zeppelin Tower', 0, 1, 1, 27404),
(9727, 0, 0, 'Eastern Zeppelin Tower', 0, 1, 1, 27404),
(12637, 1, 0, 'The Valley of Honor', 0, 1, 1, 27404),
(12637, 0, 0, 'The Valley of Strength', 0, 1, 1, 27404),
(1949, 9, 0, 'Monk', 0, 1, 1, 27404),
(1949, 8, 0, 'Warrior', 0, 1, 1, 27404),
(1949, 7, 0, 'Warlock', 0, 1, 1, 27404),
(1949, 6, 0, 'Rogue', 0, 1, 1, 27404),
(1949, 5, 0, 'Shaman', 0, 1, 1, 27404),
(1949, 4, 0, 'Priest', 0, 1, 1, 27404),
(1949, 3, 0, 'Paladin', 0, 1, 1, 27404),
(1949, 2, 0, 'Mage', 0, 1, 1, 27404),
(1949, 1, 0, 'Hunter', 0, 1, 1, 27404),
(1949, 0, 0, 'Druid', 0, 1, 1, 27404),
(12638, 1, 0, 'The Valley of Honor', 0, 1, 1, 27404),
(12638, 0, 0, 'The Valley of Strength', 0, 1, 1, 27404),
(12639, 1, 0, 'The Valley of Honor', 0, 1, 1, 27404),
(12639, 0, 0, 'The Valley of Strength', 0, 1, 1, 27404);

DELETE FROM `npc_text` WHERE `ID` IN (4986 /*4986*/, 5004 /*5004*/, 20326 /*20326*/, 16961 /*16961*/, 34000 /*34000*/, 16831 /*16831*/, 16965 /*16965*/, 17494 /*17494*/, 34005 /*34005*/, 33549 /*33549*/, 33999 /*33999*/, 33598 /*33598*/, 34004 /*34004*/, 34001 /*34001*/, 33550 /*33550*/, 34003 /*34003*/, 33868 /*33868*/, 13584 /*13584*/, 14126 /*14126*/, 33885 /*33885*/, 33862 /*33862*/, 33998 /*33998*/, 16870 /*16870*/, 18046 /*18046*/, 2502 /*2502*/, 2503 /*2503*/, 13888 /*13888*/, 2513 /*2513*/, 2515 /*2515*/, 2516 /*2516*/, 2518 /*2518*/, 3173 /*3173*/, 13311 /*13311*/, 13310 /*13310*/, 5974 /*5974*/, 17302 /*17302*/, 2497 /*2497*/, 2594 /*2594*/, 31538 /*31538*/, 31537 /*31537*/, 31534 /*31534*/, 17203 /*17203*/, 31535 /*31535*/, 31536 /*31536*/, 31540 /*31540*/, 31539 /*31539*/, 31541 /*31541*/, 31545 /*31545*/, 7046 /*7046*/, 17753 /*17753*/, 2557 /*2557*/, 2556 /*2556*/, 2555 /*2555*/, 20033 /*20033*/, 2565 /*2565*/, 2564 /*2564*/, 2563 /*2563*/, 2562 /*2562*/, 2561 /*2561*/, 10843 /*10843*/, 17303 /*17303*/, 2559 /*2559*/, 17793 /*17793*/, 2599 /*2599*/, 10221 /*10221*/, 13889 /*13889*/, 17758 /*17758*/, 2554 /*2554*/, 17754 /*17754*/, 3075 /*3075*/, 17774 /*17774*/, 17204 /*17204*/, 21138 /*21138*/, 2593 /*2593*/);
INSERT INTO `npc_text` (`ID`, `Probability0`, `Probability1`, `Probability2`, `Probability3`, `Probability4`, `Probability5`, `Probability6`, `Probability7`, `BroadcastTextId0`, `BroadcastTextId1`, `BroadcastTextId2`, `BroadcastTextId3`, `BroadcastTextId4`, `BroadcastTextId5`, `BroadcastTextId6`, `BroadcastTextId7`, `VerifiedBuild`) VALUES
(4986, 1, 0, 0, 0, 0, 0, 0, 0, 7632, 0, 0, 0, 0, 0, 0, 0, 27404), -- 4986
(5004, 1, 0, 0, 0, 0, 0, 0, 0, 7656, 0, 0, 0, 0, 0, 0, 0, 27404), -- 5004
(20326, 1, 0, 0, 0, 0, 0, 0, 0, 64116, 0, 0, 0, 0, 0, 0, 0, 27404), -- 20326
(16961, 1, 0, 0, 0, 0, 0, 0, 0, 46135, 0, 0, 0, 0, 0, 0, 0, 27404), -- 16961
(34000, 1, 0, 0, 0, 0, 0, 0, 0, 147241, 0, 0, 0, 0, 0, 0, 0, 27404), -- 34000
(16831, 1, 0, 0, 0, 0, 0, 0, 0, 45527, 0, 0, 0, 0, 0, 0, 0, 27404), -- 16831
(16965, 1, 0, 0, 0, 0, 0, 0, 0, 46140, 0, 0, 0, 0, 0, 0, 0, 27404), -- 16965
(17494, 1, 0, 0, 0, 0, 0, 0, 0, 48762, 0, 0, 0, 0, 0, 0, 0, 27404), -- 17494
(34005, 1, 0, 0, 0, 0, 0, 0, 0, 147238, 0, 0, 0, 0, 0, 0, 0, 27404), -- 34005
(33549, 1, 0, 0, 0, 0, 0, 0, 0, 143287, 0, 0, 0, 0, 0, 0, 0, 27404), -- 33549
(33999, 1, 0, 0, 0, 0, 0, 0, 0, 147236, 0, 0, 0, 0, 0, 0, 0, 27404), -- 33999
(33598, 1, 0, 0, 0, 0, 0, 0, 0, 143712, 0, 0, 0, 0, 0, 0, 0, 27404), -- 33598
(34004, 1, 0, 0, 0, 0, 0, 0, 0, 147235, 0, 0, 0, 0, 0, 0, 0, 27404), -- 34004
(34001, 1, 0, 0, 0, 0, 0, 0, 0, 147240, 0, 0, 0, 0, 0, 0, 0, 27404), -- 34001
(33550, 1, 0, 0, 0, 0, 0, 0, 0, 143290, 0, 0, 0, 0, 0, 0, 0, 27404), -- 33550
(34003, 1, 0, 0, 0, 0, 0, 0, 0, 147234, 0, 0, 0, 0, 0, 0, 0, 27404), -- 34003
(33868, 1, 1, 0, 0, 0, 0, 0, 0, 146448, 146449, 0, 0, 0, 0, 0, 0, 27404), -- 33868
(13584, 1, 0, 0, 0, 0, 0, 0, 0, 30361, 0, 0, 0, 0, 0, 0, 0, 27404), -- 13584
(14126, 1, 0, 0, 0, 0, 0, 0, 0, 32778, 0, 0, 0, 0, 0, 0, 0, 27404), -- 14126
(33885, 1, 0, 0, 0, 0, 0, 0, 0, 146522, 0, 0, 0, 0, 0, 0, 0, 27404), -- 33885
(33862, 1, 0, 0, 0, 0, 0, 0, 0, 146431, 0, 0, 0, 0, 0, 0, 0, 27404), -- 33862
(33998, 1, 0, 0, 0, 0, 0, 0, 0, 147237, 0, 0, 0, 0, 0, 0, 0, 27404), -- 33998
(16870, 100, 0, 0, 0, 0, 0, 0, 0, 45705, 0, 0, 0, 0, 0, 0, 0, 27404), -- 16870
(18046, 1, 0, 0, 0, 0, 0, 0, 0, 51896, 0, 0, 0, 0, 0, 0, 0, 27404), -- 18046
(2502, 0, 0, 1, 0, 0, 0, 0, 0, 4772, 4773, 50625, 0, 0, 0, 0, 0, 27404), -- 2502
(2503, 80, 20, 0, 0, 0, 0, 0, 0, 4774, 4775, 0, 0, 0, 0, 0, 0, 27404), -- 2503
(13888, 0, 1, 0, 0, 0, 0, 0, 0, 31558, 50625, 0, 0, 0, 0, 0, 0, 27404), -- 13888
(2513, 80, 20, 0, 0, 0, 0, 0, 0, 4778, 4779, 0, 0, 0, 0, 0, 0, 27404), -- 2513
(2515, 80, 20, 0, 0, 0, 0, 0, 0, 4782, 4783, 0, 0, 0, 0, 0, 0, 27404), -- 2515
(2516, 80, 20, 0, 0, 0, 0, 0, 0, 4784, 4785, 0, 0, 0, 0, 0, 0, 27404), -- 2516
(2518, 80, 20, 0, 0, 0, 0, 0, 0, 4788, 4789, 0, 0, 0, 0, 0, 0, 27404), -- 2518
(3173, 0, 1, 0, 0, 0, 0, 0, 0, 5516, 50625, 0, 0, 0, 0, 0, 0, 27404), -- 3173
(13311, 0, 1, 0, 0, 0, 0, 0, 0, 5517, 50625, 0, 0, 0, 0, 0, 0, 27404), -- 13311
(13310, 0, 1, 0, 0, 0, 0, 0, 0, 28606, 50626, 0, 0, 0, 0, 0, 0, 27404), -- 13310
(5974, 0, 0, 1, 0, 0, 0, 0, 0, 8509, 8510, 50625, 0, 0, 0, 0, 0, 27404), -- 5974
(17302, 1, 0, 0, 0, 0, 0, 0, 0, 47945, 0, 0, 0, 0, 0, 0, 0, 27404), -- 17302
(2497, 80, 20, 0, 0, 0, 0, 0, 0, 4761, 4762, 0, 0, 0, 0, 0, 0, 27404), -- 2497
(2594, 100, 0, 0, 0, 0, 0, 0, 0, 4858, 0, 0, 0, 0, 0, 0, 0, 27404), -- 2594
(31538, 1, 0, 0, 0, 0, 0, 0, 0, 129150, 0, 0, 0, 0, 0, 0, 0, 27404), -- 31538
(31537, 1, 0, 0, 0, 0, 0, 0, 0, 129146, 0, 0, 0, 0, 0, 0, 0, 27404), -- 31537
(31534, 1, 0, 0, 0, 0, 0, 0, 0, 129151, 0, 0, 0, 0, 0, 0, 0, 27404), -- 31534
(17203, 1, 0, 0, 0, 0, 0, 0, 0, 47513, 0, 0, 0, 0, 0, 0, 0, 27404), -- 17203
(31535, 1, 0, 0, 0, 0, 0, 0, 0, 129138, 0, 0, 0, 0, 0, 0, 0, 27404), -- 31535
(31536, 1, 0, 0, 0, 0, 0, 0, 0, 129144, 0, 0, 0, 0, 0, 0, 0, 27404), -- 31536
(31540, 1, 0, 0, 0, 0, 0, 0, 0, 129136, 0, 0, 0, 0, 0, 0, 0, 27404), -- 31540
(31539, 1, 0, 0, 0, 0, 0, 0, 0, 129135, 0, 0, 0, 0, 0, 0, 0, 27404), -- 31539
(31541, 1, 0, 0, 0, 0, 0, 0, 0, 129134, 0, 0, 0, 0, 0, 0, 0, 27404), -- 31541
(31545, 1, 0, 0, 0, 0, 0, 0, 0, 129161, 0, 0, 0, 0, 0, 0, 0, 27404), -- 31545
(7046, 80, 20, 0, 0, 0, 0, 0, 0, 9750, 9752, 0, 0, 0, 0, 0, 0, 27404), -- 7046
(17753, 1, 0, 0, 0, 0, 0, 0, 0, 50497, 0, 0, 0, 0, 0, 0, 0, 27404), -- 17753
(2557, 80, 20, 0, 0, 0, 0, 0, 0, 4801, 4802, 0, 0, 0, 0, 0, 0, 27404), -- 2557
(2556, 0, 1, 0, 0, 0, 0, 0, 0, 4799, 4800, 0, 0, 0, 0, 0, 0, 27404), -- 2556
(2555, 80, 20, 0, 0, 0, 0, 0, 0, 4797, 4798, 0, 0, 0, 0, 0, 0, 27404), -- 2555
(20033, 1, 1, 0, 0, 0, 0, 0, 0, 61833, 61834, 0, 0, 0, 0, 0, 0, 27404), -- 20033
(2565, 80, 20, 0, 0, 0, 0, 0, 0, 4817, 4818, 0, 0, 0, 0, 0, 0, 27404), -- 2565
(2564, 80, 20, 0, 0, 0, 0, 0, 0, 4815, 4816, 0, 0, 0, 0, 0, 0, 27404), -- 2564
(2563, 0, 0, 1, 0, 0, 0, 0, 0, 4813, 4814, 50625, 0, 0, 0, 0, 0, 27404), -- 2563
(2562, 0, 0, 1, 0, 0, 0, 0, 0, 4811, 4812, 50625, 0, 0, 0, 0, 0, 27404), -- 2562
(2561, 80, 20, 0, 0, 0, 0, 0, 0, 4809, 4810, 0, 0, 0, 0, 0, 0, 27404), -- 2561
(10843, 0, 1, 0, 0, 0, 0, 0, 0, 20975, 50625, 0, 0, 0, 0, 0, 0, 27404), -- 10843
(17303, 1, 0, 0, 0, 0, 0, 0, 0, 47946, 0, 0, 0, 0, 0, 0, 0, 27404), -- 17303
(2559, 80, 20, 0, 0, 0, 0, 0, 0, 4805, 4806, 0, 0, 0, 0, 0, 0, 27404), -- 2559
(17793, 1, 0, 0, 0, 0, 0, 0, 0, 50625, 0, 0, 0, 0, 0, 0, 0, 27404), -- 17793
(2599, 100, 0, 0, 0, 0, 0, 0, 0, 4878, 0, 0, 0, 0, 0, 0, 0, 27404), -- 2599
(10221, 1, 0, 0, 0, 0, 0, 0, 0, 18608, 0, 0, 0, 0, 0, 0, 0, 27404), -- 10221
(13889, 1, 0, 0, 0, 0, 0, 0, 0, 31559, 0, 0, 0, 0, 0, 0, 0, 27404), -- 13889
(17758, 1, 0, 0, 0, 0, 0, 0, 0, 50537, 0, 0, 0, 0, 0, 0, 0, 27404), -- 17758
(2554, 1, 0, 0, 0, 0, 0, 0, 0, 50545, 0, 0, 0, 0, 0, 0, 0, 27404), -- 2554
(17754, 1, 0, 0, 0, 0, 0, 0, 0, 50498, 0, 0, 0, 0, 0, 0, 0, 27404), -- 17754
(3075, 1, 0, 0, 0, 0, 0, 0, 0, 50501, 0, 0, 0, 0, 0, 0, 0, 27404), -- 3075
(17774, 1, 0, 0, 0, 0, 0, 0, 0, 50626, 0, 0, 0, 0, 0, 0, 0, 27404), -- 17774
(17204, 1, 0, 0, 0, 0, 0, 0, 0, 47515, 0, 0, 0, 0, 0, 0, 0, 27404), -- 17204
(21138, 1, 0, 0, 0, 0, 0, 0, 0, 67343, 0, 0, 0, 0, 0, 0, 0, 27404), -- 21138
(2593, 100, 0, 0, 0, 0, 0, 0, 0, 4857, 0, 0, 0, 0, 0, 0, 0, 27404); -- 2593

DELETE FROM gossip_menu_option WHERE MenuId = 1951 AND OptionIndex = 1; -- REMOVE THIS USELESS SHIT! should be the extra wierd transmog entry

-- start fixing the actual gossip actions now

DELETE FROM gossip_menu_option_action WHERE MenuId IN (1951, 12638, 12639, 1949, 12637, 12245, 9727, 1942);
INSERT INTO gossip_menu_option_action (`MenuId`, `OptionIndex`, `ActionMenuId`)VALUES
(1951, 0, 1845),
(1951, 2, 12246),
(1951, 3, 12246),
(1951, 4, 12638),
(12638, 1, 12628),
(12638, 0, 2403),
(12639, 1, 12627),
(12639, 0, 1901),
(1951, 5, 12639),
(1951, 6, 10018),
(1951, 7, 8224),
(1951, 8, 1949),
(1949, 0, 12654), -- druid
(1949, 1, 1906), -- hunter
(1949, 2, 12309), -- mage
(1949, 3, 12654), -- paladin
(1949, 4, 1908), -- priest
(1949, 5, 12654), -- shaman
(1949, 6, 12654), -- rogue
(1949, 7, 1911), -- warlock
(1949, 8, 1912), -- warrior
(1949, 9, 13863), -- monk
(1951, 9, 1902),
(1951, 10, 1903),
(1951, 11, 12637),
(12637, 1, 12626),
(12637, 0, 1904),
(1951, 12, 5882), -- officers lounge  sniff it
(1951, 13, 12245), -- other continents
(12245, 0, 20929),
(12245, 1, 20930),
(12245, 2, 20934),
(12245, 3, 20933),
(12245, 4, 20931),
(12245, 5, 17203),
(12245, 6, 20932),
(12245, 7, 20927),
(12245, 8, 20935),
(1951, 14, 1942),
(1951, 15, 12654),
(1951, 16, 9727),
(9727, 1, 12654),
(9727, 0, 12654),
(1942, 0, 1845),
(1942, 1, 12308),
(1942, 2, 1846),   
(1942, 3, 12654),
(1942, 4, 1862), 
(1942, 5, 12654),
(1942, 6, 12654),
(1942, 7, 1864),
(1942, 8, 12654),
(1942, 9, 12654),
(1942, 10, 12654),
(1942, 11, 12654),
(1942, 12, 1866),
(1942, 13, 1868),
(1942, 14, 12654),
(1942, 15, 1869),
(1942, 16, 1871);

DELETE FROM gossip_menu_option_trainer WHERE MenuId = 22125 AND TrainerId = 163;
DELETE FROM gossip_menu_option_trainer WHERE MenuId = 22114 AND TrainerId = 424;
INSERT INTO `gossip_menu_option_trainer` (`MenuId`, `TrainerId`) VALUES ('22125', '163');
INSERT INTO `gossip_menu_option_trainer` (`MenuId`, `TrainerId`) VALUES ('22114', '424');

-- missing creature_templates
DELETE FROM `creature_template` WHERE `entry` IN (141119, 135201, 141707, 139093, 134711, 140210, 137762, 135202, 140462);
INSERT INTO `creature_template` (`entry`, `KillCredit1`, `KillCredit2`, `modelid1`, `modelid2`, `modelid3`, `modelid4`, `name`, `femaleName`, `subname`, `TitleAlt`, `IconName`, `HealthScalingExpansion`, `RequiredExpansion`, `VignetteID`, `rank`, `family`, `type`, `type_flags`, `type_flags2`, `HealthModifier`, `ManaModifier`, `RacialLeader`, `movementId`, `VerifiedBuild`) VALUES
(135201, 0, 0, 11686, 0, 0, 0, 'Talk to Sylvanas', '', NULL, NULL, NULL, 7, 0, 0, 0, 0, 7, 1611661328, 6, 1, 1, 0, 0, 27404), -- 135201
(140462, 0, 0, 86688, 0, 0, 0, 'Hermf', '', NULL, NULL, NULL, 7, 0, 0, 0, 0, 7, 4096, 0, 1, 1, 0, 0, 27404), -- 140462
(141707, 0, 0, 34207, 34208, 34209, 34211, 'Darkspear Bat Rider', '', NULL, NULL, NULL, 7, 0, 0, 0, 0, 7, 0, 0, 1.5, 1, 0, 0, 27404), -- 141707
(139093, 0, 0, 1592, 0, 0, 0, 'Isabella', '', 'Mage Trainer', NULL, NULL, 0, 0, 0, 0, 0, 7, 0, 32768, 1, 1, 0, 0, 27404), -- 139093
(134711, 0, 0, 81857, 0, 0, 0, 'Lady Sylvanas Windrunner', '', 'Warchief', NULL, NULL, -1, 0, 0, 1, 0, 7, 76, 0, 1200, 20, 1, 0, 27404), -- 134711
(140210, 0, 0, 10906, 27823, 34252, 0, 'Portal to Undercity', '', NULL, NULL, NULL, 7, 0, 0, 1, 0, 10, 1611661392, 6, 1, 1, 0, 0, 27404), -- 140210
(137762, 0, 0, 11686, 0, 0, 0, 'Take a potion', '', NULL, NULL, NULL, 7, 0, 0, 0, 0, 7, 1611661328, 6, 1, 1, 0, 0, 27404), -- 137762
-- DONT DELETE THIS YET (141119, 0, 0, 27588, 27589, 27590, 27591, 27596, 27597, 27598, 27599, 1029, 1027, 2656, 3883, 2657, 4109, 4108, 4056, 4122, 7994, 7995, 15781, 15783, 3860, 2660, 2662, 2811, 4012, 2663, 4123, 4059, 4052, 2666, 4053, 2668, 4009, 16009, 3861, 2670, 3130, 2673, 2674, 2611, 3859, 4110, 2612, 2613, 15782, 2615, 2616, 4008, 2619, 7597, 9353, 2621, 10619, 2622, 2625, 2627, 2628, 2629, 6065, 5449, 2632, 2633, 2635, 4006, 4121, 2636, 2640, 2641, 2643, 10197, 6228, 4011, 3863, 2649, 8054, 11756, 2652, 2653, 10580, 2654, 2655, 'Forsaken Refugee', '', NULL, NULL, NULL, 7, 0, 0, 0, 0, 7, 0, 0, 1, 1, 0, 0, 27404), -- 141119
(141119, 0, 0, 27588, 27589, 27590, 27591, 'Forsaken Refugee', '', NULL, NULL, NULL, 7, 0, 0, 0, 0, 7, 0, 0, 1, 1, 0, 0, 27404), -- 141119
(135202, 0, 0, 11686, 0, 0, 0, 'Meet your team', '', NULL, NULL, NULL, 7, 0, 0, 0, 0, 7, 1611661328, 6, 1, 1, 0, 0, 27404); -- 135202

UPDATE creature_template SET unit_class = 1, faction = 35 WHERE entry = 135201;
UPDATE creature_template SET unit_class = 1, faction = 1835 WHERE entry = 141707;
UPDATE creature_template SET unit_class = 1, faction = 68 WHERE entry = 139093;
UPDATE creature_template SET unit_class = 1, faction = 118 WHERE entry = 134711;
UPDATE creature_template SET unit_class = 1, faction = 35 WHERE entry = 140210;
UPDATE creature_template SET unit_class = 1, faction = 35 WHERE entry = 137762;
UPDATE creature_template SET unit_class = 1, faction = 35 WHERE entry = 135202;
UPDATE creature_template SET unit_class = 1, faction = 2159 WHERE entry = 140462;
UPDATE creature_template SET unit_class = 1, faction = 68 WHERE entry = 141119;

DELETE FROM creature_addon WHERE guid IN (266070, 266097, 308264);
DELETE FROM gameobject_addon WHERE guid = 205573;

DELETE FROM `gossip_menu_option_action` WHERE (`MenuId`=1942 AND `OptionIndex`=0) OR (`MenuId`=1951 AND `OptionIndex`=14) OR (`MenuId`=1942 AND `OptionIndex`=1) OR (`MenuId`=1942 AND `OptionIndex`=2) OR (`MenuId`=1942 AND `OptionIndex`=3) OR (`MenuId`=1942 AND `OptionIndex`=4) OR (`MenuId`=1942 AND `OptionIndex`=5) OR (`MenuId`=1942 AND `OptionIndex`=6) OR (`MenuId`=1951 AND `OptionIndex`=13) OR (`MenuId`=1942 AND `OptionIndex`=7) OR (`MenuId`=1942 AND `OptionIndex`=8) OR (`MenuId`=1942 AND `OptionIndex`=9) OR (`MenuId`=1942 AND `OptionIndex`=10) OR (`MenuId`=1942 AND `OptionIndex`=11) OR (`MenuId`=1942 AND `OptionIndex`=12) OR (`MenuId`=1942 AND `OptionIndex`=13) OR (`MenuId`=1942 AND `OptionIndex`=14) OR (`MenuId`=1942 AND `OptionIndex`=15) OR (`MenuId`=1942 AND `OptionIndex`=16) OR (`MenuId`=1951 AND `OptionIndex`=15) OR (`MenuId`=9727 AND `OptionIndex`=1) OR (`MenuId`=1951 AND `OptionIndex`=16) OR (`MenuId`=9727 AND `OptionIndex`=0) OR (`MenuId`=12245 AND `OptionIndex`=8) OR (`MenuId`=12245 AND `OptionIndex`=7) OR (`MenuId`=12245 AND `OptionIndex`=6) OR (`MenuId`=12245 AND `OptionIndex`=5) OR (`MenuId`=12245 AND `OptionIndex`=4) OR (`MenuId`=12245 AND `OptionIndex`=3) OR (`MenuId`=12245 AND `OptionIndex`=2) OR (`MenuId`=12245 AND `OptionIndex`=1) OR (`MenuId`=12245 AND `OptionIndex`=0) OR (`MenuId`=1951 AND `OptionIndex`=12) OR (`MenuId`=12637 AND `OptionIndex`=1) OR (`MenuId`=1951 AND `OptionIndex`=11) OR (`MenuId`=12637 AND `OptionIndex`=0) OR (`MenuId`=1951 AND `OptionIndex`=10) OR (`MenuId`=1951 AND `OptionIndex`=9) OR (`MenuId`=1949 AND `OptionIndex`=9) OR (`MenuId`=1951 AND `OptionIndex`=8) OR (`MenuId`=1949 AND `OptionIndex`=8) OR (`MenuId`=1949 AND `OptionIndex`=7) OR (`MenuId`=1949 AND `OptionIndex`=6) OR (`MenuId`=1949 AND `OptionIndex`=5) OR (`MenuId`=1949 AND `OptionIndex`=4) OR (`MenuId`=1949 AND `OptionIndex`=3) OR (`MenuId`=1949 AND `OptionIndex`=2) OR (`MenuId`=1949 AND `OptionIndex`=1) OR (`MenuId`=1949 AND `OptionIndex`=0) OR (`MenuId`=1951 AND `OptionIndex`=7) OR (`MenuId`=1951 AND `OptionIndex`=6) OR (`MenuId`=1951 AND `OptionIndex`=5) OR (`MenuId`=12639 AND `OptionIndex`=1) OR (`MenuId`=1951 AND `OptionIndex`=4) OR (`MenuId`=12638 AND `OptionIndex`=0) OR (`MenuId`=12639 AND `OptionIndex`=0) OR (`MenuId`=1951 AND `OptionIndex`=3) OR (`MenuId`=1951 AND `OptionIndex`=2) OR (`MenuId`=1951 AND `OptionIndex`=0);
INSERT INTO `gossip_menu_option_action` (`MenuId`, `OptionIndex`, `ActionMenuId`, `ActionPoiId`) VALUES
(1942, 0, 1845, 279),
(1951, 14, 1942, 0),
(1942, 1, 12308, 2524),
(1942, 2, 1846, 280),
(1942, 3, 1861, 281),
(1942, 4, 1862, 282),
(1942, 5, 1981, 307),
(1942, 6, 1863, 283),
(1951, 13, 12245, 0),
(1942, 7, 1864, 284),
(1942, 8, 12654, 2637),
(1942, 9, 1865, 285),
(1942, 10, 10017, 2277),
(1942, 11, 12654, 2639),
(1942, 12, 1866, 287),
(1942, 13, 1868, 288),
(1942, 14, 12654, 2638),
(1942, 15, 1869, 287),
(1942, 16, 1871, 289),
(1951, 15, 4902, 848),
(9727, 1, 9726, 2104),
(1951, 16, 9727, 0),
(9727, 0, 2481, 827),
(12245, 8, 20935, 5223),
(12245, 7, 20927, 5225),
(12245, 6, 20932, 5222),
(12245, 5, 20928, 2517),
(12245, 4, 20931, 5219),
(12245, 3, 20933, 5224),
(12245, 2, 20934, 5221),
(12245, 1, 20930, 5220),
(12245, 0, 20929, 5218),
(1951, 12, 5882, 1468),
(12637, 1, 12626, 270),
(1951, 11, 12637, 0),
(12637, 0, 1904, 2512),
(1951, 10, 1903, 269),
(1951, 9, 1902, 268),
(1949, 9, 13863, 2768),
(1951, 8, 1949, 0),
(1949, 8, 1912, 275),
(1949, 7, 1911, 278),
(1949, 6, 1910, 277),
(1949, 5, 1909, 2546),
(1949, 4, 1908, 2551),
(1949, 3, 8644, 2544),
(1949, 2, 12309, 2525),
(1949, 1, 1906, 272),
(1949, 0, 12654, 2547),
(1951, 7, 8224, 2012),
(1951, 6, 10018, 2276),
(1951, 5, 12638, 0),
(12639, 1, 12628, 2513),
(1951, 4, 12639, 0),
(12638, 0, 1901, 267),
(12639, 0, 2403, 347),
(1951, 3, 12246, 2527),
(1951, 2, 12246, 2527),
(1951, 0, 14951, 2888);

DELETE FROM `points_of_interest` WHERE `ID` IN (279, 2524, 280, 281, 282, 307, 283, 284, 2637, 285, 2277, 2639, 287, 288, 2636, 289, 848, 2104, 827, 5223, 
5225, 5222, 2517, 5219, 5224, 5221, 5220, 5218, 1468, 270, 2638, 2512, 269, 268, 2768, 275, 278, 277, 2546, 2551, 2544, 2525, 272, 2547, 2012, 2276, 2513, 267, 347, 2527, 2888);
INSERT INTO `points_of_interest` (`ID`, `PositionX`, `PositionY`, `Icon`, `Flags`, `Importance`, `Name`, `VerifiedBuild`) VALUES
(279, 1946.59, -4472.42, 7, 99, 0, 'Orgrimmar Alchemy', 27481),
(2524, 1668.48, -4359.67, 7, 99, 0, 'Orgrimmar Archaeology', 27481),
(280, 2077.391, -4807.912, 7, 99, 0, 'The Burning Anvil', 27481),
(281, 1773.28, -4493.09, 7, 99, 0, 'Orgrimmar Cooking', 27481),
(282, 1926.54, -4430.92, 7, 99, 0, 'Orgrimmar Enchanting', 27481),
(307, 1833.67, -4497.54, 7, 99, 0, 'Orgrimmar Engineering', 27481),
(283, 1484.66, -4176.12, 7, 99, 0, 'Survival of the Fittest', 27481),
(284, 2000.15, -4664.54, 7, 99, 0, 'Orgrimmar Fishing', 27481),
(2637, 1799.538, -4357.022, 7, 99, 0, 'Orgrimmar Flying Trainer', 27481),
(285, 1896.35, -4450.83, 7, 99, 0, 'Orgrimmar Herbalism', 27481),
(2277, 1842.33, -4477.9, 7, 99, 0, 'Orgrimmar Inscription', 27481),
(2639, 2088.818, -4767.181, 7, 99, 0, 'Orgrimmar Jewelcrafting', 27481),
(287, 1848, -4555.32, 7, 99, 0, 'Orgrimmar Leatherworking', 27481),
(288, 2081.972, -4764.094, 7, 99, 0, 'Orgrimmar Mining', 27481),
(2638, 2085.344, -4572.828, 7, 99, 0, 'Orgrimmar Riding Trainer', 27481),
(289, 1803.03, -4547.34, 7, 99, 0, 'Orgrimmar Tailoring', 27481),
(848, 2077.635, -4587.134, 7, 99, 0, 'Orgrimmar Stable Master', 27481),
(2104, 1738.83, -4280.79, 7, 99, 0, 'Orgrimmar Western Zeppelin Tower', 27481),
(827, 1843.63, -4394.62, 7, 99, 0, 'Orgrimmar Eastern Zeppelin Tower', 27481),
(5223, 1763.15, -4295.4, 7, 99, 0, 'Orgrimmar Portal to Dalaran', 27481),
(5225, 1773.77, -4328.87, 7, 99, 0, 'Orgrimmar Portal to Blasted Lands', 27481),
(5222, 2014.46, -4699.16, 7, 99, 0, 'Orgrimmar Portal to Honeydew Village', 27481),
(2517, 2047.94, -4377.4, 7, 99, 0, 'Orgrimmar Cataclysm Portals', 27481),
(5219, 1760.66, -4281.79, 7, 99, 0, 'Orgrimmar Zeppelin to Borean Tundra', 27481),
(5224, 1791.43, -4280.63, 7, 99, 0, 'Orgrimmar Portal to Hellfire Peninsula', 27481),
(5221, 1867.04, -4416.05, 7, 99, 0, 'Orgrimmar Zeppelin to Stranglethorn Vale', 27481),
(5220, 1843.47, -4393.98, 7, 99, 0, 'Orgrimmar Zeppelin to Tirisfal Glades', 27481),
(5218, 1738.75, -4259.86, 7, 99, 0, 'Orgrimmar Zeppelin to Thunder Bluff', 27481),
(1468, 1650.37, -4225.17, 7, 99, 0, 'Orgrimmar Hall of Legends', 27481),
(270, 1918.094, -4730.686, 7, 99, 0, 'Orgrimmar Inn', 27481),
(2512, 1572.304, -4436.325, 7, 99, 0, 'Orgrimmar Inn', 27481),
(269, 1611.974, -4345.156, 7, 99, 0, 'Horde Embassy', 27481),
(268, 1800.22, -4369.74, 7, 99, 0, 'Orgrimmar Flight Master', 27481),
(2768, 2023.557, -4704.186, 7, 99, 0, 'Orgrimmar Monk Trainer', 27481),
(275, 1962.52, -4766.58, 7, 99, 0, 'Orgrimmar Warrior Trainer', 27481),
(278, 1849.58, -4359.69, 7, 99, 0, 'Darkfire Enclave', 27481),
(277, 1773.39, -4278.97, 7, 99, 0, 'Shadowswift Brotherhood', 27481),
(2546, 1884.111, -4282.452, 7, 99, 0, 'Orgrimmar Shaman Trainer', 27481),
(2551, 1664.37, -4361.8, 7, 99, 0, 'Orgrimmar Priest Trainer', 27481),
(2544, 1863.972, -4292.818, 7, 99, 0, 'Orgrimmar Paladin Trainer', 27481),
(2525, 1767.12, -4343.18, 7, 99, 0, 'Orgrimmar Mage Trainer', 27481),
(272, 2109.26, -4630.1, 7, 99, 0, 'Orgrimmar Hunter Trainer', 27481),
(2547, 1888.885, -4285.238, 7, 99, 0, 'Orgrimmar Druid Trainer', 27481),
(2012, 1961.85, -4801.29, 7, 99, 0, 'Orgrimmar Battlemasters', 27481),
(2276, 1782.49, -4212.75, 7, 99, 0, 'Orgrimmar Barber', 27481),
(2513, 2041.32, -4674.58, 7, 99, 0, 'Orgrimmar Auction House', 27481),
(267, 1537.41, -4364.21, 7, 99, 0, 'Orgrimmar Bank', 27481),
(347, 1617.56, -4425.31, 7, 99, 0, 'Orgrimmar Auction House', 27481),
(2527, 1731.276, -4510.059, 7, 99, 0, 'Orgrimmar Ethereals', 27481),
(2888, 1799.408, -4420.585, 7, 99, 0, 'Orgrimmar Battle Pet Trainer', 27481);
